image,video,video_id,frame,time_s,t,progress,stage,pred_progress,pred_stage,stage_prob,abs_err_pp
v1_000000.jpg,video1.mp4,1,0,0.0,0.0,0.0,0,0.0302,0,0.955,3.02
v1_000001.jpg,video1.mp4,1,1,0.04,0.000689,0.000689,0,0.0292,0,0.9566,2.85
v1_000002.jpg,video1.mp4,1,2,0.08,0.001377,0.001377,0,0.0309,0,0.9555,2.95
v1_000004.jpg,video1.mp4,1,4,0.16,0.002755,0.002755,0,0.0313,0,0.9552,2.85
v1_000005.jpg,video1.mp4,1,5,0.2,0.003444,0.003444,0,0.03,0,0.9543,2.66
v1_000006.jpg,video1.mp4,1,6,0.24,0.004132,0.004132,0,0.0276,0,0.9588,2.35
v1_000007.jpg,video1.mp4,1,7,0.28,0.004821,0.004821,0,0.0295,0,0.9566,2.47
v1_000008.jpg,video1.mp4,1,8,0.32,0.00551,0.00551,0,0.0306,0,0.956,2.51
v1_000010.jpg,video1.mp4,1,10,0.4,0.006887,0.006887,0,0.0308,0,0.9543,2.39
v1_000011.jpg,video1.mp4,1,11,0.44,0.007576,0.007576,0,0.0318,0,0.9512,2.42
v1_000012.jpg,video1.mp4,1,12,0.48,0.008264,0.008264,0,0.0307,0,0.9529,2.24
v1_000013.jpg,video1.mp4,1,13,0.52,0.008953,0.008953,0,0.0272,0,0.9601,1.82
v1_000015.jpg,video1.mp4,1,15,0.6,0.010331,0.010331,0,0.0293,0,0.9542,1.9
v1_000016.jpg,video1.mp4,1,16,0.64,0.011019,0.011019,0,0.0316,0,0.9554,2.06
v1_000017.jpg,video1.mp4,1,17,0.68,0.011708,0.011708,0,0.0307,0,0.9576,1.9
v1_000018.jpg,video1.mp4,1,18,0.72,0.012397,0.012397,0,0.0326,0,0.9554,2.02
v1_000019.jpg,video1.mp4,1,19,0.76,0.013085,0.013085,0,0.032,0,0.9551,1.89
v1_000021.jpg,video1.mp4,1,21,0.84,0.014463,0.014463,0,0.0274,0,0.9606,1.29
v1_000022.jpg,video1.mp4,1,22,0.88,0.015152,0.015152,0,0.0289,0,0.9585,1.37
v1_000023.jpg,video1.mp4,1,23,0.92,0.01584,0.01584,0,0.0264,0,0.9615,1.06
v1_000024.jpg,video1.mp4,1,24,0.96,0.016529,0.016529,0,0.0261,0,0.9616,0.96
v1_000025.jpg,video1.mp4,1,25,1.0,0.017218,0.017218,0,0.0241,0,0.9637,0.69
v1_000027.jpg,video1.mp4,1,27,1.08,0.018595,0.018595,0,0.0248,0,0.9638,0.62
v1_000028.jpg,video1.mp4,1,28,1.12,0.019284,0.019284,0,0.0232,0,0.9646,0.39
v1_000029.jpg,video1.mp4,1,29,1.16,0.019972,0.019972,0,0.0244,0,0.9631,0.44
v1_000030.jpg,video1.mp4,1,30,1.2,0.020661,0.020661,0,0.0241,0,0.9624,0.34
v1_000031.jpg,video1.mp4,1,31,1.24,0.02135,0.02135,0,0.0235,0,0.9621,0.21
v1_000033.jpg,video1.mp4,1,33,1.32,0.022727,0.022727,0,0.0253,0,0.962,0.26
v1_000034.jpg,video1.mp4,1,34,1.36,0.023416,0.023416,0,0.0249,0,0.9594,0.15
v1_000035.jpg,video1.mp4,1,35,1.4,0.024105,0.024105,0,0.0239,0,0.964,0.02
v1_000036.jpg,video1.mp4,1,36,1.44,0.024793,0.024793,0,0.0258,0,0.9618,0.1
v1_000038.jpg,video1.mp4,1,38,1.52,0.026171,0.026171,0,0.0278,0,0.9594,0.16
v1_000039.jpg,video1.mp4,1,39,1.56,0.02686,0.02686,0,0.0279,0,0.961,0.1
v1_000040.jpg,video1.mp4,1,40,1.6,0.027548,0.027548,0,0.0272,0,0.9616,0.03
v1_000041.jpg,video1.mp4,1,41,1.64,0.028237,0.028237,0,0.027,0,0.9626,0.12
v1_000042.jpg,video1.mp4,1,42,1.68,0.028926,0.028926,0,0.0284,0,0.9599,0.05
v1_000044.jpg,video1.mp4,1,44,1.76,0.030303,0.030303,0,0.027,0,0.9643,0.33
v1_000045.jpg,video1.mp4,1,45,1.8,0.030992,0.030992,0,0.0271,0,0.9649,0.39
v1_000046.jpg,video1.mp4,1,46,1.84,0.03168,0.03168,0,0.0278,0,0.9616,0.39
v1_000047.jpg,video1.mp4,1,47,1.88,0.032369,0.032369,0,0.0239,0,0.9677,0.85
v1_000048.jpg,video1.mp4,1,48,1.92,0.033058,0.033058,0,0.0235,0,0.9716,0.96
v1_000050.jpg,video1.mp4,1,50,2.0,0.034435,0.034435,0,0.0265,0,0.9683,0.79
v1_000051.jpg,video1.mp4,1,51,2.04,0.035124,0.035124,0,0.0281,0,0.9687,0.7
v1_000052.jpg,video1.mp4,1,52,2.08,0.035813,0.035813,0,0.0286,0,0.968,0.72
v1_000053.jpg,video1.mp4,1,53,2.12,0.036501,0.036501,0,0.0303,0,0.9681,0.62
v1_000054.jpg,video1.mp4,1,54,2.16,0.03719,0.03719,0,0.0323,0,0.967,0.49
v1_000056.jpg,video1.mp4,1,56,2.24,0.038567,0.038567,0,0.0333,0,0.9663,0.53
v1_000057.jpg,video1.mp4,1,57,2.28,0.039256,0.039256,0,0.0327,0,0.9664,0.66
v1_000058.jpg,video1.mp4,1,58,2.32,0.039945,0.039945,0,0.0357,0,0.9681,0.42
v1_000059.jpg,video1.mp4,1,59,2.36,0.040634,0.040634,0,0.0524,0,0.9605,1.18
v1_000061.jpg,video1.mp4,1,61,2.44,0.042011,0.042011,0,0.0536,0,0.9614,1.16
v1_000062.jpg,video1.mp4,1,62,2.48,0.0427,0.0427,0,0.0525,0,0.9605,0.98
v1_000063.jpg,video1.mp4,1,63,2.52,0.043388,0.043388,0,0.0541,0,0.9556,1.07
v1_000064.jpg,video1.mp4,1,64,2.56,0.044077,0.044077,0,0.0542,0,0.9563,1.01
v1_000065.jpg,video1.mp4,1,65,2.6,0.044766,0.044766,0,0.0514,0,0.959,0.66
v1_000067.jpg,video1.mp4,1,67,2.68,0.046143,0.046143,0,0.0593,0,0.9588,1.32
v1_000068.jpg,video1.mp4,1,68,2.72,0.046832,0.046832,0,0.0563,0,0.9591,0.95
v1_000069.jpg,video1.mp4,1,69,2.76,0.047521,0.047521,0,0.0598,0,0.9611,1.23
v1_000070.jpg,video1.mp4,1,70,2.8,0.048209,0.048209,0,0.0569,0,0.9625,0.87
v1_000071.jpg,video1.mp4,1,71,2.84,0.048898,0.048898,0,0.0549,0,0.9593,0.6
v1_000073.jpg,video1.mp4,1,73,2.92,0.050275,0.050275,0,0.0342,0,0.9695,1.61
v1_000074.jpg,video1.mp4,1,74,2.96,0.050964,0.050964,0,0.0364,0,0.9676,1.46
v1_000075.jpg,video1.mp4,1,75,3.0,0.051653,0.051653,0,0.0352,0,0.9697,1.65
v1_000076.jpg,video1.mp4,1,76,3.04,0.052342,0.052342,0,0.0367,0,0.9686,1.56
v1_000078.jpg,video1.mp4,1,78,3.12,0.053719,0.053719,0,0.0369,0,0.9681,1.68
v1_000079.jpg,video1.mp4,1,79,3.16,0.054408,0.054408,0,0.0431,0,0.9632,1.13
v1_000080.jpg,video1.mp4,1,80,3.2,0.055096,0.055096,0,0.0423,0,0.9615,1.28
v1_000081.jpg,video1.mp4,1,81,3.24,0.055785,0.055785,0,0.0458,0,0.9568,1.0
v1_000082.jpg,video1.mp4,1,82,3.28,0.056474,0.056474,0,0.0433,0,0.9571,1.32
v1_000084.jpg,video1.mp4,1,84,3.36,0.057851,0.057851,0,0.0439,0,0.9613,1.4
v1_000085.jpg,video1.mp4,1,85,3.4,0.05854,0.05854,0,0.0461,0,0.9608,1.24
v1_000086.jpg,video1.mp4,1,86,3.44,0.059229,0.059229,0,0.0477,0,0.9587,1.15
v1_000087.jpg,video1.mp4,1,87,3.48,0.059917,0.059917,0,0.0471,0,0.957,1.28
v1_000088.jpg,video1.mp4,1,88,3.52,0.060606,0.060606,0,0.0484,0,0.9612,1.22
v1_000090.jpg,video1.mp4,1,90,3.6,0.061983,0.061983,0,0.0427,0,0.961,1.93
v1_000091.jpg,video1.mp4,1,91,3.64,0.062672,0.062672,0,0.0423,0,0.961,2.04
v1_000092.jpg,video1.mp4,1,92,3.68,0.063361,0.063361,0,0.0434,0,0.9644,2.0
v1_000093.jpg,video1.mp4,1,93,3.72,0.06405,0.06405,0,0.0473,0,0.9617,1.68
v1_000094.jpg,video1.mp4,1,94,3.76,0.064738,0.064738,0,0.0469,0,0.9635,1.78
v1_000096.jpg,video1.mp4,1,96,3.84,0.066116,0.066116,0,0.0515,0,0.9557,1.46
v1_000097.jpg,video1.mp4,1,97,3.88,0.066804,0.066804,0,0.0533,0,0.9587,1.35
v1_000098.jpg,video1.mp4,1,98,3.92,0.067493,0.067493,0,0.078,0,0.9563,1.05
v1_000099.jpg,video1.mp4,1,99,3.96,0.068182,0.068182,0,0.0821,0,0.9611,1.39
v1_000101.jpg,video1.mp4,1,101,4.04,0.069559,0.069559,0,0.0943,0,0.9685,2.47
v1_000102.jpg,video1.mp4,1,102,4.08,0.070248,0.070248,0,0.0951,0,0.9698,2.49
v1_000103.jpg,video1.mp4,1,103,4.12,0.070937,0.070937,0,0.0927,0,0.9706,2.18
v1_000104.jpg,video1.mp4,1,104,4.16,0.071625,0.071625,0,0.0932,0,0.9707,2.16
v1_000105.jpg,video1.mp4,1,105,4.2,0.072314,0.072314,0,0.0918,0,0.9728,1.95
v1_000107.jpg,video1.mp4,1,107,4.28,0.073691,0.073691,0,0.0982,0,0.9703,2.45
v1_000108.jpg,video1.mp4,1,108,4.32,0.07438,0.07438,0,0.0988,0,0.9669,2.44
v1_000109.jpg,video1.mp4,1,109,4.36,0.075069,0.075069,0,0.1006,0,0.9677,2.55
v1_000110.jpg,video1.mp4,1,110,4.4,0.075758,0.075758,0,0.1012,0,0.9681,2.54
v1_000111.jpg,video1.mp4,1,111,4.44,0.076446,0.076446,0,0.0989,0,0.9713,2.25
v1_000113.jpg,video1.mp4,1,113,4.52,0.077824,0.077824,0,0.1031,0,0.97,2.53
v1_000114.jpg,video1.mp4,1,114,4.56,0.078512,0.078512,0,0.1012,0,0.9727,2.27
v1_000115.jpg,video1.mp4,1,115,4.6,0.079201,0.079201,0,0.0986,0,0.9723,1.94
v1_000116.jpg,video1.mp4,1,116,4.64,0.07989,0.07989,0,0.0925,0,0.9751,1.26
v1_000117.jpg,video1.mp4,1,117,4.68,0.080579,0.080579,0,0.0948,0,0.975,1.42
v1_000119.jpg,video1.mp4,1,119,4.76,0.081956,0.081956,0,0.1081,0,0.9687,2.61
v1_000120.jpg,video1.mp4,1,120,4.8,0.082645,0.082645,0,0.1058,0,0.9681,2.32
v1_000121.jpg,video1.mp4,1,121,4.84,0.083333,0.083333,0,0.1067,0,0.9708,2.34
v1_000122.jpg,video1.mp4,1,122,4.88,0.084022,0.084022,0,0.1012,0,0.9697,1.72
v1_000124.jpg,video1.mp4,1,124,4.96,0.085399,0.085399,0,0.0995,0,0.9685,1.41
v1_000125.jpg,video1.mp4,1,125,5.0,0.086088,0.086088,0,0.1035,0,0.968,1.74
v1_000126.jpg,video1.mp4,1,126,5.04,0.086777,0.086777,0,0.0977,0,0.9704,1.09
v1_000127.jpg,video1.mp4,1,127,5.08,0.087466,0.087466,0,0.1008,0,0.9699,1.33
v1_000128.jpg,video1.mp4,1,128,5.12,0.088154,0.088154,0,0.0984,0,0.9704,1.02
v1_000130.jpg,video1.mp4,1,130,5.2,0.089532,0.089532,0,0.0884,0,0.9695,0.11
v1_000131.jpg,video1.mp4,1,131,5.24,0.09022,0.09022,0,0.0875,0,0.972,0.27
v1_000132.jpg,video1.mp4,1,132,5.28,0.090909,0.090909,0,0.0881,0,0.9716,0.28
v1_000133.jpg,video1.mp4,1,133,5.32,0.091598,0.091598,0,0.0864,0,0.9712,0.52
v1_000134.jpg,video1.mp4,1,134,5.36,0.092287,0.092287,0,0.0794,0,0.968,1.29
v1_000136.jpg,video1.mp4,1,136,5.44,0.093664,0.093664,0,0.1091,0,0.9691,1.54
v1_000137.jpg,video1.mp4,1,137,5.48,0.094353,0.094353,0,0.0956,0,0.9732,0.12
v1_000138.jpg,video1.mp4,1,138,5.52,0.095041,0.095041,0,0.0933,0,0.975,0.17
v1_000139.jpg,video1.mp4,1,139,5.56,0.09573,0.09573,0,0.0976,0,0.9747,0.19
v1_000140.jpg,video1.mp4,1,140,5.6,0.096419,0.096419,0,0.0922,0,0.975,0.42
v1_000142.jpg,video1.mp4,1,142,5.68,0.097796,0.097796,0,0.0938,0,0.9763,0.4
v1_000143.jpg,video1.mp4,1,143,5.72,0.098485,0.098485,0,0.1105,0,0.96,1.2
v1_000144.jpg,video1.mp4,1,144,5.76,0.099174,0.099174,0,0.1174,0,0.9379,1.82
v1_000145.jpg,video1.mp4,1,145,5.8,0.099862,0.099862,0,0.1146,0,0.9487,1.47
v1_000147.jpg,video1.mp4,1,147,5.88,0.10124,0.10124,0,0.1172,0,0.9452,1.6
v1_000148.jpg,video1.mp4,1,148,5.92,0.101928,0.101928,0,0.1343,0,0.8838,3.24
v1_000149.jpg,video1.mp4,1,149,5.96,0.102617,0.102617,0,0.1279,0,0.9266,2.53
v1_000150.jpg,video1.mp4,1,150,6.0,0.103306,0.103306,0,0.1315,0,0.8912,2.82
v1_000151.jpg,video1.mp4,1,151,6.04,0.103994,0.103994,0,0.1298,0,0.8952,2.58
v1_000153.jpg,video1.mp4,1,153,6.12,0.105372,0.105372,0,0.1279,0,0.925,2.25
v1_000154.jpg,video1.mp4,1,154,6.16,0.106061,0.106061,0,0.1235,0,0.9509,1.74
v1_000155.jpg,video1.mp4,1,155,6.2,0.106749,0.106749,0,0.1206,0,0.9327,1.39
v1_000156.jpg,video1.mp4,1,156,6.24,0.107438,0.107438,0,0.1166,0,0.9599,0.92
v1_000157.jpg,video1.mp4,1,157,6.28,0.108127,0.108127,0,0.1128,0,0.9614,0.47
v1_000159.jpg,video1.mp4,1,159,6.36,0.109504,0.109504,0,0.1079,0,0.9686,0.16
v1_000160.jpg,video1.mp4,1,160,6.4,0.110193,0.110193,0,0.1082,0,0.9661,0.2
v1_000161.jpg,video1.mp4,1,161,6.44,0.110882,0.110882,0,0.1019,0,0.968,0.9
v1_000162.jpg,video1.mp4,1,162,6.48,0.11157,0.11157,0,0.1007,0,0.9676,1.09
v1_000163.jpg,video1.mp4,1,163,6.52,0.112259,0.112259,0,0.0962,0,0.9633,1.61
v1_000165.jpg,video1.mp4,1,165,6.6,0.113636,0.113636,0,0.1016,0,0.9655,1.2
v1_000166.jpg,video1.mp4,1,166,6.64,0.114325,0.114325,0,0.1051,0,0.9672,0.92
v1_000167.jpg,video1.mp4,1,167,6.68,0.115014,0.115014,0,0.112,0,0.9643,0.3
v1_000168.jpg,video1.mp4,1,168,6.72,0.115702,0.115702,0,0.1191,0,0.9596,0.34
v1_000170.jpg,video1.mp4,1,170,6.8,0.11708,0.11708,0,0.1033,0,0.9671,1.38
v1_000171.jpg,video1.mp4,1,171,6.84,0.117769,0.117769,0,0.108,0,0.9684,0.98
v1_000172.jpg,video1.mp4,1,172,6.88,0.118457,0.118457,0,0.1093,0,0.9666,0.92
v1_000173.jpg,video1.mp4,1,173,6.92,0.119146,0.119146,0,0.1059,0,0.9679,1.32
v1_000174.jpg,video1.mp4,1,174,6.96,0.119835,0.119835,0,0.1101,0,0.9653,0.97
v1_000176.jpg,video1.mp4,1,176,7.04,0.121212,0.121212,0,0.1097,0,0.9644,1.15
v1_000177.jpg,video1.mp4,1,177,7.08,0.121901,0.121901,0,0.1126,0,0.9621,0.93
v1_000178.jpg,video1.mp4,1,178,7.12,0.12259,0.12259,0,0.1154,0,0.955,0.72
v1_000179.jpg,video1.mp4,1,179,7.16,0.123278,0.123278,0,0.1144,0,0.9544,0.89
v1_000180.jpg,video1.mp4,1,180,7.2,0.123967,0.123967,0,0.1196,0,0.9529,0.44
v1_000182.jpg,video1.mp4,1,182,7.28,0.125344,0.125344,0,0.1413,0,0.9461,1.6
v1_000183.jpg,video1.mp4,1,183,7.32,0.126033,0.126033,0,0.1398,0,0.9479,1.38
v1_000184.jpg,video1.mp4,1,184,7.36,0.126722,0.126722,0,0.135,0,0.9525,0.83
v1_000185.jpg,video1.mp4,1,185,7.4,0.12741,0.12741,0,0.1425,0,0.9478,1.51
v1_000186.jpg,video1.mp4,1,186,7.44,0.128099,0.128099,0,0.133,0,0.9537,0.49
v1_000188.jpg,video1.mp4,1,188,7.52,0.129477,0.129477,0,0.1269,0,0.9582,0.26
v1_000189.jpg,video1.mp4,1,189,7.56,0.130165,0.130165,0,0.1264,0,0.9569,0.38
v1_000190.jpg,video1.mp4,1,190,7.6,0.130854,0.130854,0,0.1282,0,0.9557,0.27
v1_000191.jpg,video1.mp4,1,191,7.64,0.131543,0.131543,0,0.1265,0,0.9569,0.5
v1_000193.jpg,video1.mp4,1,193,7.72,0.13292,0.13292,0,0.1169,0,0.9623,1.6
v1_000194.jpg,video1.mp4,1,194,7.76,0.133609,0.133609,0,0.1159,0,0.9627,1.77
v1_000195.jpg,video1.mp4,1,195,7.8,0.134298,0.134298,0,0.1208,0,0.9592,1.35
v1_000196.jpg,video1.mp4,1,196,7.84,0.134986,0.134986,0,0.1294,0,0.9365,0.56
v1_000197.jpg,video1.mp4,1,197,7.88,0.135675,0.135675,0,0.1307,0,0.9392,0.5
v1_000199.jpg,video1.mp4,1,199,7.96,0.137052,0.137052,0,0.1274,0,0.9574,0.97
v1_000200.jpg,video1.mp4,1,200,8.0,0.137741,0.137741,0,0.1293,0,0.9548,0.84
v1_000201.jpg,video1.mp4,1,201,8.04,0.13843,0.13843,0,0.1319,0,0.943,0.65
v1_000202.jpg,video1.mp4,1,202,8.08,0.139118,0.139118,0,0.1336,0,0.9418,0.55
v1_000203.jpg,video1.mp4,1,203,8.12,0.139807,0.139807,0,0.1265,0,0.9512,1.33
v1_000205.jpg,video1.mp4,1,205,8.2,0.141185,0.141185,0,0.1307,0,0.9483,1.05
v1_000206.jpg,video1.mp4,1,206,8.24,0.141873,0.141873,0,0.134,0,0.9487,0.79
v1_000207.jpg,video1.mp4,1,207,8.28,0.142562,0.142562,0,0.1383,0,0.9449,0.43
v1_000208.jpg,video1.mp4,1,208,8.32,0.143251,0.143251,0,0.1411,0,0.942,0.22
v1_000210.jpg,video1.mp4,1,210,8.4,0.144628,0.144628,0,0.1358,0,0.9475,0.88
v1_000211.jpg,video1.mp4,1,211,8.44,0.145317,0.145317,0,0.1324,0,0.9491,1.29
v1_000212.jpg,video1.mp4,1,212,8.48,0.146006,0.146006,0,0.151,0,0.9334,0.5
v1_000213.jpg,video1.mp4,1,213,8.52,0.146694,0.146694,0,0.1537,0,0.8967,0.7
v1_000214.jpg,video1.mp4,1,214,8.56,0.147383,0.147383,0,0.1535,0,0.8991,0.61
v1_000216.jpg,video1.mp4,1,216,8.64,0.14876,0.14876,0,0.1458,0,0.8709,0.3
v1_000217.jpg,video1.mp4,1,217,8.68,0.149449,0.149449,0,0.1525,1,0.6306,0.31
v1_000218.jpg,video1.mp4,1,218,8.72,0.150138,0.150138,1,0.1502,1,0.5295,0.01
v1_000219.jpg,video1.mp4,1,219,8.76,0.150826,0.150826,1,0.149,1,0.7623,0.18
v1_000220.jpg,video1.mp4,1,220,8.8,0.151515,0.151515,1,0.1529,1,0.9246,0.14
v1_000222.jpg,video1.mp4,1,222,8.88,0.152893,0.152893,1,0.1454,1,0.9047,0.75
v1_000223.jpg,video1.mp4,1,223,8.92,0.153581,0.153581,1,0.1523,1,0.9584,0.13
v1_000224.jpg,video1.mp4,1,224,8.96,0.15427,0.15427,1,0.1511,1,0.9166,0.32
v1_000225.jpg,video1.mp4,1,225,9.0,0.154959,0.154959,1,0.1453,1,0.8342,0.97
v1_000226.jpg,video1.mp4,1,226,9.04,0.155647,0.155647,1,0.1516,1,0.9492,0.4
v1_000228.jpg,video1.mp4,1,228,9.12,0.157025,0.157025,1,0.1561,1,0.9684,0.09
v1_000229.jpg,video1.mp4,1,229,9.16,0.157713,0.157713,1,0.1506,1,0.9743,0.71
v1_000230.jpg,video1.mp4,1,230,9.2,0.158402,0.158402,1,0.1552,1,0.9675,0.32
v1_000231.jpg,video1.mp4,1,231,9.24,0.159091,0.159091,1,0.153,1,0.9696,0.61
v1_000233.jpg,video1.mp4,1,233,9.32,0.160468,0.160468,1,0.1552,1,0.9691,0.53
v1_000234.jpg,video1.mp4,1,234,9.36,0.161157,0.161157,1,0.1534,1,0.9768,0.78
v1_000235.jpg,video1.mp4,1,235,9.4,0.161846,0.161846,1,0.1587,1,0.9833,0.31
v1_000236.jpg,video1.mp4,1,236,9.44,0.162534,0.162534,1,0.1577,1,0.9758,0.48
v1_000237.jpg,video1.mp4,1,237,9.48,0.163223,0.163223,1,0.1605,1,0.9749,0.27
v1_000239.jpg,video1.mp4,1,239,9.56,0.164601,0.164601,1,0.1617,1,0.9746,0.29
v1_000240.jpg,video1.mp4,1,240,9.6,0.165289,0.165289,1,0.1628,1,0.9785,0.25
v1_000241.jpg,video1.mp4,1,241,9.64,0.165978,0.165978,1,0.1679,1,0.9673,0.19
v1_000242.jpg,video1.mp4,1,242,9.68,0.166667,0.166667,1,0.1698,1,0.9627,0.31
v1_000243.jpg,video1.mp4,1,243,9.72,0.167355,0.167355,1,0.1719,1,0.9671,0.45
v1_000245.jpg,video1.mp4,1,245,9.8,0.168733,0.168733,1,0.1785,1,0.9548,0.98
v1_000246.jpg,video1.mp4,1,246,9.84,0.169421,0.169421,1,0.1745,1,0.9374,0.51
v1_000247.jpg,video1.mp4,1,247,9.88,0.17011,0.17011,1,0.17,1,0.9648,0.01
v1_000248.jpg,video1.mp4,1,248,9.92,0.170799,0.170799,1,0.1672,1,0.9632,0.36
v1_000249.jpg,video1.mp4,1,249,9.96,0.171488,0.171488,1,0.1711,1,0.9452,0.04
v1_000251.jpg,video1.mp4,1,251,10.04,0.172865,0.172865,1,0.1723,1,0.9299,0.06
v1_000252.jpg,video1.mp4,1,252,10.08,0.173554,0.173554,1,0.1727,1,0.9426,0.09
v1_000253.jpg,video1.mp4,1,253,10.12,0.174242,0.174242,1,0.1798,1,0.9125,0.56
v1_000254.jpg,video1.mp4,1,254,10.16,0.174931,0.174931,1,0.1681,1,0.7775,0.68
v1_000256.jpg,video1.mp4,1,256,10.24,0.176309,0.176309,1,0.1771,1,0.9394,0.08
v1_000257.jpg,video1.mp4,1,257,10.28,0.176997,0.176997,1,0.178,1,0.9535,0.1
v1_000258.jpg,video1.mp4,1,258,10.32,0.177686,0.177686,1,0.1818,1,0.9573,0.41
v1_000259.jpg,video1.mp4,1,259,10.36,0.178375,0.178375,1,0.1832,1,0.9651,0.48
v1_000260.jpg,video1.mp4,1,260,10.4,0.179063,0.179063,1,0.189,1,0.9758,0.99
v1_000262.jpg,video1.mp4,1,262,10.48,0.180441,0.180441,1,0.1983,1,0.9584,1.79
v1_000263.jpg,video1.mp4,1,263,10.52,0.181129,0.181129,1,0.1993,1,0.9507,1.82
v1_000264.jpg,video1.mp4,1,264,10.56,0.181818,0.181818,1,0.2007,1,0.9605,1.89
v1_000265.jpg,video1.mp4,1,265,10.6,0.182507,0.182507,1,0.2019,1,0.9592,1.94
v1_000266.jpg,video1.mp4,1,266,10.64,0.183196,0.183196,1,0.2025,1,0.9545,1.93
v1_000268.jpg,video1.mp4,1,268,10.72,0.184573,0.184573,1,0.1998,1,0.9695,1.52
v1_000269.jpg,video1.mp4,1,269,10.76,0.185262,0.185262,1,0.199,1,0.973,1.37
v1_000270.jpg,video1.mp4,1,270,10.8,0.18595,0.18595,1,0.2039,1,0.9767,1.79
v1_000271.jpg,video1.mp4,1,271,10.84,0.186639,0.186639,1,0.2038,1,0.975,1.72
v1_000272.jpg,video1.mp4,1,272,10.88,0.187328,0.187328,1,0.2004,1,0.9782,1.31
v1_000274.jpg,video1.mp4,1,274,10.96,0.188705,0.188705,1,0.1958,1,0.9778,0.71
v1_000275.jpg,video1.mp4,1,275,11.0,0.189394,0.189394,1,0.1935,1,0.9731,0.41
v1_000276.jpg,video1.mp4,1,276,11.04,0.190083,0.190083,1,0.1934,1,0.9734,0.33
v1_000277.jpg,video1.mp4,1,277,11.08,0.190771,0.190771,1,0.1898,1,0.9719,0.1
v1_000279.jpg,video1.mp4,1,279,11.16,0.192149,0.192149,1,0.1938,1,0.9502,0.17
v1_000280.jpg,video1.mp4,1,280,11.2,0.192837,0.192837,1,0.1945,1,0.9472,0.17
v1_000281.jpg,video1.mp4,1,281,11.24,0.193526,0.193526,1,0.2019,1,0.9578,0.84
v1_000282.jpg,video1.mp4,1,282,11.28,0.194215,0.194215,1,0.2119,1,0.9559,1.77
v1_000283.jpg,video1.mp4,1,283,11.32,0.194904,0.194904,1,0.2083,1,0.9699,1.34
v1_000285.jpg,video1.mp4,1,285,11.4,0.196281,0.196281,1,0.2072,1,0.972,1.09
v1_000286.jpg,video1.mp4,1,286,11.44,0.19697,0.19697,1,0.2064,1,0.9697,0.94
v1_000287.jpg,video1.mp4,1,287,11.48,0.197658,0.197658,1,0.2128,1,0.9463,1.51
v1_000288.jpg,video1.mp4,1,288,11.52,0.198347,0.198347,1,0.2116,1,0.9525,1.33
v1_000289.jpg,video1.mp4,1,289,11.56,0.199036,0.199036,1,0.2116,1,0.964,1.26
v1_000291.jpg,video1.mp4,1,291,11.64,0.200413,0.200413,1,0.2161,1,0.9518,1.57
v1_000292.jpg,video1.mp4,1,292,11.68,0.201102,0.201102,1,0.2179,1,0.9502,1.68
v1_000293.jpg,video1.mp4,1,293,11.72,0.201791,0.201791,1,0.215,1,0.9401,1.32
v1_000294.jpg,video1.mp4,1,294,11.76,0.202479,0.202479,1,0.235,1,0.9451,3.25
v1_000295.jpg,video1.mp4,1,295,11.8,0.203168,0.203168,1,0.2339,1,0.9531,3.07
v1_000297.jpg,video1.mp4,1,297,11.88,0.204545,0.204545,1,0.2379,1,0.9382,3.34
v1_000298.jpg,video1.mp4,1,298,11.92,0.205234,0.205234,1,0.2252,1,0.9715,2.0
v1_000299.jpg,video1.mp4,1,299,11.96,0.205923,0.205923,1,0.2027,1,0.9857,0.32
v1_000300.jpg,video1.mp4,1,300,12.0,0.206612,0.206612,1,0.192,1,0.9846,1.46
v1_000302.jpg,video1.mp4,1,302,12.08,0.207989,0.207989,1,0.1882,1,0.9831,1.98
v1_000303.jpg,video1.mp4,1,303,12.12,0.208678,0.208678,1,0.1937,1,0.9818,1.5
v1_000304.jpg,video1.mp4,1,304,12.16,0.209366,0.209366,1,0.195,1,0.9709,1.44
v1_000305.jpg,video1.mp4,1,305,12.2,0.210055,0.210055,1,0.1962,1,0.9636,1.39
v1_000306.jpg,video1.mp4,1,306,12.24,0.210744,0.210744,1,0.1977,1,0.9738,1.3
v1_000308.jpg,video1.mp4,1,308,12.32,0.212121,0.212121,1,0.1986,1,0.9727,1.35
v1_000309.jpg,video1.mp4,1,309,12.36,0.21281,0.21281,1,0.1949,1,0.9669,1.79
v1_000310.jpg,video1.mp4,1,310,12.4,0.213499,0.213499,1,0.1996,1,0.9484,1.39
v1_000311.jpg,video1.mp4,1,311,12.44,0.214187,0.214187,1,0.2114,1,0.9545,0.28
v1_000312.jpg,video1.mp4,1,312,12.48,0.214876,0.214876,1,0.216,1,0.9364,0.11
v1_000314.jpg,video1.mp4,1,314,12.56,0.216253,0.216253,1,0.2119,1,0.961,0.44
v1_000315.jpg,video1.mp4,1,315,12.6,0.216942,0.216942,1,0.2163,1,0.9623,0.06
v1_000316.jpg,video1.mp4,1,316,12.64,0.217631,0.217631,1,0.2072,1,0.9705,1.04
v1_000317.jpg,video1.mp4,1,317,12.68,0.21832,0.21832,1,0.2078,1,0.9809,1.05
v1_000318.jpg,video1.mp4,1,318,12.72,0.219008,0.219008,1,0.2096,1,0.9818,0.94
v1_000320.jpg,video1.mp4,1,320,12.8,0.220386,0.220386,1,0.2055,1,0.9746,1.49
v1_000321.jpg,video1.mp4,1,321,12.84,0.221074,0.221074,1,0.2051,1,0.9786,1.6
v1_000322.jpg,video1.mp4,1,322,12.88,0.221763,0.221763,1,0.2073,1,0.9796,1.45
v1_000323.jpg,video1.mp4,1,323,12.92,0.222452,0.222452,1,0.2158,1,0.9698,0.67
v1_000325.jpg,video1.mp4,1,325,13.0,0.223829,0.223829,1,0.2214,1,0.9585,0.24
v1_000326.jpg,video1.mp4,1,326,13.04,0.224518,0.224518,1,0.2221,1,0.9502,0.24
v1_000327.jpg,video1.mp4,1,327,13.08,0.225207,0.225207,1,0.2263,1,0.9707,0.11
v1_000328.jpg,video1.mp4,1,328,13.12,0.225895,0.225895,1,0.227,1,0.9698,0.11
v1_000329.jpg,video1.mp4,1,329,13.16,0.226584,0.226584,1,0.23,1,0.9699,0.34
v1_000331.jpg,video1.mp4,1,331,13.24,0.227961,0.227961,1,0.2389,1,0.9773,1.09
v1_000332.jpg,video1.mp4,1,332,13.28,0.22865,0.22865,1,0.2354,1,0.9777,0.68
v1_000333.jpg,video1.mp4,1,333,13.32,0.229339,0.229339,1,0.2363,1,0.9789,0.7
v1_000334.jpg,video1.mp4,1,334,13.36,0.230028,0.230028,1,0.2392,1,0.9803,0.92
v1_000335.jpg,video1.mp4,1,335,13.4,0.230716,0.230716,1,0.2447,1,0.9784,1.4
v1_000337.jpg,video1.mp4,1,337,13.48,0.232094,0.232094,1,0.2406,1,0.9833,0.85
v1_000338.jpg,video1.mp4,1,338,13.52,0.232782,0.232782,1,0.2462,1,0.978,1.34
v1_000339.jpg,video1.mp4,1,339,13.56,0.233471,0.233471,1,0.247,1,0.9811,1.35
v1_000340.jpg,video1.mp4,1,340,13.6,0.23416,0.23416,1,0.246,1,0.9825,1.18
v1_000342.jpg,video1.mp4,1,342,13.68,0.235537,0.235537,1,0.2558,1,0.9816,2.03
v1_000343.jpg,video1.mp4,1,343,13.72,0.236226,0.236226,1,0.247,1,0.9819,1.08
v1_000344.jpg,video1.mp4,1,344,13.76,0.236915,0.236915,1,0.2436,1,0.9839,0.67
v1_000345.jpg,video1.mp4,1,345,13.8,0.237603,0.237603,1,0.2411,1,0.9881,0.35
v1_000346.jpg,video1.mp4,1,346,13.84,0.238292,0.238292,1,0.2391,1,0.989,0.08
v1_000348.jpg,video1.mp4,1,348,13.92,0.239669,0.239669,1,0.245,1,0.9847,0.53
v1_000349.jpg,video1.mp4,1,349,13.96,0.240358,0.240358,1,0.2412,1,0.9865,0.08
v1_000350.jpg,video1.mp4,1,350,14.0,0.241047,0.241047,1,0.2394,1,0.9865,0.16
v1_000351.jpg,video1.mp4,1,351,14.04,0.241736,0.241736,1,0.2379,1,0.9871,0.38
v1_000352.jpg,video1.mp4,1,352,14.08,0.242424,0.242424,1,0.2396,1,0.987,0.28
v1_000354.jpg,video1.mp4,1,354,14.16,0.243802,0.243802,1,0.2495,1,0.9784,0.57
v1_000355.jpg,video1.mp4,1,355,14.2,0.24449,0.24449,1,0.2473,1,0.9795,0.28
v1_000356.jpg,video1.mp4,1,356,14.24,0.245179,0.245179,1,0.2467,1,0.9777,0.15
v1_000357.jpg,video1.mp4,1,357,14.28,0.245868,0.245868,1,0.2496,1,0.9778,0.37
v1_000358.jpg,video1.mp4,1,358,14.32,0.246556,0.246556,1,0.2501,1,0.9775,0.35
v1_000360.jpg,video1.mp4,1,360,14.4,0.247934,0.247934,1,0.2556,1,0.975,0.77
v1_000361.jpg,video1.mp4,1,361,14.44,0.248623,0.248623,1,0.2555,1,0.973,0.69
v1_000362.jpg,video1.mp4,1,362,14.48,0.249311,0.249311,1,0.2649,1,0.9592,1.56
v1_000363.jpg,video1.mp4,1,363,14.52,0.25,0.25,1,0.2634,1,0.9608,1.34
v1_000365.jpg,video1.mp4,1,365,14.6,0.251377,0.251377,1,0.2642,1,0.9527,1.28
v1_000366.jpg,video1.mp4,1,366,14.64,0.252066,0.252066,1,0.2637,1,0.9546,1.16
v1_000367.jpg,video1.mp4,1,367,14.68,0.252755,0.252755,1,0.2636,1,0.9537,1.08
v1_000368.jpg,video1.mp4,1,368,14.72,0.253444,0.253444,1,0.2664,1,0.9566,1.3
v1_000369.jpg,video1.mp4,1,369,14.76,0.254132,0.254132,1,0.2642,1,0.9609,1.01
v1_000371.jpg,video1.mp4,1,371,14.84,0.25551,0.25551,1,0.2558,1,0.9708,0.03
v1_000372.jpg,video1.mp4,1,372,14.88,0.256198,0.256198,1,0.2533,1,0.9756,0.29
v1_000373.jpg,video1.mp4,1,373,14.92,0.256887,0.256887,1,0.2561,1,0.9736,0.08
v1_000374.jpg,video1.mp4,1,374,14.96,0.257576,0.257576,1,0.2559,1,0.9728,0.17
v1_000375.jpg,video1.mp4,1,375,15.0,0.258264,0.258264,1,0.2534,1,0.978,0.49
v1_000377.jpg,video1.mp4,1,377,15.08,0.259642,0.259642,1,0.2546,1,0.9805,0.5
v1_000378.jpg,video1.mp4,1,378,15.12,0.260331,0.260331,1,0.2534,1,0.9817,0.69
v1_000379.jpg,video1.mp4,1,379,15.16,0.261019,0.261019,1,0.2486,1,0.9833,1.24
v1_000380.jpg,video1.mp4,1,380,15.2,0.261708,0.261708,1,0.2545,1,0.9793,0.72
v1_000381.jpg,video1.mp4,1,381,15.24,0.262397,0.262397,1,0.2561,1,0.9791,0.63
v1_000383.jpg,video1.mp4,1,383,15.32,0.263774,0.263774,1,0.2524,1,0.9835,1.14
v1_000384.jpg,video1.mp4,1,384,15.36,0.264463,0.264463,1,0.2558,1,0.9795,0.87
v1_000385.jpg,video1.mp4,1,385,15.4,0.265152,0.265152,1,0.2613,1,0.9737,0.39
v1_000386.jpg,video1.mp4,1,386,15.44,0.26584,0.26584,1,0.2628,1,0.9699,0.3
v1_000388.jpg,video1.mp4,1,388,15.52,0.267218,0.267218,1,0.2623,1,0.9717,0.49
v1_000389.jpg,video1.mp4,1,389,15.56,0.267906,0.267906,1,0.259,1,0.9759,0.89
v1_000390.jpg,video1.mp4,1,390,15.6,0.268595,0.268595,1,0.2634,1,0.9712,0.52
v1_000391.jpg,video1.mp4,1,391,15.64,0.269284,0.269284,1,0.2679,1,0.9601,0.14
v1_000392.jpg,video1.mp4,1,392,15.68,0.269972,0.269972,1,0.2718,1,0.9511,0.18
v1_000394.jpg,video1.mp4,1,394,15.76,0.27135,0.27135,1,0.2653,1,0.9654,0.6
v1_000395.jpg,video1.mp4,1,395,15.8,0.272039,0.272039,1,0.2657,1,0.9648,0.63
v1_000396.jpg,video1.mp4,1,396,15.84,0.272727,0.272727,1,0.2655,1,0.9685,0.72
v1_000397.jpg,video1.mp4,1,397,15.88,0.273416,0.273416,1,0.2674,1,0.9631,0.6
v1_000398.jpg,video1.mp4,1,398,15.92,0.274105,0.274105,1,0.2664,1,0.9692,0.77
v1_000400.jpg,video1.mp4,1,400,16.0,0.275482,0.275482,1,0.2687,1,0.9654,0.68
v1_000401.jpg,video1.mp4,1,401,16.04,0.276171,0.276171,1,0.2665,1,0.9669,0.97
v1_000402.jpg,video1.mp4,1,402,16.08,0.27686,0.27686,1,0.2648,1,0.9713,1.21
v1_000403.jpg,video1.mp4,1,403,16.12,0.277548,0.277548,1,0.2609,1,0.9763,1.66
v1_000404.jpg,video1.mp4,1,404,16.16,0.278237,0.278237,1,0.262,1,0.9755,1.62
v1_000406.jpg,video1.mp4,1,406,16.24,0.279614,0.279614,1,0.2688,1,0.9649,1.08
v1_000407.jpg,video1.mp4,1,407,16.28,0.280303,0.280303,1,0.272,1,0.9612,0.83
v1_000408.jpg,video1.mp4,1,408,16.32,0.280992,0.280992,1,0.2718,1,0.9637,0.92
v1_000409.jpg,video1.mp4,1,409,16.36,0.28168,0.28168,1,0.2754,1,0.9524,0.63
v1_000411.jpg,video1.mp4,1,411,16.44,0.283058,0.283058,1,0.2794,1,0.9392,0.37
v1_000412.jpg,video1.mp4,1,412,16.48,0.283747,0.283747,1,0.2789,1,0.935,0.48
v1_000413.jpg,video1.mp4,1,413,16.52,0.284435,0.284435,1,0.2786,1,0.9499,0.58
v1_000414.jpg,video1.mp4,1,414,16.56,0.285124,0.285124,1,0.2768,1,0.9552,0.83
v1_000415.jpg,video1.mp4,1,415,16.6,0.285813,0.285813,1,0.2793,1,0.9527,0.65
v1_000417.jpg,video1.mp4,1,417,16.68,0.28719,0.28719,1,0.2807,1,0.9349,0.65
v1_000418.jpg,video1.mp4,1,418,16.72,0.287879,0.287879,1,0.2728,1,0.9697,1.51
v1_000419.jpg,video1.mp4,1,419,16.76,0.288567,0.288567,1,0.2778,1,0.9594,1.08
v1_000420.jpg,video1.mp4,1,420,16.8,0.289256,0.289256,1,0.2767,1,0.9439,1.26
v1_000421.jpg,video1.mp4,1,421,16.84,0.289945,0.289945,1,0.2846,1,0.8644,0.53
v1_000423.jpg,video1.mp4,1,423,16.92,0.291322,0.291322,1,0.2864,1,0.8687,0.49
v1_000424.jpg,video1.mp4,1,424,16.96,0.292011,0.292011,1,0.2887,1,0.8439,0.33
v1_000425.jpg,video1.mp4,1,425,17.0,0.2927,0.2927,1,0.2849,1,0.8741,0.78
v1_000426.jpg,video1.mp4,1,426,17.04,0.293388,0.293388,1,0.2837,1,0.9013,0.97
v1_000427.jpg,video1.mp4,1,427,17.08,0.294077,0.294077,1,0.2881,1,0.8367,0.6
v1_000429.jpg,video1.mp4,1,429,17.16,0.295455,0.295455,1,0.2885,1,0.8145,0.7
v1_000430.jpg,video1.mp4,1,430,17.2,0.296143,0.296143,1,0.2841,1,0.8922,1.2
v1_000431.jpg,video1.mp4,1,431,17.24,0.296832,0.296832,1,0.2845,1,0.8923,1.23
v1_000432.jpg,video1.mp4,1,432,17.28,0.297521,0.297521,1,0.2845,1,0.8941,1.3
v1_000434.jpg,video1.mp4,1,434,17.36,0.298898,0.298898,1,0.2957,1,0.6708,0.32
v1_000435.jpg,video1.mp4,1,435,17.4,0.299587,0.299587,1,0.2962,1,0.6246,0.34
v1_000436.jpg,video1.mp4,1,436,17.44,0.300275,0.300275,2,0.2938,1,0.6034,0.65
v1_000437.jpg,video1.mp4,1,437,17.48,0.300964,0.300964,2,0.2981,2,0.5148,0.29
v1_000438.jpg,video1.mp4,1,438,17.52,0.301653,0.301653,2,0.3002,2,0.4914,0.15
v1_000440.jpg,video1.mp4,1,440,17.6,0.30303,0.30303,2,0.303,2,0.6285,0.0
v1_000441.jpg,video1.mp4,1,441,17.64,0.303719,0.303719,2,0.3061,2,0.7185,0.24
v1_000442.jpg,video1.mp4,1,442,17.68,0.304408,0.304408,2,0.307,2,0.7911,0.26
v1_000443.jpg,video1.mp4,1,443,17.72,0.305096,0.305096,2,0.3084,2,0.825,0.33
v1_000444.jpg,video1.mp4,1,444,17.76,0.305785,0.305785,2,0.3098,2,0.803,0.4
v1_000446.jpg,video1.mp4,1,446,17.84,0.307163,0.307163,2,0.3098,2,0.7992,0.26
v1_000447.jpg,video1.mp4,1,447,17.88,0.307851,0.307851,2,0.3086,2,0.8286,0.07
v1_000448.jpg,video1.mp4,1,448,17.92,0.30854,0.30854,2,0.3122,2,0.8541,0.37
v1_000449.jpg,video1.mp4,1,449,17.96,0.309229,0.309229,2,0.31,2,0.8674,0.08
v1_000450.jpg,video1.mp4,1,450,18.0,0.309917,0.309917,2,0.3107,2,0.8489,0.08
v1_000452.jpg,video1.mp4,1,452,18.08,0.311295,0.311295,2,0.3111,2,0.8644,0.02
v1_000453.jpg,video1.mp4,1,453,18.12,0.311983,0.311983,2,0.3198,2,0.9319,0.78
v1_000454.jpg,video1.mp4,1,454,18.16,0.312672,0.312672,2,0.3066,2,0.9208,0.61
v1_000455.jpg,video1.mp4,1,455,18.2,0.313361,0.313361,2,0.3046,2,0.9098,0.88
v1_000457.jpg,video1.mp4,1,457,18.28,0.314738,0.314738,2,0.3155,2,0.9404,0.08
v1_000458.jpg,video1.mp4,1,458,18.32,0.315427,0.315427,2,0.3114,2,0.9383,0.4
v1_000459.jpg,video1.mp4,1,459,18.36,0.316116,0.316116,2,0.315,2,0.9472,0.11
v1_000460.jpg,video1.mp4,1,460,18.4,0.316804,0.316804,2,0.3257,2,0.9502,0.89
v1_000461.jpg,video1.mp4,1,461,18.44,0.317493,0.317493,2,0.3229,2,0.9529,0.54
v1_000463.jpg,video1.mp4,1,463,18.52,0.318871,0.318871,2,0.3252,2,0.9556,0.63
v1_000464.jpg,video1.mp4,1,464,18.56,0.319559,0.319559,2,0.3484,2,0.9631,2.88
v1_000465.jpg,video1.mp4,1,465,18.6,0.320248,0.320248,2,0.3342,2,0.9644,1.4
v1_000466.jpg,video1.mp4,1,466,18.64,0.320937,0.320937,2,0.3365,2,0.9647,1.56
v1_000467.jpg,video1.mp4,1,467,18.68,0.321625,0.321625,2,0.3387,2,0.9643,1.71
v1_000469.jpg,video1.mp4,1,469,18.76,0.323003,0.323003,2,0.3519,2,0.9674,2.89
v1_000470.jpg,video1.mp4,1,470,18.8,0.323691,0.323691,2,0.3515,2,0.9689,2.78
v1_000471.jpg,video1.mp4,1,471,18.84,0.32438,0.32438,2,0.3682,2,0.9684,4.38
v1_000472.jpg,video1.mp4,1,472,18.88,0.325069,0.325069,2,0.3543,2,0.9704,2.92
v1_000474.jpg,video1.mp4,1,474,18.96,0.326446,0.326446,2,0.3554,2,0.968,2.9
v1_000475.jpg,video1.mp4,1,475,19.0,0.327135,0.327135,2,0.3754,2,0.972,4.83
v1_000476.jpg,video1.mp4,1,476,19.04,0.327824,0.327824,2,0.3573,2,0.9675,2.95
v1_000477.jpg,video1.mp4,1,477,19.08,0.328512,0.328512,2,0.3624,2,0.9662,3.39
v1_000478.jpg,video1.mp4,1,478,19.12,0.329201,0.329201,2,0.3615,2,0.9681,3.23
v1_000480.jpg,video1.mp4,1,480,19.2,0.330579,0.330579,2,0.3545,2,0.9664,2.39
v1_000481.jpg,video1.mp4,1,481,19.24,0.331267,0.331267,2,0.3479,2,0.9672,1.66
v1_000482.jpg,video1.mp4,1,482,19.28,0.331956,0.331956,2,0.3419,2,0.9657,0.99
v1_000483.jpg,video1.mp4,1,483,19.32,0.332645,0.332645,2,0.3467,2,0.9656,1.41
v1_000484.jpg,video1.mp4,1,484,19.36,0.333333,0.333333,2,0.3644,2,0.9542,3.11
v1_000486.jpg,video1.mp4,1,486,19.44,0.334711,0.334711,2,0.3567,2,0.9561,2.2
v1_000487.jpg,video1.mp4,1,487,19.48,0.335399,0.335399,2,0.3508,2,0.9576,1.54
v1_000488.jpg,video1.mp4,1,488,19.52,0.336088,0.336088,2,0.3485,2,0.9572,1.24
v1_000489.jpg,video1.mp4,1,489,19.56,0.336777,0.336777,2,0.35,2,0.9594,1.32
v1_000490.jpg,video1.mp4,1,490,19.6,0.337466,0.337466,2,0.3518,2,0.9579,1.43
v1_000492.jpg,video1.mp4,1,492,19.68,0.338843,0.338843,2,0.3544,2,0.9577,1.56
v1_000493.jpg,video1.mp4,1,493,19.72,0.339532,0.339532,2,0.3513,2,0.9588,1.18
v1_000494.jpg,video1.mp4,1,494,19.76,0.34022,0.34022,2,0.3601,2,0.9645,1.99
v1_000495.jpg,video1.mp4,1,495,19.8,0.340909,0.340909,2,0.3578,2,0.9651,1.69
v1_000497.jpg,video1.mp4,1,497,19.88,0.342287,0.342287,2,0.3581,2,0.965,1.58
v1_000498.jpg,video1.mp4,1,498,19.92,0.342975,0.342975,2,0.3607,2,0.967,1.77
v1_000499.jpg,video1.mp4,1,499,19.96,0.343664,0.343664,2,0.3535,2,0.9683,0.98
v1_000500.jpg,video1.mp4,1,500,20.0,0.344353,0.344353,2,0.3519,2,0.9684,0.75
v1_000501.jpg,video1.mp4,1,501,20.04,0.345041,0.345041,2,0.3502,2,0.9688,0.52
v1_000503.jpg,video1.mp4,1,503,20.12,0.346419,0.346419,2,0.349,2,0.9686,0.26
v1_000504.jpg,video1.mp4,1,504,20.16,0.347107,0.347107,2,0.3509,2,0.9701,0.38
v1_000505.jpg,video1.mp4,1,505,20.2,0.347796,0.347796,2,0.3488,2,0.9698,0.1
v1_000506.jpg,video1.mp4,1,506,20.24,0.348485,0.348485,2,0.3478,2,0.9702,0.07
v1_000507.jpg,video1.mp4,1,507,20.28,0.349174,0.349174,2,0.3532,2,0.9716,0.4
v1_000509.jpg,video1.mp4,1,509,20.36,0.350551,0.350551,2,0.3468,2,0.9722,0.38
v1_000510.jpg,video1.mp4,1,510,20.4,0.35124,0.35124,2,0.3521,2,0.9733,0.09
v1_000511.jpg,video1.mp4,1,511,20.44,0.351928,0.351928,2,0.3485,2,0.9717,0.34
v1_000512.jpg,video1.mp4,1,512,20.48,0.352617,0.352617,2,0.3488,2,0.9696,0.38
v1_000513.jpg,video1.mp4,1,513,20.52,0.353306,0.353306,2,0.3444,2,0.9688,0.89
v1_000515.jpg,video1.mp4,1,515,20.6,0.354683,0.354683,2,0.348,2,0.969,0.67
v1_000516.jpg,video1.mp4,1,516,20.64,0.355372,0.355372,2,0.348,2,0.9694,0.74
v1_000517.jpg,video1.mp4,1,517,20.68,0.356061,0.356061,2,0.3507,2,0.9695,0.54
v1_000518.jpg,video1.mp4,1,518,20.72,0.356749,0.356749,2,0.3462,2,0.9681,1.05
v1_000520.jpg,video1.mp4,1,520,20.8,0.358127,0.358127,2,0.3472,2,0.9645,1.09
v1_000521.jpg,video1.mp4,1,521,20.84,0.358815,0.358815,2,0.3469,2,0.9656,1.19
v1_000522.jpg,video1.mp4,1,522,20.88,0.359504,0.359504,2,0.3583,2,0.9672,0.12
v1_000523.jpg,video1.mp4,1,523,20.92,0.360193,0.360193,2,0.364,2,0.9674,0.38
v1_000524.jpg,video1.mp4,1,524,20.96,0.360882,0.360882,2,0.3667,2,0.9672,0.58
v1_000526.jpg,video1.mp4,1,526,21.04,0.362259,0.362259,2,0.3677,2,0.9684,0.54
v1_000527.jpg,video1.mp4,1,527,21.08,0.362948,0.362948,2,0.3778,2,0.963,1.49
v1_000528.jpg,video1.mp4,1,528,21.12,0.363636,0.363636,2,0.3781,2,0.9654,1.45
v1_000529.jpg,video1.mp4,1,529,21.16,0.364325,0.364325,2,0.3782,2,0.9665,1.39
v1_000530.jpg,video1.mp4,1,530,21.2,0.365014,0.365014,2,0.379,2,0.9659,1.4
v1_000532.jpg,video1.mp4,1,532,21.28,0.366391,0.366391,2,0.3796,2,0.9679,1.32
v1_000533.jpg,video1.mp4,1,533,21.32,0.36708,0.36708,2,0.3765,2,0.9678,0.94
v1_000534.jpg,video1.mp4,1,534,21.36,0.367769,0.367769,2,0.3785,2,0.9689,1.07
v1_000535.jpg,video1.mp4,1,535,21.4,0.368457,0.368457,2,0.3791,2,0.9691,1.06
v1_000536.jpg,video1.mp4,1,536,21.44,0.369146,0.369146,2,0.379,2,0.9696,0.99
v1_000538.jpg,video1.mp4,1,538,21.52,0.370523,0.370523,2,0.3749,2,0.9691,0.44
v1_000539.jpg,video1.mp4,1,539,21.56,0.371212,0.371212,2,0.3735,2,0.9684,0.23
v1_000540.jpg,video1.mp4,1,540,21.6,0.371901,0.371901,2,0.3745,2,0.9684,0.26
v1_000541.jpg,video1.mp4,1,541,21.64,0.37259,0.37259,2,0.389,2,0.9689,1.64
v1_000543.jpg,video1.mp4,1,543,21.72,0.373967,0.373967,2,0.3886,2,0.9677,1.46
v1_000544.jpg,video1.mp4,1,544,21.76,0.374656,0.374656,2,0.3879,2,0.9664,1.32
v1_000545.jpg,video1.mp4,1,545,21.8,0.375344,0.375344,2,0.3889,2,0.9661,1.36
v1_000546.jpg,video1.mp4,1,546,21.84,0.376033,0.376033,2,0.3882,2,0.9659,1.22
v1_000547.jpg,video1.mp4,1,547,21.88,0.376722,0.376722,2,0.3884,2,0.9656,1.17
v1_000549.jpg,video1.mp4,1,549,21.96,0.378099,0.378099,2,0.3856,2,0.967,0.75
v1_000550.jpg,video1.mp4,1,550,22.0,0.378788,0.378788,2,0.383,2,0.9671,0.42
v1_000551.jpg,video1.mp4,1,551,22.04,0.379477,0.379477,2,0.3838,2,0.9653,0.43
v1_000552.jpg,video1.mp4,1,552,22.08,0.380165,0.380165,2,0.3828,2,0.9663,0.26
v1_000553.jpg,video1.mp4,1,553,22.12,0.380854,0.380854,2,0.3819,2,0.9666,0.1
v1_000555.jpg,video1.mp4,1,555,22.2,0.382231,0.382231,2,0.3893,2,0.9575,0.71
v1_000556.jpg,video1.mp4,1,556,22.24,0.38292,0.38292,2,0.3884,2,0.9576,0.55
v1_000557.jpg,video1.mp4,1,557,22.28,0.383609,0.383609,2,0.3863,2,0.9588,0.27
v1_000558.jpg,video1.mp4,1,558,22.32,0.384298,0.384298,2,0.3862,2,0.9598,0.19
v1_000559.jpg,video1.mp4,1,559,22.36,0.384986,0.384986,2,0.3893,2,0.9588,0.43
v1_000561.jpg,video1.mp4,1,561,22.44,0.386364,0.386364,2,0.3964,2,0.9603,1.0
v1_000562.jpg,video1.mp4,1,562,22.48,0.387052,0.387052,2,0.3937,2,0.9613,0.66
v1_000563.jpg,video1.mp4,1,563,22.52,0.387741,0.387741,2,0.4061,2,0.9603,1.84
v1_000564.jpg,video1.mp4,1,564,22.56,0.38843,0.38843,2,0.3996,2,0.9623,1.12
v1_000566.jpg,video1.mp4,1,566,22.64,0.389807,0.389807,2,0.3964,2,0.9637,0.66
v1_000567.jpg,video1.mp4,1,567,22.68,0.390496,0.390496,2,0.395,2,0.9678,0.45
v1_000568.jpg,video1.mp4,1,568,22.72,0.391185,0.391185,2,0.3989,2,0.9673,0.77
v1_000569.jpg,video1.mp4,1,569,22.76,0.391873,0.391873,2,0.3955,2,0.9666,0.36
v1_000570.jpg,video1.mp4,1,570,22.8,0.392562,0.392562,2,0.3904,2,0.9679,0.22
v1_000572.jpg,video1.mp4,1,572,22.88,0.393939,0.393939,2,0.3894,2,0.9657,0.45
v1_000573.jpg,video1.mp4,1,573,22.92,0.394628,0.394628,2,0.3896,2,0.9643,0.5
v1_000574.jpg,video1.mp4,1,574,22.96,0.395317,0.395317,2,0.387,2,0.9646,0.83
v1_000575.jpg,video1.mp4,1,575,23.0,0.396006,0.396006,2,0.3865,2,0.9639,0.95
v1_000576.jpg,video1.mp4,1,576,23.04,0.396694,0.396694,2,0.3922,2,0.9636,0.45
v1_000578.jpg,video1.mp4,1,578,23.12,0.398072,0.398072,2,0.3888,2,0.9633,0.93
v1_000579.jpg,video1.mp4,1,579,23.16,0.39876,0.39876,2,0.3936,2,0.9639,0.52
v1_000580.jpg,video1.mp4,1,580,23.2,0.399449,0.399449,2,0.3904,2,0.9643,0.9
v1_000581.jpg,video1.mp4,1,581,23.24,0.400138,0.400138,2,0.3914,2,0.9634,0.87
v1_000582.jpg,video1.mp4,1,582,23.28,0.400826,0.400826,2,0.3902,2,0.9633,1.06
v1_000584.jpg,video1.mp4,1,584,23.36,0.402204,0.402204,2,0.3846,2,0.9648,1.76
v1_000585.jpg,video1.mp4,1,585,23.4,0.402893,0.402893,2,0.3862,2,0.9663,1.67
v1_000586.jpg,video1.mp4,1,586,23.44,0.403581,0.403581,2,0.3919,2,0.9657,1.17
v1_000587.jpg,video1.mp4,1,587,23.48,0.40427,0.40427,2,0.3875,2,0.964,1.68
v1_000589.jpg,video1.mp4,1,589,23.56,0.405647,0.405647,2,0.3969,2,0.961,0.87
v1_000590.jpg,video1.mp4,1,590,23.6,0.406336,0.406336,2,0.3952,2,0.9608,1.11
v1_000591.jpg,video1.mp4,1,591,23.64,0.407025,0.407025,2,0.3953,2,0.9629,1.17
v1_000592.jpg,video1.mp4,1,592,23.68,0.407713,0.407713,2,0.3929,2,0.9602,1.48
v1_000593.jpg,video1.mp4,1,593,23.72,0.408402,0.408402,2,0.3916,2,0.9601,1.68
v1_000595.jpg,video1.mp4,1,595,23.8,0.40978,0.40978,2,0.3958,2,0.9579,1.4
v1_000596.jpg,video1.mp4,1,596,23.84,0.410468,0.410468,2,0.3942,2,0.9576,1.63
v1_000597.jpg,video1.mp4,1,597,23.88,0.411157,0.411157,2,0.403,2,0.9586,0.82
v1_000598.jpg,video1.mp4,1,598,23.92,0.411846,0.411846,2,0.4042,2,0.9604,0.76
v1_000599.jpg,video1.mp4,1,599,23.96,0.412534,0.412534,2,0.4063,2,0.9614,0.62
v1_000601.jpg,video1.mp4,1,601,24.04,0.413912,0.413912,2,0.4126,2,0.9609,0.13
v1_000602.jpg,video1.mp4,1,602,24.08,0.414601,0.414601,2,0.4084,2,0.9626,0.62
v1_000603.jpg,video1.mp4,1,603,24.12,0.415289,0.415289,2,0.414,2,0.9621,0.13
v1_000604.jpg,video1.mp4,1,604,24.16,0.415978,0.415978,2,0.4126,2,0.9622,0.34
v1_000606.jpg,video1.mp4,1,606,24.24,0.417355,0.417355,2,0.409,2,0.9614,0.84
v1_000607.jpg,video1.mp4,1,607,24.28,0.418044,0.418044,2,0.4062,2,0.9615,1.18
v1_000608.jpg,video1.mp4,1,608,24.32,0.418733,0.418733,2,0.4024,2,0.9614,1.63
v1_000609.jpg,video1.mp4,1,609,24.36,0.419421,0.419421,2,0.4007,2,0.9621,1.87
v1_000610.jpg,video1.mp4,1,610,24.4,0.42011,0.42011,2,0.4021,2,0.9615,1.8
v1_000612.jpg,video1.mp4,1,612,24.48,0.421488,0.421488,2,0.4052,2,0.9613,1.63
v1_000613.jpg,video1.mp4,1,613,24.52,0.422176,0.422176,2,0.4047,2,0.961,1.75
v1_000614.jpg,video1.mp4,1,614,24.56,0.422865,0.422865,2,0.4051,2,0.9603,1.78
v1_000615.jpg,video1.mp4,1,615,24.6,0.423554,0.423554,2,0.4045,2,0.9591,1.91
v1_000616.jpg,video1.mp4,1,616,24.64,0.424242,0.424242,2,0.4084,2,0.9585,1.58
v1_000618.jpg,video1.mp4,1,618,24.72,0.42562,0.42562,2,0.4146,2,0.9576,1.1
v1_000619.jpg,video1.mp4,1,619,24.76,0.426309,0.426309,2,0.4132,2,0.9585,1.31
v1_000620.jpg,video1.mp4,1,620,24.8,0.426997,0.426997,2,0.415,2,0.9576,1.2
v1_000621.jpg,video1.mp4,1,621,24.84,0.427686,0.427686,2,0.4136,2,0.959,1.41
v1_000622.jpg,video1.mp4,1,622,24.88,0.428375,0.428375,2,0.4222,2,0.964,0.62
v1_000624.jpg,video1.mp4,1,624,24.96,0.429752,0.429752,2,0.4209,2,0.9664,0.89
v1_000625.jpg,video1.mp4,1,625,25.0,0.430441,0.430441,2,0.4162,2,0.9642,1.42
v1_000626.jpg,video1.mp4,1,626,25.04,0.431129,0.431129,2,0.4151,2,0.9642,1.6
v1_000627.jpg,video1.mp4,1,627,25.08,0.431818,0.431818,2,0.4111,2,0.9666,2.07
v1_000629.jpg,video1.mp4,1,629,25.16,0.433196,0.433196,2,0.417,2,0.9682,1.62
v1_000630.jpg,video1.mp4,1,630,25.2,0.433884,0.433884,2,0.4248,2,0.9692,0.91
v1_000631.jpg,video1.mp4,1,631,25.24,0.434573,0.434573,2,0.424,2,0.9676,1.06
v1_000632.jpg,video1.mp4,1,632,25.28,0.435262,0.435262,2,0.4253,2,0.9667,1.0
v1_000633.jpg,video1.mp4,1,633,25.32,0.43595,0.43595,2,0.4248,2,0.9664,1.11
v1_000635.jpg,video1.mp4,1,635,25.4,0.437328,0.437328,2,0.4254,2,0.9618,1.19
v1_000636.jpg,video1.mp4,1,636,25.44,0.438017,0.438017,2,0.4276,2,0.9585,1.04
v1_000637.jpg,video1.mp4,1,637,25.48,0.438705,0.438705,2,0.4255,2,0.9582,1.32
v1_000638.jpg,video1.mp4,1,638,25.52,0.439394,0.439394,2,0.4274,2,0.9586,1.2
v1_000639.jpg,video1.mp4,1,639,25.56,0.440083,0.440083,2,0.4301,2,0.9601,1.0
v1_000641.jpg,video1.mp4,1,641,25.64,0.44146,0.44146,2,0.421,2,0.9619,2.05
v1_000642.jpg,video1.mp4,1,642,25.68,0.442149,0.442149,2,0.4163,2,0.9635,2.58
v1_000643.jpg,video1.mp4,1,643,25.72,0.442837,0.442837,2,0.4185,2,0.9623,2.43
v1_000644.jpg,video1.mp4,1,644,25.76,0.443526,0.443526,2,0.4272,2,0.9596,1.63
v1_000645.jpg,video1.mp4,1,645,25.8,0.444215,0.444215,2,0.4413,2,0.9557,0.29
v1_000647.jpg,video1.mp4,1,647,25.88,0.445592,0.445592,2,0.4457,2,0.9525,0.01
v1_000648.jpg,video1.mp4,1,648,25.92,0.446281,0.446281,2,0.4581,2,0.9506,1.18
v1_000649.jpg,video1.mp4,1,649,25.96,0.44697,0.44697,2,0.4673,2,0.9517,2.03
v1_000650.jpg,video1.mp4,1,650,26.0,0.447658,0.447658,2,0.4573,2,0.9543,0.96
v1_000652.jpg,video1.mp4,1,652,26.08,0.449036,0.449036,2,0.4574,2,0.949,0.84
v1_000653.jpg,video1.mp4,1,653,26.12,0.449725,0.449725,2,0.4559,2,0.9453,0.62
v1_000654.jpg,video1.mp4,1,654,26.16,0.450413,0.450413,2,0.4482,2,0.9483,0.22
v1_000655.jpg,video1.mp4,1,655,26.2,0.451102,0.451102,2,0.4485,2,0.9475,0.26
v1_000656.jpg,video1.mp4,1,656,26.24,0.451791,0.451791,2,0.4465,2,0.9478,0.53
v1_000658.jpg,video1.mp4,1,658,26.32,0.453168,0.453168,2,0.448,2,0.9485,0.52
v1_000659.jpg,video1.mp4,1,659,26.36,0.453857,0.453857,2,0.4552,2,0.948,0.13
v1_000660.jpg,video1.mp4,1,660,26.4,0.454545,0.454545,2,0.4517,2,0.9496,0.28
v1_000661.jpg,video1.mp4,1,661,26.44,0.455234,0.455234,2,0.4511,2,0.9493,0.41
v1_000662.jpg,video1.mp4,1,662,26.48,0.455923,0.455923,2,0.4543,2,0.9506,0.16
v1_000664.jpg,video1.mp4,1,664,26.56,0.4573,0.4573,2,0.4634,2,0.9564,0.61
v1_000665.jpg,video1.mp4,1,665,26.6,0.457989,0.457989,2,0.4617,2,0.9562,0.37
v1_000666.jpg,video1.mp4,1,666,26.64,0.458678,0.458678,2,0.4651,2,0.9598,0.64
v1_000667.jpg,video1.mp4,1,667,26.68,0.459366,0.459366,2,0.4814,2,0.9592,2.2
v1_000668.jpg,video1.mp4,1,668,26.72,0.460055,0.460055,2,0.4852,2,0.9591,2.51
v1_000670.jpg,video1.mp4,1,670,26.8,0.461433,0.461433,2,0.4769,2,0.9587,1.55
v1_000671.jpg,video1.mp4,1,671,26.84,0.462121,0.462121,2,0.4709,2,0.9589,0.88
v1_000672.jpg,video1.mp4,1,672,26.88,0.46281,0.46281,2,0.4662,2,0.9559,0.34
v1_000673.jpg,video1.mp4,1,673,26.92,0.463499,0.463499,2,0.4659,2,0.9549,0.24
v1_000675.jpg,video1.mp4,1,675,27.0,0.464876,0.464876,2,0.4593,2,0.9577,0.56
v1_000676.jpg,video1.mp4,1,676,27.04,0.465565,0.465565,2,0.4578,2,0.9548,0.78
v1_000677.jpg,video1.mp4,1,677,27.08,0.466253,0.466253,2,0.4587,2,0.956,0.76
v1_000678.jpg,video1.mp4,1,678,27.12,0.466942,0.466942,2,0.4608,2,0.9579,0.61
v1_000679.jpg,video1.mp4,1,679,27.16,0.467631,0.467631,2,0.4512,2,0.9576,1.64
v1_000681.jpg,video1.mp4,1,681,27.24,0.469008,0.469008,2,0.4475,2,0.9592,2.15
v1_000682.jpg,video1.mp4,1,682,27.28,0.469697,0.469697,2,0.45,2,0.96,1.97
v1_000683.jpg,video1.mp4,1,683,27.32,0.470386,0.470386,2,0.4543,2,0.9625,1.61
v1_000684.jpg,video1.mp4,1,684,27.36,0.471074,0.471074,2,0.452,2,0.9621,1.91
v1_000685.jpg,video1.mp4,1,685,27.4,0.471763,0.471763,2,0.4522,2,0.9621,1.96
v1_000687.jpg,video1.mp4,1,687,27.48,0.47314,0.47314,2,0.4531,2,0.9638,2.0
v1_000688.jpg,video1.mp4,1,688,27.52,0.473829,0.473829,2,0.4569,2,0.9606,1.69
v1_000689.jpg,video1.mp4,1,689,27.56,0.474518,0.474518,2,0.4593,2,0.9612,1.52
v1_000690.jpg,video1.mp4,1,690,27.6,0.475207,0.475207,2,0.4503,2,0.9631,2.49
v1_000691.jpg,video1.mp4,1,691,27.64,0.475895,0.475895,2,0.452,2,0.9632,2.39
v1_000693.jpg,video1.mp4,1,693,27.72,0.477273,0.477273,2,0.4616,2,0.9627,1.57
v1_000694.jpg,video1.mp4,1,694,27.76,0.477961,0.477961,2,0.4627,2,0.9618,1.53
v1_000695.jpg,video1.mp4,1,695,27.8,0.47865,0.47865,2,0.462,2,0.9611,1.66
v1_000696.jpg,video1.mp4,1,696,27.84,0.479339,0.479339,2,0.4624,2,0.9607,1.69
v1_000698.jpg,video1.mp4,1,698,27.92,0.480716,0.480716,2,0.4644,2,0.9605,1.63
v1_000699.jpg,video1.mp4,1,699,27.96,0.481405,0.481405,2,0.4718,2,0.9612,0.96
v1_000700.jpg,video1.mp4,1,700,28.0,0.482094,0.482094,2,0.4754,2,0.9621,0.67
v1_000701.jpg,video1.mp4,1,701,28.04,0.482782,0.482782,2,0.4785,2,0.964,0.43
v1_000702.jpg,video1.mp4,1,702,28.08,0.483471,0.483471,2,0.4848,2,0.9688,0.13
v1_000704.jpg,video1.mp4,1,704,28.16,0.484848,0.484848,2,0.4893,2,0.9701,0.45
v1_000705.jpg,video1.mp4,1,705,28.2,0.485537,0.485537,2,0.4925,2,0.9693,0.7
v1_000706.jpg,video1.mp4,1,706,28.24,0.486226,0.486226,2,0.4942,2,0.9688,0.8
v1_000707.jpg,video1.mp4,1,707,28.28,0.486915,0.486915,2,0.4907,2,0.969,0.38
v1_000708.jpg,video1.mp4,1,708,28.32,0.487603,0.487603,2,0.4883,2,0.9694,0.07
v1_000710.jpg,video1.mp4,1,710,28.4,0.488981,0.488981,2,0.4869,2,0.9735,0.21
v1_000711.jpg,video1.mp4,1,711,28.44,0.489669,0.489669,2,0.4841,2,0.9729,0.56
v1_000712.jpg,video1.mp4,1,712,28.48,0.490358,0.490358,2,0.4836,2,0.9729,0.68
v1_000713.jpg,video1.mp4,1,713,28.52,0.491047,0.491047,2,0.4896,2,0.9726,0.14
v1_000714.jpg,video1.mp4,1,714,28.56,0.491736,0.491736,2,0.4862,2,0.972,0.55
v1_000716.jpg,video1.mp4,1,716,28.64,0.493113,0.493113,2,0.4986,2,0.9756,0.55
v1_000717.jpg,video1.mp4,1,717,28.68,0.493802,0.493802,2,0.4978,2,0.9769,0.4
v1_000718.jpg,video1.mp4,1,718,28.72,0.49449,0.49449,2,0.4953,2,0.9764,0.08
v1_000719.jpg,video1.mp4,1,719,28.76,0.495179,0.495179,2,0.4928,2,0.9765,0.24
v1_000721.jpg,video1.mp4,1,721,28.84,0.496556,0.496556,2,0.5037,2,0.9719,0.71
v1_000722.jpg,video1.mp4,1,722,28.88,0.497245,0.497245,2,0.5019,2,0.9728,0.47
v1_000723.jpg,video1.mp4,1,723,28.92,0.497934,0.497934,2,0.4988,2,0.9722,0.09
v1_000724.jpg,video1.mp4,1,724,28.96,0.498623,0.498623,2,0.5042,2,0.9752,0.56
v1_000725.jpg,video1.mp4,1,725,29.0,0.499311,0.499311,2,0.5181,2,0.9729,1.88
v1_000727.jpg,video1.mp4,1,727,29.08,0.500689,0.500689,2,0.5249,2,0.9727,2.42
v1_000728.jpg,video1.mp4,1,728,29.12,0.501377,0.501377,2,0.522,2,0.9715,2.06
v1_000729.jpg,video1.mp4,1,729,29.16,0.502066,0.502066,2,0.5205,2,0.9722,1.84
v1_000730.jpg,video1.mp4,1,730,29.2,0.502755,0.502755,2,0.5211,2,0.9722,1.83
v1_000731.jpg,video1.mp4,1,731,29.24,0.503444,0.503444,2,0.5136,2,0.9712,1.02
v1_000733.jpg,video1.mp4,1,733,29.32,0.504821,0.504821,2,0.5149,2,0.9708,1.01
v1_000734.jpg,video1.mp4,1,734,29.36,0.50551,0.50551,2,0.5152,2,0.9713,0.97
v1_000735.jpg,video1.mp4,1,735,29.4,0.506198,0.506198,2,0.5124,2,0.9709,0.62
v1_000736.jpg,video1.mp4,1,736,29.44,0.506887,0.506887,2,0.5127,2,0.9676,0.58
v1_000738.jpg,video1.mp4,1,738,29.52,0.508264,0.508264,2,0.4946,2,0.9651,1.37
v1_000739.jpg,video1.mp4,1,739,29.56,0.508953,0.508953,2,0.5006,2,0.9665,0.84
v1_000740.jpg,video1.mp4,1,740,29.6,0.509642,0.509642,2,0.5055,2,0.9654,0.41
v1_000741.jpg,video1.mp4,1,741,29.64,0.510331,0.510331,2,0.5147,2,0.966,0.44
v1_000742.jpg,video1.mp4,1,742,29.68,0.511019,0.511019,2,0.5154,2,0.9678,0.44
v1_000744.jpg,video1.mp4,1,744,29.76,0.512397,0.512397,2,0.5125,2,0.9682,0.01
v1_000745.jpg,video1.mp4,1,745,29.8,0.513085,0.513085,2,0.5121,2,0.9664,0.1
v1_000746.jpg,video1.mp4,1,746,29.84,0.513774,0.513774,2,0.5178,2,0.9666,0.4
v1_000747.jpg,video1.mp4,1,747,29.88,0.514463,0.514463,2,0.5243,2,0.9675,0.98
v1_000748.jpg,video1.mp4,1,748,29.92,0.515152,0.515152,2,0.5229,2,0.9681,0.77
v1_000750.jpg,video1.mp4,1,750,30.0,0.516529,0.516529,2,0.5095,2,0.9648,0.7
v1_000751.jpg,video1.mp4,1,751,30.04,0.517218,0.517218,2,0.5119,2,0.9647,0.53
v1_000752.jpg,video1.mp4,1,752,30.08,0.517906,0.517906,2,0.515,2,0.9684,0.29
v1_000753.jpg,video1.mp4,1,753,30.12,0.518595,0.518595,2,0.5201,2,0.9704,0.15
v1_000754.jpg,video1.mp4,1,754,30.16,0.519284,0.519284,2,0.5186,2,0.9702,0.07
v1_000756.jpg,video1.mp4,1,756,30.24,0.520661,0.520661,2,0.5184,2,0.9732,0.23
v1_000757.jpg,video1.mp4,1,757,30.28,0.52135,0.52135,2,0.5093,2,0.9752,1.21
v1_000758.jpg,video1.mp4,1,758,30.32,0.522039,0.522039,2,0.5159,2,0.9754,0.61
v1_000759.jpg,video1.mp4,1,759,30.36,0.522727,0.522727,2,0.52,2,0.9745,0.27
v1_000761.jpg,video1.mp4,1,761,30.44,0.524105,0.524105,2,0.5237,2,0.9742,0.04
v1_000762.jpg,video1.mp4,1,762,30.48,0.524793,0.524793,2,0.5247,2,0.9752,0.01
v1_000763.jpg,video1.mp4,1,763,30.52,0.525482,0.525482,2,0.5293,2,0.9752,0.38
v1_000764.jpg,video1.mp4,1,764,30.56,0.526171,0.526171,2,0.5328,2,0.9749,0.66
v1_000765.jpg,video1.mp4,1,765,30.6,0.52686,0.52686,2,0.534,2,0.974,0.71
v1_000767.jpg,video1.mp4,1,767,30.68,0.528237,0.528237,2,0.531,2,0.9746,0.28
v1_000768.jpg,video1.mp4,1,768,30.72,0.528926,0.528926,2,0.5254,2,0.975,0.35
v1_000769.jpg,video1.mp4,1,769,30.76,0.529614,0.529614,2,0.525,2,0.9741,0.46
v1_000770.jpg,video1.mp4,1,770,30.8,0.530303,0.530303,2,0.5371,2,0.974,0.68
v1_000771.jpg,video1.mp4,1,771,30.84,0.530992,0.530992,2,0.537,2,0.9735,0.6
v1_000773.jpg,video1.mp4,1,773,30.92,0.532369,0.532369,2,0.5537,2,0.9731,2.13
v1_000774.jpg,video1.mp4,1,774,30.96,0.533058,0.533058,2,0.5409,2,0.9713,0.78
v1_000775.jpg,video1.mp4,1,775,31.0,0.533747,0.533747,2,0.5446,2,0.9709,1.09
v1_000776.jpg,video1.mp4,1,776,31.04,0.534435,0.534435,2,0.5434,2,0.9702,0.9
v1_000777.jpg,video1.mp4,1,777,31.08,0.535124,0.535124,2,0.5434,2,0.9698,0.83
v1_000779.jpg,video1.mp4,1,779,31.16,0.536501,0.536501,2,0.5369,2,0.9718,0.04
v1_000780.jpg,video1.mp4,1,780,31.2,0.53719,0.53719,2,0.5339,2,0.9722,0.33
v1_000781.jpg,video1.mp4,1,781,31.24,0.537879,0.537879,2,0.5306,2,0.9725,0.73
v1_000782.jpg,video1.mp4,1,782,31.28,0.538567,0.538567,2,0.5326,2,0.9725,0.6
v1_000784.jpg,video1.mp4,1,784,31.36,0.539945,0.539945,2,0.5365,2,0.9728,0.34
v1_000785.jpg,video1.mp4,1,785,31.4,0.540634,0.540634,2,0.5401,2,0.9733,0.05
v1_000786.jpg,video1.mp4,1,786,31.44,0.541322,0.541322,2,0.5351,2,0.9724,0.62
v1_000787.jpg,video1.mp4,1,787,31.48,0.542011,0.542011,2,0.532,2,0.9729,1.0
v1_000788.jpg,video1.mp4,1,788,31.52,0.5427,0.5427,2,0.5309,2,0.9738,1.18
v1_000790.jpg,video1.mp4,1,790,31.6,0.544077,0.544077,2,0.5515,2,0.969,0.74
v1_000791.jpg,video1.mp4,1,791,31.64,0.544766,0.544766,2,0.5468,2,0.9696,0.2
v1_000792.jpg,video1.mp4,1,792,31.68,0.545455,0.545455,2,0.5598,2,0.9695,1.43
v1_000793.jpg,video1.mp4,1,793,31.72,0.546143,0.546143,2,0.5563,2,0.9726,1.02
v1_000794.jpg,video1.mp4,1,794,31.76,0.546832,0.546832,2,0.561,2,0.9692,1.42
v1_000796.jpg,video1.mp4,1,796,31.84,0.548209,0.548209,2,0.5638,2,0.9688,1.56
v1_000797.jpg,video1.mp4,1,797,31.88,0.548898,0.548898,2,0.5527,2,0.9681,0.38
v1_000798.jpg,video1.mp4,1,798,31.92,0.549587,0.549587,2,0.5464,2,0.9686,0.32
v1_000799.jpg,video1.mp4,1,799,31.96,0.550275,0.550275,2,0.559,2,0.9707,0.87
v1_000800.jpg,video1.mp4,1,800,32.0,0.550964,0.550964,2,0.5585,2,0.9689,0.75
v1_000802.jpg,video1.mp4,1,802,32.08,0.552342,0.552342,2,0.5542,2,0.9674,0.19
v1_000803.jpg,video1.mp4,1,803,32.12,0.55303,0.55303,2,0.5637,2,0.9669,1.07
v1_000804.jpg,video1.mp4,1,804,32.16,0.553719,0.553719,2,0.5687,2,0.9659,1.5
v1_000805.jpg,video1.mp4,1,805,32.2,0.554408,0.554408,2,0.5638,2,0.9653,0.94
v1_000807.jpg,video1.mp4,1,807,32.28,0.555785,0.555785,2,0.5636,2,0.9641,0.78
v1_000808.jpg,video1.mp4,1,808,32.32,0.556474,0.556474,2,0.562,2,0.9646,0.55
v1_000809.jpg,video1.mp4,1,809,32.36,0.557163,0.557163,2,0.5586,2,0.9641,0.14
v1_000810.jpg,video1.mp4,1,810,32.4,0.557851,0.557851,2,0.5611,2,0.9637,0.32
v1_000811.jpg,video1.mp4,1,811,32.44,0.55854,0.55854,2,0.5579,2,0.9645,0.06
v1_000813.jpg,video1.mp4,1,813,32.52,0.559917,0.559917,2,0.5669,2,0.9597,0.7
v1_000814.jpg,video1.mp4,1,814,32.56,0.560606,0.560606,2,0.5683,2,0.9586,0.77
v1_000815.jpg,video1.mp4,1,815,32.6,0.561295,0.561295,2,0.5623,2,0.96,0.1
v1_000816.jpg,video1.mp4,1,816,32.64,0.561983,0.561983,2,0.5611,2,0.9615,0.09
v1_000817.jpg,video1.mp4,1,817,32.68,0.562672,0.562672,2,0.559,2,0.9619,0.37
v1_000819.jpg,video1.mp4,1,819,32.76,0.56405,0.56405,2,0.5572,2,0.9666,0.68
v1_000820.jpg,video1.mp4,1,820,32.8,0.564738,0.564738,2,0.5613,2,0.966,0.34
v1_000821.jpg,video1.mp4,1,821,32.84,0.565427,0.565427,2,0.5552,2,0.9677,1.02
v1_000822.jpg,video1.mp4,1,822,32.88,0.566116,0.566116,2,0.5611,2,0.9682,0.5
v1_000823.jpg,video1.mp4,1,823,32.92,0.566804,0.566804,2,0.5614,2,0.9695,0.54
v1_000825.jpg,video1.mp4,1,825,33.0,0.568182,0.568182,2,0.559,2,0.9708,0.92
v1_000826.jpg,video1.mp4,1,826,33.04,0.568871,0.568871,2,0.5651,2,0.9707,0.38
v1_000827.jpg,video1.mp4,1,827,33.08,0.569559,0.569559,2,0.5651,2,0.9694,0.45
v1_000828.jpg,video1.mp4,1,828,33.12,0.570248,0.570248,2,0.5584,2,0.9691,1.18
v1_000830.jpg,video1.mp4,1,830,33.2,0.571625,0.571625,2,0.559,2,0.9701,1.26
v1_000831.jpg,video1.mp4,1,831,33.24,0.572314,0.572314,2,0.5612,2,0.9716,1.11
v1_000832.jpg,video1.mp4,1,832,33.28,0.573003,0.573003,2,0.574,2,0.9701,0.1
v1_000833.jpg,video1.mp4,1,833,33.32,0.573691,0.573691,2,0.5754,2,0.97,0.17
v1_000834.jpg,video1.mp4,1,834,33.36,0.57438,0.57438,2,0.5787,2,0.9702,0.43
v1_000836.jpg,video1.mp4,1,836,33.44,0.575758,0.575758,2,0.5821,2,0.9705,0.63
v1_000837.jpg,video1.mp4,1,837,33.48,0.576446,0.576446,2,0.5839,2,0.9693,0.75
v1_000838.jpg,video1.mp4,1,838,33.52,0.577135,0.577135,2,0.5782,2,0.9683,0.11
v1_000839.jpg,video1.mp4,1,839,33.56,0.577824,0.577824,2,0.5813,2,0.9679,0.35
v1_000840.jpg,video1.mp4,1,840,33.6,0.578512,0.578512,2,0.5845,2,0.9675,0.6
v1_000842.jpg,video1.mp4,1,842,33.68,0.57989,0.57989,2,0.5917,2,0.9669,1.18
v1_000843.jpg,video1.mp4,1,843,33.72,0.580579,0.580579,2,0.5945,2,0.9667,1.39
v1_000844.jpg,video1.mp4,1,844,33.76,0.581267,0.581267,2,0.594,2,0.9651,1.27
v1_000845.jpg,video1.mp4,1,845,33.8,0.581956,0.581956,2,0.5928,2,0.9638,1.08
v1_000846.jpg,video1.mp4,1,846,33.84,0.582645,0.582645,2,0.5862,2,0.9644,0.36
v1_000848.jpg,video1.mp4,1,848,33.92,0.584022,0.584022,2,0.5932,2,0.9641,0.92
v1_000849.jpg,video1.mp4,1,849,33.96,0.584711,0.584711,2,0.5946,2,0.9618,0.99
v1_000850.jpg,video1.mp4,1,850,34.0,0.585399,0.585399,2,0.5998,2,0.9614,1.44
v1_000851.jpg,video1.mp4,1,851,34.04,0.586088,0.586088,2,0.5902,2,0.9606,0.41
v1_000853.jpg,video1.mp4,1,853,34.12,0.587466,0.587466,2,0.5914,2,0.9635,0.39
v1_000854.jpg,video1.mp4,1,854,34.16,0.588154,0.588154,2,0.5905,2,0.964,0.23
v1_000855.jpg,video1.mp4,1,855,34.2,0.588843,0.588843,2,0.5848,2,0.9658,0.4
v1_000856.jpg,video1.mp4,1,856,34.24,0.589532,0.589532,2,0.5764,2,0.9674,1.31
v1_000857.jpg,video1.mp4,1,857,34.28,0.59022,0.59022,2,0.5862,2,0.9662,0.4
v1_000859.jpg,video1.mp4,1,859,34.36,0.591598,0.591598,2,0.5724,2,0.9696,1.92
v1_000860.jpg,video1.mp4,1,860,34.4,0.592287,0.592287,2,0.5827,2,0.9723,0.96
v1_000861.jpg,video1.mp4,1,861,34.44,0.592975,0.592975,2,0.5858,2,0.9734,0.72
v1_000862.jpg,video1.mp4,1,862,34.48,0.593664,0.593664,2,0.581,2,0.9723,1.27
v1_000863.jpg,video1.mp4,1,863,34.52,0.594353,0.594353,2,0.5878,2,0.9765,0.66
v1_000865.jpg,video1.mp4,1,865,34.6,0.59573,0.59573,2,0.5881,2,0.9757,0.76
v1_000866.jpg,video1.mp4,1,866,34.64,0.596419,0.596419,2,0.5773,2,0.9775,1.91
v1_000867.jpg,video1.mp4,1,867,34.68,0.597107,0.597107,2,0.5847,2,0.9757,1.24
v1_000868.jpg,video1.mp4,1,868,34.72,0.597796,0.597796,2,0.5878,2,0.9755,1.0
v1_000870.jpg,video1.mp4,1,870,34.8,0.599174,0.599174,2,0.5925,2,0.9745,0.67
v1_000871.jpg,video1.mp4,1,871,34.84,0.599862,0.599862,2,0.5949,2,0.9744,0.5
v1_000872.jpg,video1.mp4,1,872,34.88,0.600551,0.600551,2,0.6026,2,0.9721,0.2
v1_000873.jpg,video1.mp4,1,873,34.92,0.60124,0.60124,2,0.604,2,0.9715,0.28
v1_000874.jpg,video1.mp4,1,874,34.96,0.601928,0.601928,2,0.6015,2,0.9719,0.04
v1_000876.jpg,video1.mp4,1,876,35.04,0.603306,0.603306,2,0.5983,2,0.971,0.5
v1_000877.jpg,video1.mp4,1,877,35.08,0.603994,0.603994,2,0.5961,2,0.9709,0.79
v1_000878.jpg,video1.mp4,1,878,35.12,0.604683,0.604683,2,0.6012,2,0.9707,0.35
v1_000879.jpg,video1.mp4,1,879,35.16,0.605372,0.605372,2,0.598,2,0.9686,0.74
v1_000880.jpg,video1.mp4,1,880,35.2,0.606061,0.606061,2,0.606,2,0.964,0.01
v1_000882.jpg,video1.mp4,1,882,35.28,0.607438,0.607438,2,0.604,2,0.9689,0.34
v1_000883.jpg,video1.mp4,1,883,35.32,0.608127,0.608127,2,0.6013,2,0.9695,0.68
v1_000884.jpg,video1.mp4,1,884,35.36,0.608815,0.608815,2,0.6054,2,0.9689,0.34
v1_000885.jpg,video1.mp4,1,885,35.4,0.609504,0.609504,2,0.6051,2,0.9674,0.44
v1_000886.jpg,video1.mp4,1,886,35.44,0.610193,0.610193,2,0.6013,2,0.9675,0.89
v1_000888.jpg,video1.mp4,1,888,35.52,0.61157,0.61157,2,0.6096,2,0.9644,0.2
v1_000889.jpg,video1.mp4,1,889,35.56,0.612259,0.612259,2,0.6045,2,0.9664,0.78
v1_000890.jpg,video1.mp4,1,890,35.6,0.612948,0.612948,2,0.6093,2,0.9638,0.36
v1_000891.jpg,video1.mp4,1,891,35.64,0.613636,0.613636,2,0.6109,2,0.9658,0.27
v1_000893.jpg,video1.mp4,1,893,35.72,0.615014,0.615014,2,0.6161,2,0.9622,0.11
v1_000894.jpg,video1.mp4,1,894,35.76,0.615702,0.615702,2,0.6138,2,0.9613,0.19
v1_000895.jpg,video1.mp4,1,895,35.8,0.616391,0.616391,2,0.6076,2,0.9624,0.88
v1_000896.jpg,video1.mp4,1,896,35.84,0.61708,0.61708,2,0.6281,2,0.9507,1.1
v1_000897.jpg,video1.mp4,1,897,35.88,0.617769,0.617769,2,0.6228,2,0.9496,0.5
v1_000899.jpg,video1.mp4,1,899,35.96,0.619146,0.619146,2,0.6273,2,0.9549,0.82
v1_000900.jpg,video1.mp4,1,900,36.0,0.619835,0.619835,2,0.6283,2,0.949,0.85
v1_000901.jpg,video1.mp4,1,901,36.04,0.620523,0.620523,2,0.6267,2,0.9486,0.62
v1_000902.jpg,video1.mp4,1,902,36.08,0.621212,0.621212,2,0.6138,2,0.955,0.74
v1_000903.jpg,video1.mp4,1,903,36.12,0.621901,0.621901,2,0.6182,2,0.9548,0.37
v1_000905.jpg,video1.mp4,1,905,36.2,0.623278,0.623278,2,0.6127,2,0.9628,1.06
v1_000906.jpg,video1.mp4,1,906,36.24,0.623967,0.623967,2,0.6138,2,0.9643,1.02
v1_000907.jpg,video1.mp4,1,907,36.28,0.624656,0.624656,2,0.6131,2,0.9641,1.16
v1_000908.jpg,video1.mp4,1,908,36.32,0.625344,0.625344,2,0.617,2,0.9606,0.83
v1_000909.jpg,video1.mp4,1,909,36.36,0.626033,0.626033,2,0.6243,2,0.9525,0.17
v1_000911.jpg,video1.mp4,1,911,36.44,0.62741,0.62741,2,0.6243,2,0.9463,0.31
v1_000912.jpg,video1.mp4,1,912,36.48,0.628099,0.628099,2,0.627,2,0.9434,0.11
v1_000913.jpg,video1.mp4,1,913,36.52,0.628788,0.628788,2,0.6234,2,0.9459,0.54
v1_000914.jpg,video1.mp4,1,914,36.56,0.629477,0.629477,2,0.6184,2,0.9462,1.11
v1_000916.jpg,video1.mp4,1,916,36.64,0.630854,0.630854,2,0.6202,2,0.9429,1.07
v1_000917.jpg,video1.mp4,1,917,36.68,0.631543,0.631543,2,0.6178,2,0.9459,1.37
v1_000918.jpg,video1.mp4,1,918,36.72,0.632231,0.632231,2,0.6092,2,0.9511,2.3
v1_000919.jpg,video1.mp4,1,919,36.76,0.63292,0.63292,2,0.6108,2,0.9455,2.21
v1_000920.jpg,video1.mp4,1,920,36.8,0.633609,0.633609,2,0.606,2,0.9487,2.76
v1_000922.jpg,video1.mp4,1,922,36.88,0.634986,0.634986,2,0.6025,2,0.9553,3.25
v1_000923.jpg,video1.mp4,1,923,36.92,0.635675,0.635675,2,0.6039,2,0.9557,3.18
v1_000924.jpg,video1.mp4,1,924,36.96,0.636364,0.636364,2,0.6125,2,0.9485,2.39
v1_000925.jpg,video1.mp4,1,925,37.0,0.637052,0.637052,2,0.6242,2,0.9313,1.29
v1_000926.jpg,video1.mp4,1,926,37.04,0.637741,0.637741,2,0.6175,2,0.9362,2.02
v1_000928.jpg,video1.mp4,1,928,37.12,0.639118,0.639118,2,0.6286,2,0.9191,1.05
v1_000929.jpg,video1.mp4,1,929,37.16,0.639807,0.639807,2,0.6349,2,0.8867,0.49
v1_000930.jpg,video1.mp4,1,930,37.2,0.640496,0.640496,2,0.6452,2,0.8332,0.47
v1_000931.jpg,video1.mp4,1,931,37.24,0.641185,0.641185,2,0.6367,2,0.874,0.45
v1_000932.jpg,video1.mp4,1,932,37.28,0.641873,0.641873,2,0.636,2,0.8902,0.59
v1_000934.jpg,video1.mp4,1,934,37.36,0.643251,0.643251,2,0.6348,2,0.8889,0.85
v1_000935.jpg,video1.mp4,1,935,37.4,0.643939,0.643939,2,0.634,2,0.8905,0.99
v1_000936.jpg,video1.mp4,1,936,37.44,0.644628,0.644628,2,0.6363,2,0.8895,0.83
v1_000937.jpg,video1.mp4,1,937,37.48,0.645317,0.645317,2,0.6364,2,0.8925,0.89
v1_000939.jpg,video1.mp4,1,939,37.56,0.646694,0.646694,2,0.6329,2,0.9076,1.38
v1_000940.jpg,video1.mp4,1,940,37.6,0.647383,0.647383,2,0.6482,2,0.8383,0.08
v1_000941.jpg,video1.mp4,1,941,37.64,0.648072,0.648072,2,0.6523,2,0.8146,0.42
v1_000942.jpg,video1.mp4,1,942,37.68,0.64876,0.64876,2,0.6564,2,0.713,0.76
v1_000943.jpg,video1.mp4,1,943,37.72,0.649449,0.649449,2,0.6519,2,0.7498,0.25
v1_000945.jpg,video1.mp4,1,945,37.8,0.650826,0.650826,3,0.6703,3,0.6325,1.95
v1_000946.jpg,video1.mp4,1,946,37.84,0.651515,0.651515,3,0.6768,3,0.8082,2.53
v1_000947.jpg,video1.mp4,1,947,37.88,0.652204,0.652204,3,0.6754,3,0.8563,2.32
v1_000948.jpg,video1.mp4,1,948,37.92,0.652893,0.652893,3,0.6837,3,0.9286,3.08
v1_000949.jpg,video1.mp4,1,949,37.96,0.653581,0.653581,3,0.6843,3,0.9389,3.07
v1_000951.jpg,video1.mp4,1,951,38.04,0.654959,0.654959,3,0.6834,3,0.9399,2.84
v1_000952.jpg,video1.mp4,1,952,38.08,0.655647,0.655647,3,0.6656,3,0.932,1.0
v1_000953.jpg,video1.mp4,1,953,38.12,0.656336,0.656336,3,0.6685,3,0.9181,1.22
v1_000954.jpg,video1.mp4,1,954,38.16,0.657025,0.657025,3,0.6684,3,0.9284,1.14
v1_000955.jpg,video1.mp4,1,955,38.2,0.657713,0.657713,3,0.6708,3,0.935,1.31
v1_000957.jpg,video1.mp4,1,957,38.28,0.659091,0.659091,3,0.665,3,0.8921,0.59
v1_000958.jpg,video1.mp4,1,958,38.32,0.65978,0.65978,3,0.6655,3,0.9048,0.57
v1_000959.jpg,video1.mp4,1,959,38.36,0.660468,0.660468,3,0.6646,3,0.9055,0.41
v1_000960.jpg,video1.mp4,1,960,38.4,0.661157,0.661157,3,0.6657,3,0.9091,0.45
v1_000962.jpg,video1.mp4,1,962,38.48,0.662534,0.662534,3,0.667,3,0.9338,0.45
v1_000963.jpg,video1.mp4,1,963,38.52,0.663223,0.663223,3,0.6693,3,0.9274,0.61
v1_000964.jpg,video1.mp4,1,964,38.56,0.663912,0.663912,3,0.6649,3,0.9193,0.1
v1_000965.jpg,video1.mp4,1,965,38.6,0.664601,0.664601,3,0.6765,3,0.9371,1.19
v1_000966.jpg,video1.mp4,1,966,38.64,0.665289,0.665289,3,0.6788,3,0.9336,1.35
v1_000968.jpg,video1.mp4,1,968,38.72,0.666667,0.666667,3,0.678,3,0.9439,1.13
v1_000969.jpg,video1.mp4,1,969,38.76,0.667355,0.667355,3,0.6781,3,0.9449,1.07
v1_000970.jpg,video1.mp4,1,970,38.8,0.668044,0.668044,3,0.6791,3,0.9455,1.11
v1_000971.jpg,video1.mp4,1,971,38.84,0.668733,0.668733,3,0.673,3,0.9477,0.43
v1_000972.jpg,video1.mp4,1,972,38.88,0.669421,0.669421,3,0.676,3,0.9562,0.66
v1_000974.jpg,video1.mp4,1,974,38.96,0.670799,0.670799,3,0.6763,3,0.9624,0.55
v1_000975.jpg,video1.mp4,1,975,39.0,0.671488,0.671488,3,0.6851,3,0.9663,1.36
v1_000976.jpg,video1.mp4,1,976,39.04,0.672176,0.672176,3,0.6735,3,0.9607,0.13
v1_000977.jpg,video1.mp4,1,977,39.08,0.672865,0.672865,3,0.6795,3,0.9663,0.66
v1_000978.jpg,video1.mp4,1,978,39.12,0.673554,0.673554,3,0.6791,3,0.9653,0.55
v1_000980.jpg,video1.mp4,1,980,39.2,0.674931,0.674931,3,0.6742,3,0.9625,0.07
v1_000981.jpg,video1.mp4,1,981,39.24,0.67562,0.67562,3,0.6725,3,0.9593,0.31
v1_000982.jpg,video1.mp4,1,982,39.28,0.676309,0.676309,3,0.6721,3,0.9621,0.42
v1_000983.jpg,video1.mp4,1,983,39.32,0.676997,0.676997,3,0.6794,3,0.9676,0.24
v1_000985.jpg,video1.mp4,1,985,39.4,0.678375,0.678375,3,0.686,3,0.9647,0.76
v1_000986.jpg,video1.mp4,1,986,39.44,0.679063,0.679063,3,0.6875,3,0.9664,0.84
v1_000987.jpg,video1.mp4,1,987,39.48,0.679752,0.679752,3,0.6823,3,0.9645,0.25
v1_000988.jpg,video1.mp4,1,988,39.52,0.680441,0.680441,3,0.6803,3,0.9592,0.01
v1_000989.jpg,video1.mp4,1,989,39.56,0.681129,0.681129,3,0.6633,3,0.928,1.78
v1_000991.jpg,video1.mp4,1,991,39.64,0.682507,0.682507,3,0.668,3,0.9478,1.45
v1_000992.jpg,video1.mp4,1,992,39.68,0.683196,0.683196,3,0.6659,3,0.9491,1.73
v1_000993.jpg,video1.mp4,1,993,39.72,0.683884,0.683884,3,0.6756,3,0.9573,0.83
v1_000994.jpg,video1.mp4,1,994,39.76,0.684573,0.684573,3,0.6758,3,0.9516,0.88
v1_000995.jpg,video1.mp4,1,995,39.8,0.685262,0.685262,3,0.6824,3,0.9597,0.29
v1_000997.jpg,video1.mp4,1,997,39.88,0.686639,0.686639,3,0.6712,3,0.9527,1.54
v1_000998.jpg,video1.mp4,1,998,39.92,0.687328,0.687328,3,0.6746,3,0.9526,1.27
v1_000999.jpg,video1.mp4,1,999,39.96,0.688017,0.688017,3,0.6788,3,0.9571,0.92
v1_001000.jpg,video1.mp4,1,1000,40.0,0.688705,0.688705,3,0.682,3,0.9659,0.67
v1_001002.jpg,video1.mp4,1,1002,40.08,0.690083,0.690083,3,0.6888,3,0.9683,0.13
v1_001003.jpg,video1.mp4,1,1003,40.12,0.690771,0.690771,3,0.6765,3,0.9543,1.43
v1_001004.jpg,video1.mp4,1,1004,40.16,0.69146,0.69146,3,0.686,3,0.9667,0.55
v1_001005.jpg,video1.mp4,1,1005,40.2,0.692149,0.692149,3,0.6795,3,0.9593,1.26
v1_001006.jpg,video1.mp4,1,1006,40.24,0.692837,0.692837,3,0.6843,3,0.9585,0.85
v1_001008.jpg,video1.mp4,1,1008,40.32,0.694215,0.694215,3,0.6872,3,0.9601,0.7
v1_001009.jpg,video1.mp4,1,1009,40.36,0.694904,0.694904,3,0.6881,3,0.9635,0.68
v1_001010.jpg,video1.mp4,1,1010,40.4,0.695592,0.695592,3,0.6898,3,0.9661,0.58
v1_001011.jpg,video1.mp4,1,1011,40.44,0.696281,0.696281,3,0.7001,3,0.9742,0.38
v1_001012.jpg,video1.mp4,1,1012,40.48,0.69697,0.69697,3,0.6969,3,0.974,0.01
v1_001014.jpg,video1.mp4,1,1014,40.56,0.698347,0.698347,3,0.7003,3,0.969,0.2
v1_001015.jpg,video1.mp4,1,1015,40.6,0.699036,0.699036,3,0.7024,3,0.9669,0.34
v1_001016.jpg,video1.mp4,1,1016,40.64,0.699725,0.699725,3,0.6982,3,0.9729,0.15
v1_001017.jpg,video1.mp4,1,1017,40.68,0.700413,0.700413,3,0.703,3,0.9718,0.26
v1_001018.jpg,video1.mp4,1,1018,40.72,0.701102,0.701102,3,0.7032,3,0.9738,0.21
v1_001020.jpg,video1.mp4,1,1020,40.8,0.702479,0.702479,3,0.7066,3,0.9742,0.41
v1_001021.jpg,video1.mp4,1,1021,40.84,0.703168,0.703168,3,0.7032,3,0.9712,0.0
v1_001022.jpg,video1.mp4,1,1022,40.88,0.703857,0.703857,3,0.7033,3,0.9692,0.06
v1_001023.jpg,video1.mp4,1,1023,40.92,0.704545,0.704545,3,0.7079,3,0.9689,0.34
v1_001025.jpg,video1.mp4,1,1025,41.0,0.705923,0.705923,3,0.7069,3,0.974,0.1
v1_001026.jpg,video1.mp4,1,1026,41.04,0.706612,0.706612,3,0.7042,3,0.969,0.24
v1_001027.jpg,video1.mp4,1,1027,41.08,0.7073,0.7073,3,0.6956,3,0.9588,1.17
v1_001028.jpg,video1.mp4,1,1028,41.12,0.707989,0.707989,3,0.7018,3,0.9595,0.62
v1_001029.jpg,video1.mp4,1,1029,41.16,0.708678,0.708678,3,0.6971,3,0.9602,1.16
v1_001031.jpg,video1.mp4,1,1031,41.24,0.710055,0.710055,3,0.7108,3,0.9597,0.07
v1_001032.jpg,video1.mp4,1,1032,41.28,0.710744,0.710744,3,0.7126,3,0.9561,0.19
v1_001033.jpg,video1.mp4,1,1033,41.32,0.711433,0.711433,3,0.7146,3,0.9537,0.32
v1_001034.jpg,video1.mp4,1,1034,41.36,0.712121,0.712121,3,0.713,3,0.9589,0.09
v1_001035.jpg,video1.mp4,1,1035,41.4,0.71281,0.71281,3,0.7137,3,0.9611,0.09
v1_001037.jpg,video1.mp4,1,1037,41.48,0.714187,0.714187,3,0.7152,3,0.959,0.1
v1_001038.jpg,video1.mp4,1,1038,41.52,0.714876,0.714876,3,0.7128,3,0.9704,0.21
v1_001039.jpg,video1.mp4,1,1039,41.56,0.715565,0.715565,3,0.7162,3,0.97,0.06
v1_001040.jpg,video1.mp4,1,1040,41.6,0.716253,0.716253,3,0.709,3,0.9729,0.73
v1_001041.jpg,video1.mp4,1,1041,41.64,0.716942,0.716942,3,0.7075,3,0.9743,0.94
v1_001043.jpg,video1.mp4,1,1043,41.72,0.71832,0.71832,3,0.7144,3,0.9754,0.39
v1_001044.jpg,video1.mp4,1,1044,41.76,0.719008,0.719008,3,0.716,3,0.9763,0.3
v1_001045.jpg,video1.mp4,1,1045,41.8,0.719697,0.719697,3,0.7163,3,0.9756,0.34
v1_001046.jpg,video1.mp4,1,1046,41.84,0.720386,0.720386,3,0.7161,3,0.9765,0.43
v1_001048.jpg,video1.mp4,1,1048,41.92,0.721763,0.721763,3,0.7148,3,0.977,0.7
v1_001049.jpg,video1.mp4,1,1049,41.96,0.722452,0.722452,3,0.7144,3,0.9764,0.81
v1_001050.jpg,video1.mp4,1,1050,42.0,0.72314,0.72314,3,0.7193,3,0.9766,0.38
v1_001051.jpg,video1.mp4,1,1051,42.04,0.723829,0.723829,3,0.7171,3,0.9769,0.67
v1_001052.jpg,video1.mp4,1,1052,42.08,0.724518,0.724518,3,0.722,3,0.976,0.25
v1_001054.jpg,video1.mp4,1,1054,42.16,0.725895,0.725895,3,0.7071,3,0.9742,1.88
v1_001055.jpg,video1.mp4,1,1055,42.2,0.726584,0.726584,3,0.7064,3,0.9717,2.02
v1_001056.jpg,video1.mp4,1,1056,42.24,0.727273,0.727273,3,0.7055,3,0.9734,2.18
v1_001057.jpg,video1.mp4,1,1057,42.28,0.727961,0.727961,3,0.7035,3,0.9732,2.45
v1_001058.jpg,video1.mp4,1,1058,42.32,0.72865,0.72865,3,0.7032,3,0.9711,2.55
v1_001060.jpg,video1.mp4,1,1060,42.4,0.730028,0.730028,3,0.7149,3,0.9685,1.51
v1_001061.jpg,video1.mp4,1,1061,42.44,0.730716,0.730716,3,0.7038,3,0.9652,2.69
v1_001062.jpg,video1.mp4,1,1062,42.48,0.731405,0.731405,3,0.7019,3,0.9618,2.95
v1_001063.jpg,video1.mp4,1,1063,42.52,0.732094,0.732094,3,0.7067,3,0.9654,2.54
v1_001064.jpg,video1.mp4,1,1064,42.56,0.732782,0.732782,3,0.7103,3,0.9677,2.25
v1_001066.jpg,video1.mp4,1,1066,42.64,0.73416,0.73416,3,0.7118,3,0.9666,2.24
v1_001067.jpg,video1.mp4,1,1067,42.68,0.734848,0.734848,3,0.7145,3,0.961,2.03
v1_001068.jpg,video1.mp4,1,1068,42.72,0.735537,0.735537,3,0.7128,3,0.9693,2.27
v1_001069.jpg,video1.mp4,1,1069,42.76,0.736226,0.736226,3,0.7133,3,0.9666,2.29
v1_001071.jpg,video1.mp4,1,1071,42.84,0.737603,0.737603,3,0.7212,3,0.9662,1.64
v1_001072.jpg,video1.mp4,1,1072,42.88,0.738292,0.738292,3,0.7208,3,0.9592,1.75
v1_001073.jpg,video1.mp4,1,1073,42.92,0.738981,0.738981,3,0.7125,3,0.9576,2.65
v1_001074.jpg,video1.mp4,1,1074,42.96,0.739669,0.739669,3,0.7082,3,0.9473,3.15
v1_001075.jpg,video1.mp4,1,1075,43.0,0.740358,0.740358,3,0.7164,3,0.9287,2.4
v1_001077.jpg,video1.mp4,1,1077,43.08,0.741736,0.741736,3,0.7268,3,0.9476,1.49
v1_001078.jpg,video1.mp4,1,1078,43.12,0.742424,0.742424,3,0.7378,3,0.9429,0.46
v1_001079.jpg,video1.mp4,1,1079,43.16,0.743113,0.743113,3,0.7449,3,0.9524,0.18
v1_001080.jpg,video1.mp4,1,1080,43.2,0.743802,0.743802,3,0.7491,3,0.9527,0.53
v1_001081.jpg,video1.mp4,1,1081,43.24,0.74449,0.74449,3,0.7456,3,0.9565,0.11
v1_001083.jpg,video1.mp4,1,1083,43.32,0.745868,0.745868,3,0.7576,3,0.9541,1.17
v1_001084.jpg,video1.mp4,1,1084,43.36,0.746556,0.746556,3,0.7557,3,0.9591,0.91
v1_001085.jpg,video1.mp4,1,1085,43.4,0.747245,0.747245,3,0.7564,3,0.9613,0.92
v1_001086.jpg,video1.mp4,1,1086,43.44,0.747934,0.747934,3,0.7517,3,0.9649,0.38
v1_001087.jpg,video1.mp4,1,1087,43.48,0.748623,0.748623,3,0.7637,3,0.9565,1.51
v1_001089.jpg,video1.mp4,1,1089,43.56,0.75,0.75,3,0.7624,3,0.9452,1.24
v1_001090.jpg,video1.mp4,1,1090,43.6,0.750689,0.750689,3,0.7635,3,0.9513,1.28
v1_001091.jpg,video1.mp4,1,1091,43.64,0.751377,0.751377,3,0.7633,3,0.9554,1.19
v1_001092.jpg,video1.mp4,1,1092,43.68,0.752066,0.752066,3,0.7646,3,0.9579,1.25
v1_001094.jpg,video1.mp4,1,1094,43.76,0.753444,0.753444,3,0.7647,3,0.9684,1.13
v1_001095.jpg,video1.mp4,1,1095,43.8,0.754132,0.754132,3,0.7644,3,0.9651,1.03
v1_001096.jpg,video1.mp4,1,1096,43.84,0.754821,0.754821,3,0.7657,3,0.9622,1.09
v1_001097.jpg,video1.mp4,1,1097,43.88,0.75551,0.75551,3,0.7578,3,0.9702,0.23
v1_001098.jpg,video1.mp4,1,1098,43.92,0.756198,0.756198,3,0.7362,3,0.9648,2.0
v1_001100.jpg,video1.mp4,1,1100,44.0,0.757576,0.757576,3,0.7413,3,0.9758,1.63
v1_001101.jpg,video1.mp4,1,1101,44.04,0.758264,0.758264,3,0.7442,3,0.9748,1.41
v1_001102.jpg,video1.mp4,1,1102,44.08,0.758953,0.758953,3,0.732,3,0.9733,2.7
v1_001103.jpg,video1.mp4,1,1103,44.12,0.759642,0.759642,3,0.739,3,0.9785,2.06
v1_001104.jpg,video1.mp4,1,1104,44.16,0.760331,0.760331,3,0.7321,3,0.9765,2.82
v1_001106.jpg,video1.mp4,1,1106,44.24,0.761708,0.761708,3,0.7457,3,0.9748,1.6
v1_001107.jpg,video1.mp4,1,1107,44.28,0.762397,0.762397,3,0.7379,3,0.9695,2.45
v1_001108.jpg,video1.mp4,1,1108,44.32,0.763085,0.763085,3,0.7352,3,0.9666,2.79
v1_001109.jpg,video1.mp4,1,1109,44.36,0.763774,0.763774,3,0.7426,3,0.9662,2.12
v1_001110.jpg,video1.mp4,1,1110,44.4,0.764463,0.764463,3,0.7501,3,0.9735,1.44
v1_001112.jpg,video1.mp4,1,1112,44.48,0.76584,0.76584,3,0.7865,3,0.9705,2.07
v1_001113.jpg,video1.mp4,1,1113,44.52,0.766529,0.766529,3,0.7921,3,0.9622,2.56
v1_001114.jpg,video1.mp4,1,1114,44.56,0.767218,0.767218,3,0.7796,3,0.9686,1.24
v1_001115.jpg,video1.mp4,1,1115,44.6,0.767906,0.767906,3,0.7732,3,0.9703,0.53
v1_001117.jpg,video1.mp4,1,1117,44.68,0.769284,0.769284,3,0.7548,3,0.9765,1.45
v1_001118.jpg,video1.mp4,1,1118,44.72,0.769972,0.769972,3,0.7546,3,0.9762,1.54
v1_001119.jpg,video1.mp4,1,1119,44.76,0.770661,0.770661,3,0.7581,3,0.9766,1.26
v1_001120.jpg,video1.mp4,1,1120,44.8,0.77135,0.77135,3,0.7703,3,0.9705,0.11
v1_001121.jpg,video1.mp4,1,1121,44.84,0.772039,0.772039,3,0.7597,3,0.968,1.23
v1_001123.jpg,video1.mp4,1,1123,44.92,0.773416,0.773416,3,0.7619,3,0.9661,1.15
v1_001124.jpg,video1.mp4,1,1124,44.96,0.774105,0.774105,3,0.7665,3,0.9644,0.76
v1_001125.jpg,video1.mp4,1,1125,45.0,0.774793,0.774793,3,0.7651,3,0.9654,0.97
v1_001126.jpg,video1.mp4,1,1126,45.04,0.775482,0.775482,3,0.772,3,0.9668,0.35
v1_001127.jpg,video1.mp4,1,1127,45.08,0.776171,0.776171,3,0.7705,3,0.9629,0.57
v1_001129.jpg,video1.mp4,1,1129,45.16,0.777548,0.777548,3,0.7906,3,0.9548,1.31
v1_001130.jpg,video1.mp4,1,1130,45.2,0.778237,0.778237,3,0.786,3,0.9593,0.78
v1_001131.jpg,video1.mp4,1,1131,45.24,0.778926,0.778926,3,0.7865,3,0.9338,0.76
v1_001132.jpg,video1.mp4,1,1132,45.28,0.779614,0.779614,3,0.8199,3,0.9683,4.03
v1_001134.jpg,video1.mp4,1,1134,45.36,0.780992,0.780992,3,0.82,3,0.9678,3.9
v1_001135.jpg,video1.mp4,1,1135,45.4,0.78168,0.78168,3,0.8135,3,0.9691,3.18
v1_001136.jpg,video1.mp4,1,1136,45.44,0.782369,0.782369,3,0.8157,3,0.9727,3.33
v1_001137.jpg,video1.mp4,1,1137,45.48,0.783058,0.783058,3,0.8107,3,0.9741,2.76
v1_001138.jpg,video1.mp4,1,1138,45.52,0.783747,0.783747,3,0.8089,3,0.9721,2.52
v1_001140.jpg,video1.mp4,1,1140,45.6,0.785124,0.785124,3,0.803,3,0.9743,1.79
v1_001141.jpg,video1.mp4,1,1141,45.64,0.785813,0.785813,3,0.7909,3,0.972,0.51
v1_001142.jpg,video1.mp4,1,1142,45.68,0.786501,0.786501,3,0.7796,3,0.9709,0.69
v1_001143.jpg,video1.mp4,1,1143,45.72,0.78719,0.78719,3,0.7754,3,0.9717,1.18
v1_001144.jpg,video1.mp4,1,1144,45.76,0.787879,0.787879,3,0.7775,3,0.9697,1.04
v1_001146.jpg,video1.mp4,1,1146,45.84,0.789256,0.789256,3,0.7929,3,0.9749,0.36
v1_001147.jpg,video1.mp4,1,1147,45.88,0.789945,0.789945,3,0.7919,3,0.9721,0.2
v1_001148.jpg,video1.mp4,1,1148,45.92,0.790634,0.790634,3,0.7934,3,0.972,0.28
v1_001149.jpg,video1.mp4,1,1149,45.96,0.791322,0.791322,3,0.7968,3,0.9725,0.55
v1_001150.jpg,video1.mp4,1,1150,46.0,0.792011,0.792011,3,0.7949,3,0.9737,0.29
v1_001152.jpg,video1.mp4,1,1152,46.08,0.793388,0.793388,3,0.8158,3,0.9782,2.24
v1_001153.jpg,video1.mp4,1,1153,46.12,0.794077,0.794077,3,0.8115,3,0.976,1.74
v1_001154.jpg,video1.mp4,1,1154,46.16,0.794766,0.794766,3,0.8069,3,0.9756,1.21
v1_001155.jpg,video1.mp4,1,1155,46.2,0.795455,0.795455,3,0.8093,3,0.9788,1.38
v1_001157.jpg,video1.mp4,1,1157,46.28,0.796832,0.796832,3,0.8017,3,0.9704,0.49
v1_001158.jpg,video1.mp4,1,1158,46.32,0.797521,0.797521,3,0.7986,3,0.97,0.11
v1_001159.jpg,video1.mp4,1,1159,46.36,0.798209,0.798209,3,0.7945,3,0.9671,0.37
v1_001160.jpg,video1.mp4,1,1160,46.4,0.798898,0.798898,3,0.797,3,0.969,0.19
v1_001161.jpg,video1.mp4,1,1161,46.44,0.799587,0.799587,3,0.7907,3,0.9599,0.89
v1_001163.jpg,video1.mp4,1,1163,46.52,0.800964,0.800964,3,0.7874,3,0.9576,1.36
v1_001164.jpg,video1.mp4,1,1164,46.56,0.801653,0.801653,3,0.7861,3,0.9575,1.56
v1_001165.jpg,video1.mp4,1,1165,46.6,0.802342,0.802342,3,0.7853,3,0.9551,1.7
v1_001166.jpg,video1.mp4,1,1166,46.64,0.80303,0.80303,3,0.7938,3,0.9578,0.92
v1_001167.jpg,video1.mp4,1,1167,46.68,0.803719,0.803719,3,0.7923,3,0.9585,1.14
v1_001169.jpg,video1.mp4,1,1169,46.76,0.805096,0.805096,3,0.7898,3,0.9548,1.53
v1_001170.jpg,video1.mp4,1,1170,46.8,0.805785,0.805785,3,0.7843,3,0.9512,2.15
v1_001171.jpg,video1.mp4,1,1171,46.84,0.806474,0.806474,3,0.7847,3,0.9519,2.18
v1_001172.jpg,video1.mp4,1,1172,46.88,0.807163,0.807163,3,0.8064,3,0.9566,0.08
v1_001173.jpg,video1.mp4,1,1173,46.92,0.807851,0.807851,3,0.8061,3,0.9574,0.18
v1_001175.jpg,video1.mp4,1,1175,47.0,0.809229,0.809229,3,0.8111,3,0.9611,0.19
v1_001176.jpg,video1.mp4,1,1176,47.04,0.809917,0.809917,3,0.8103,3,0.9595,0.04
v1_001177.jpg,video1.mp4,1,1177,47.08,0.810606,0.810606,3,0.7957,3,0.9443,1.49
v1_001178.jpg,video1.mp4,1,1178,47.12,0.811295,0.811295,3,0.7938,3,0.953,1.75
v1_001180.jpg,video1.mp4,1,1180,47.2,0.812672,0.812672,3,0.813,3,0.9698,0.03
v1_001181.jpg,video1.mp4,1,1181,47.24,0.813361,0.813361,3,0.8069,3,0.9688,0.65
v1_001182.jpg,video1.mp4,1,1182,47.28,0.81405,0.81405,3,0.802,3,0.9704,1.21
v1_001183.jpg,video1.mp4,1,1183,47.32,0.814738,0.814738,3,0.8052,3,0.9715,0.95
v1_001184.jpg,video1.mp4,1,1184,47.36,0.815427,0.815427,3,0.8017,3,0.9685,1.37
v1_001186.jpg,video1.mp4,1,1186,47.44,0.816804,0.816804,3,0.8187,3,0.9688,0.19
v1_001187.jpg,video1.mp4,1,1187,47.48,0.817493,0.817493,3,0.8131,3,0.9664,0.44
v1_001188.jpg,video1.mp4,1,1188,47.52,0.818182,0.818182,3,0.8108,3,0.9664,0.74
v1_001189.jpg,video1.mp4,1,1189,47.56,0.818871,0.818871,3,0.8066,3,0.9664,1.23
v1_001190.jpg,video1.mp4,1,1190,47.6,0.819559,0.819559,3,0.8159,3,0.9647,0.37
v1_001192.jpg,video1.mp4,1,1192,47.68,0.820937,0.820937,3,0.8106,3,0.9584,1.03
v1_001193.jpg,video1.mp4,1,1193,47.72,0.821625,0.821625,3,0.8144,3,0.9511,0.72
v1_001194.jpg,video1.mp4,1,1194,47.76,0.822314,0.822314,3,0.8168,3,0.9436,0.55
v1_001195.jpg,video1.mp4,1,1195,47.8,0.823003,0.823003,3,0.8315,3,0.9355,0.85
v1_001196.jpg,video1.mp4,1,1196,47.84,0.823691,0.823691,3,0.8301,3,0.9371,0.64
v1_001198.jpg,video1.mp4,1,1198,47.92,0.825069,0.825069,3,0.8429,3,0.9199,1.78
v1_001199.jpg,video1.mp4,1,1199,47.96,0.825758,0.825758,3,0.8409,3,0.9215,1.51
v1_001200.jpg,video1.mp4,1,1200,48.0,0.826446,0.826446,3,0.8341,3,0.9219,0.77
v1_001201.jpg,video1.mp4,1,1201,48.04,0.827135,0.827135,3,0.8416,3,0.9113,1.45
v1_001203.jpg,video1.mp4,1,1203,48.12,0.828512,0.828512,3,0.8348,3,0.9241,0.63
v1_001204.jpg,video1.mp4,1,1204,48.16,0.829201,0.829201,3,0.8407,3,0.8567,1.15
v1_001205.jpg,video1.mp4,1,1205,48.2,0.82989,0.82989,3,0.8359,3,0.901,0.6
v1_001206.jpg,video1.mp4,1,1206,48.24,0.830579,0.830579,3,0.8394,3,0.9114,0.88
v1_001207.jpg,video1.mp4,1,1207,48.28,0.831267,0.831267,3,0.8419,3,0.9409,1.06
v1_001209.jpg,video1.mp4,1,1209,48.36,0.832645,0.832645,3,0.8387,3,0.9363,0.61
v1_001210.jpg,video1.mp4,1,1210,48.4,0.833333,0.833333,3,0.8439,3,0.9253,1.06
v1_001211.jpg,video1.mp4,1,1211,48.44,0.834022,0.834022,3,0.8454,3,0.9201,1.14
v1_001212.jpg,video1.mp4,1,1212,48.48,0.834711,0.834711,3,0.8441,3,0.9153,0.94
v1_001213.jpg,video1.mp4,1,1213,48.52,0.835399,0.835399,3,0.8436,3,0.9286,0.82
v1_001215.jpg,video1.mp4,1,1215,48.6,0.836777,0.836777,3,0.8408,3,0.9391,0.4
v1_001216.jpg,video1.mp4,1,1216,48.64,0.837466,0.837466,3,0.8398,3,0.8946,0.23
v1_001217.jpg,video1.mp4,1,1217,48.68,0.838154,0.838154,3,0.8405,3,0.9076,0.23
v1_001218.jpg,video1.mp4,1,1218,48.72,0.838843,0.838843,3,0.8398,3,0.9206,0.1
v1_001219.jpg,video1.mp4,1,1219,48.76,0.839532,0.839532,3,0.8387,3,0.9162,0.08
v1_001221.jpg,video1.mp4,1,1221,48.84,0.840909,0.840909,3,0.8377,3,0.9045,0.32
v1_001222.jpg,video1.mp4,1,1222,48.88,0.841598,0.841598,3,0.8334,3,0.8982,0.82
v1_001223.jpg,video1.mp4,1,1223,48.92,0.842287,0.842287,3,0.833,3,0.9068,0.93
v1_001224.jpg,video1.mp4,1,1224,48.96,0.842975,0.842975,3,0.8337,3,0.9032,0.93
v1_001226.jpg,video1.mp4,1,1226,49.04,0.844353,0.844353,3,0.8272,3,0.8829,1.72
v1_001227.jpg,video1.mp4,1,1227,49.08,0.845041,0.845041,3,0.8259,3,0.8646,1.91
v1_001228.jpg,video1.mp4,1,1228,49.12,0.84573,0.84573,3,0.8233,3,0.8809,2.24
v1_001229.jpg,video1.mp4,1,1229,49.16,0.846419,0.846419,3,0.8248,3,0.8806,2.16
v1_001230.jpg,video1.mp4,1,1230,49.2,0.847107,0.847107,3,0.823,3,0.7769,2.41
v1_001232.jpg,video1.mp4,1,1232,49.28,0.848485,0.848485,3,0.8171,3,0.8559,3.14
v1_001233.jpg,video1.mp4,1,1233,49.32,0.849174,0.849174,3,0.8183,3,0.8701,3.09
v1_001234.jpg,video1.mp4,1,1234,49.36,0.849862,0.849862,3,0.8198,3,0.6967,3.01
v1_001235.jpg,video1.mp4,1,1235,49.4,0.850551,0.850551,4,0.8176,3,0.6351,3.3
v1_001236.jpg,video1.mp4,1,1236,49.44,0.85124,0.85124,4,0.8166,3,0.6356,3.46
v1_001238.jpg,video1.mp4,1,1238,49.52,0.852617,0.852617,4,0.8044,3,0.4963,4.82
v1_001239.jpg,video1.mp4,1,1239,49.56,0.853306,0.853306,4,0.8398,4,0.9407,1.35
v1_001240.jpg,video1.mp4,1,1240,49.6,0.853994,0.853994,4,0.8377,4,0.9473,1.63
v1_001241.jpg,video1.mp4,1,1241,49.64,0.854683,0.854683,4,0.8579,4,0.955,0.32
v1_001242.jpg,video1.mp4,1,1242,49.68,0.855372,0.855372,4,0.8579,4,0.9598,0.25
v1_001244.jpg,video1.mp4,1,1244,49.76,0.856749,0.856749,4,0.8769,4,0.963,2.02
v1_001245.jpg,video1.mp4,1,1245,49.8,0.857438,0.857438,4,0.8944,4,0.9652,3.7
v1_001246.jpg,video1.mp4,1,1246,49.84,0.858127,0.858127,4,0.8975,4,0.9655,3.94
v1_001247.jpg,video1.mp4,1,1247,49.88,0.858815,0.858815,4,0.8977,4,0.9642,3.89
v1_001249.jpg,video1.mp4,1,1249,49.96,0.860193,0.860193,4,0.8835,4,0.9589,2.33
v1_001250.jpg,video1.mp4,1,1250,50.0,0.860882,0.860882,4,0.88,4,0.958,1.91
v1_001251.jpg,video1.mp4,1,1251,50.04,0.86157,0.86157,4,0.8777,4,0.9541,1.61
v1_001252.jpg,video1.mp4,1,1252,50.08,0.862259,0.862259,4,0.8528,4,0.954,0.95
v1_001253.jpg,video1.mp4,1,1253,50.12,0.862948,0.862948,4,0.8481,4,0.9517,1.48
v1_001255.jpg,video1.mp4,1,1255,50.2,0.864325,0.864325,4,0.8744,4,0.9592,1.01
v1_001256.jpg,video1.mp4,1,1256,50.24,0.865014,0.865014,4,0.8513,4,0.952,1.37
v1_001257.jpg,video1.mp4,1,1257,50.28,0.865702,0.865702,4,0.8496,4,0.9476,1.61
v1_001258.jpg,video1.mp4,1,1258,50.32,0.866391,0.866391,4,0.8519,4,0.9443,1.45
v1_001259.jpg,video1.mp4,1,1259,50.36,0.86708,0.86708,4,0.8413,4,0.9444,2.58
v1_001261.jpg,video1.mp4,1,1261,50.44,0.868457,0.868457,4,0.8598,4,0.9483,0.87
v1_001262.jpg,video1.mp4,1,1262,50.48,0.869146,0.869146,4,0.8659,4,0.9425,0.32
v1_001263.jpg,video1.mp4,1,1263,50.52,0.869835,0.869835,4,0.8715,4,0.9414,0.17
v1_001264.jpg,video1.mp4,1,1264,50.56,0.870523,0.870523,4,0.8713,4,0.9426,0.08
v1_001266.jpg,video1.mp4,1,1266,50.64,0.871901,0.871901,4,0.8725,4,0.9533,0.06
v1_001267.jpg,video1.mp4,1,1267,50.68,0.87259,0.87259,4,0.8673,4,0.9543,0.53
v1_001268.jpg,video1.mp4,1,1268,50.72,0.873278,0.873278,4,0.8627,4,0.9525,1.06
v1_001269.jpg,video1.mp4,1,1269,50.76,0.873967,0.873967,4,0.8909,4,0.9543,1.69
v1_001270.jpg,video1.mp4,1,1270,50.8,0.874656,0.874656,4,0.8804,4,0.9517,0.57
v1_001272.jpg,video1.mp4,1,1272,50.88,0.876033,0.876033,4,0.8793,4,0.9521,0.33
v1_001273.jpg,video1.mp4,1,1273,50.92,0.876722,0.876722,4,0.8813,4,0.9534,0.46
v1_001274.jpg,video1.mp4,1,1274,50.96,0.87741,0.87741,4,0.8854,4,0.9553,0.8
v1_001275.jpg,video1.mp4,1,1275,51.0,0.878099,0.878099,4,0.8928,4,0.9547,1.47
v1_001276.jpg,video1.mp4,1,1276,51.04,0.878788,0.878788,4,0.8951,4,0.9514,1.63
v1_001278.jpg,video1.mp4,1,1278,51.12,0.880165,0.880165,4,0.8917,4,0.9572,1.15
v1_001279.jpg,video1.mp4,1,1279,51.16,0.880854,0.880854,4,0.8827,4,0.9562,0.18
v1_001280.jpg,video1.mp4,1,1280,51.2,0.881543,0.881543,4,0.8765,4,0.9497,0.5
v1_001281.jpg,video1.mp4,1,1281,51.24,0.882231,0.882231,4,0.8805,4,0.9549,0.17
v1_001282.jpg,video1.mp4,1,1282,51.28,0.88292,0.88292,4,0.9014,4,0.9542,1.85
v1_001284.jpg,video1.mp4,1,1284,51.36,0.884298,0.884298,4,0.9151,4,0.9542,3.08
v1_001285.jpg,video1.mp4,1,1285,51.4,0.884986,0.884986,4,0.9364,4,0.9588,5.14
v1_001286.jpg,video1.mp4,1,1286,51.44,0.885675,0.885675,4,0.9322,4,0.9631,4.65
v1_001287.jpg,video1.mp4,1,1287,51.48,0.886364,0.886364,4,0.9186,4,0.9604,3.22
v1_001289.jpg,video1.mp4,1,1289,51.56,0.887741,0.887741,4,0.9121,4,0.9558,2.44
v1_001290.jpg,video1.mp4,1,1290,51.6,0.88843,0.88843,4,0.9135,4,0.9594,2.51
v1_001291.jpg,video1.mp4,1,1291,51.64,0.889118,0.889118,4,0.909,4,0.9591,1.99
v1_001292.jpg,video1.mp4,1,1292,51.68,0.889807,0.889807,4,0.9076,4,0.9574,1.78
v1_001293.jpg,video1.mp4,1,1293,51.72,0.890496,0.890496,4,0.8969,4,0.9518,0.64
v1_001295.jpg,video1.mp4,1,1295,51.8,0.891873,0.891873,4,0.9022,4,0.9554,1.03
v1_001296.jpg,video1.mp4,1,1296,51.84,0.892562,0.892562,4,0.9096,4,0.9571,1.7
v1_001297.jpg,video1.mp4,1,1297,51.88,0.893251,0.893251,4,0.9158,4,0.9619,2.25
v1_001298.jpg,video1.mp4,1,1298,51.92,0.893939,0.893939,4,0.9018,4,0.9582,0.79
v1_001299.jpg,video1.mp4,1,1299,51.96,0.894628,0.894628,4,0.9022,4,0.959,0.76
v1_001301.jpg,video1.mp4,1,1301,52.04,0.896006,0.896006,4,0.896,4,0.9583,0.0
v1_001302.jpg,video1.mp4,1,1302,52.08,0.896694,0.896694,4,0.9006,4,0.9579,0.39
v1_001303.jpg,video1.mp4,1,1303,52.12,0.897383,0.897383,4,0.8955,4,0.9579,0.19
v1_001304.jpg,video1.mp4,1,1304,52.16,0.898072,0.898072,4,0.9089,4,0.9599,1.08
v1_001305.jpg,video1.mp4,1,1305,52.2,0.89876,0.89876,4,0.9035,4,0.9598,0.47
v1_001307.jpg,video1.mp4,1,1307,52.28,0.900138,0.900138,4,0.9106,4,0.9578,1.05
v1_001308.jpg,video1.mp4,1,1308,52.32,0.900826,0.900826,4,0.9198,4,0.9571,1.9
v1_001309.jpg,video1.mp4,1,1309,52.36,0.901515,0.901515,4,0.9192,4,0.961,1.77
v1_001310.jpg,video1.mp4,1,1310,52.4,0.902204,0.902204,4,0.9063,4,0.9621,0.41
v1_001312.jpg,video1.mp4,1,1312,52.48,0.903581,0.903581,4,0.9021,4,0.9558,0.15
v1_001313.jpg,video1.mp4,1,1313,52.52,0.90427,0.90427,4,0.911,4,0.9573,0.67
v1_001314.jpg,video1.mp4,1,1314,52.56,0.904959,0.904959,4,0.9132,4,0.9556,0.82
v1_001315.jpg,video1.mp4,1,1315,52.6,0.905647,0.905647,4,0.9229,4,0.9604,1.73
v1_001316.jpg,video1.mp4,1,1316,52.64,0.906336,0.906336,4,0.9259,4,0.9618,1.96
v1_001318.jpg,video1.mp4,1,1318,52.72,0.907713,0.907713,4,0.9174,4,0.9624,0.97
v1_001319.jpg,video1.mp4,1,1319,52.76,0.908402,0.908402,4,0.9173,4,0.9609,0.89
v1_001320.jpg,video1.mp4,1,1320,52.8,0.909091,0.909091,4,0.9126,4,0.9592,0.35
v1_001321.jpg,video1.mp4,1,1321,52.84,0.90978,0.90978,4,0.9099,4,0.9612,0.01
v1_001322.jpg,video1.mp4,1,1322,52.88,0.910468,0.910468,4,0.9247,4,0.9642,1.42
v1_001324.jpg,video1.mp4,1,1324,52.96,0.911846,0.911846,4,0.9099,4,0.9666,0.19
v1_001325.jpg,video1.mp4,1,1325,53.0,0.912534,0.912534,4,0.9212,4,0.9674,0.87
v1_001326.jpg,video1.mp4,1,1326,53.04,0.913223,0.913223,4,0.906,4,0.9662,0.72
v1_001327.jpg,video1.mp4,1,1327,53.08,0.913912,0.913912,4,0.9021,4,0.9597,1.18
v1_001328.jpg,video1.mp4,1,1328,53.12,0.914601,0.914601,4,0.9134,4,0.959,0.12
v1_001330.jpg,video1.mp4,1,1330,53.2,0.915978,0.915978,4,0.913,4,0.9593,0.3
v1_001331.jpg,video1.mp4,1,1331,53.24,0.916667,0.916667,4,0.9138,4,0.9632,0.29
v1_001332.jpg,video1.mp4,1,1332,53.28,0.917355,0.917355,4,0.9242,4,0.9621,0.68
v1_001333.jpg,video1.mp4,1,1333,53.32,0.918044,0.918044,4,0.9381,4,0.9649,2.01
v1_001335.jpg,video1.mp4,1,1335,53.4,0.919421,0.919421,4,0.9268,4,0.9645,0.74
v1_001336.jpg,video1.mp4,1,1336,53.44,0.92011,0.92011,4,0.9101,4,0.9624,1.0
v1_001337.jpg,video1.mp4,1,1337,53.48,0.920799,0.920799,4,0.9123,4,0.9648,0.85
v1_001338.jpg,video1.mp4,1,1338,53.52,0.921488,0.921488,4,0.9208,4,0.9675,0.07
v1_001339.jpg,video1.mp4,1,1339,53.56,0.922176,0.922176,4,0.9202,4,0.9714,0.2
v1_001341.jpg,video1.mp4,1,1341,53.64,0.923554,0.923554,4,0.9087,4,0.9699,1.49
v1_001342.jpg,video1.mp4,1,1342,53.68,0.924242,0.924242,4,0.8896,4,0.9685,3.46
v1_001343.jpg,video1.mp4,1,1343,53.72,0.924931,0.924931,4,0.9031,4,0.972,2.18
v1_001344.jpg,video1.mp4,1,1344,53.76,0.92562,0.92562,4,0.9178,4,0.9691,0.78
v1_001345.jpg,video1.mp4,1,1345,53.8,0.926309,0.926309,4,0.9136,4,0.9668,1.27
v1_001347.jpg,video1.mp4,1,1347,53.88,0.927686,0.927686,4,0.9046,4,0.9631,2.31
v1_001348.jpg,video1.mp4,1,1348,53.92,0.928375,0.928375,4,0.9133,4,0.9648,1.51
v1_001349.jpg,video1.mp4,1,1349,53.96,0.929063,0.929063,4,0.9182,4,0.9662,1.09
v1_001350.jpg,video1.mp4,1,1350,54.0,0.929752,0.929752,4,0.9343,4,0.9713,0.45
v1_001351.jpg,video1.mp4,1,1351,54.04,0.930441,0.930441,4,0.9367,4,0.9692,0.63
v1_001353.jpg,video1.mp4,1,1353,54.12,0.931818,0.931818,4,0.9444,4,0.9698,1.26
v1_001354.jpg,video1.mp4,1,1354,54.16,0.932507,0.932507,4,0.941,4,0.9708,0.85
v1_001355.jpg,video1.mp4,1,1355,54.2,0.933196,0.933196,4,0.9384,4,0.9701,0.52
v1_001356.jpg,video1.mp4,1,1356,54.24,0.933884,0.933884,4,0.9389,4,0.9706,0.5
v1_001358.jpg,video1.mp4,1,1358,54.32,0.935262,0.935262,4,0.9359,4,0.9717,0.06
v1_001359.jpg,video1.mp4,1,1359,54.36,0.93595,0.93595,4,0.9304,4,0.9709,0.55
v1_001360.jpg,video1.mp4,1,1360,54.4,0.936639,0.936639,4,0.9322,4,0.9702,0.44
v1_001361.jpg,video1.mp4,1,1361,54.44,0.937328,0.937328,4,0.9341,4,0.9697,0.32
v1_001362.jpg,video1.mp4,1,1362,54.48,0.938017,0.938017,4,0.941,4,0.9699,0.3
v1_001364.jpg,video1.mp4,1,1364,54.56,0.939394,0.939394,4,0.9438,4,0.9676,0.44
v1_001365.jpg,video1.mp4,1,1365,54.6,0.940083,0.940083,4,0.939,4,0.9676,0.11
v1_001366.jpg,video1.mp4,1,1366,54.64,0.940771,0.940771,4,0.9451,4,0.9666,0.43
v1_001367.jpg,video1.mp4,1,1367,54.68,0.94146,0.94146,4,0.9409,4,0.969,0.06
v1_001368.jpg,video1.mp4,1,1368,54.72,0.942149,0.942149,4,0.9357,4,0.9655,0.64
v1_001370.jpg,video1.mp4,1,1370,54.8,0.943526,0.943526,4,0.9369,4,0.9662,0.66
v1_001371.jpg,video1.mp4,1,1371,54.84,0.944215,0.944215,4,0.9409,4,0.9646,0.33
v1_001372.jpg,video1.mp4,1,1372,54.88,0.944904,0.944904,4,0.9265,4,0.9585,1.84
v1_001373.jpg,video1.mp4,1,1373,54.92,0.945592,0.945592,4,0.9315,4,0.9574,1.41
v1_001374.jpg,video1.mp4,1,1374,54.96,0.946281,0.946281,4,0.9417,4,0.9645,0.46
v1_001376.jpg,video1.mp4,1,1376,55.04,0.947658,0.947658,4,0.9512,4,0.9616,0.35
v1_001377.jpg,video1.mp4,1,1377,55.08,0.948347,0.948347,4,0.9512,4,0.9636,0.29
v1_001378.jpg,video1.mp4,1,1378,55.12,0.949036,0.949036,4,0.956,4,0.9625,0.7
v1_001379.jpg,video1.mp4,1,1379,55.16,0.949725,0.949725,4,0.9538,4,0.962,0.41
v1_001381.jpg,video1.mp4,1,1381,55.24,0.951102,0.951102,4,0.9428,4,0.9643,0.83
v1_001382.jpg,video1.mp4,1,1382,55.28,0.951791,0.951791,4,0.9406,4,0.9689,1.12
v1_001383.jpg,video1.mp4,1,1383,55.32,0.952479,0.952479,4,0.9499,4,0.9673,0.26
v1_001384.jpg,video1.mp4,1,1384,55.36,0.953168,0.953168,4,0.949,4,0.9673,0.42
v1_001385.jpg,video1.mp4,1,1385,55.4,0.953857,0.953857,4,0.9457,4,0.9679,0.82
v1_001387.jpg,video1.mp4,1,1387,55.48,0.955234,0.955234,4,0.9422,4,0.9665,1.3
v1_001388.jpg,video1.mp4,1,1388,55.52,0.955923,0.955923,4,0.948,4,0.9671,0.79
v1_001389.jpg,video1.mp4,1,1389,55.56,0.956612,0.956612,4,0.9528,4,0.9683,0.38
v1_001390.jpg,video1.mp4,1,1390,55.6,0.9573,0.9573,4,0.9534,4,0.9663,0.39
v1_001391.jpg,video1.mp4,1,1391,55.64,0.957989,0.957989,4,0.9454,4,0.9626,1.26
v1_001393.jpg,video1.mp4,1,1393,55.72,0.959366,0.959366,4,0.9365,4,0.9608,2.29
v1_001394.jpg,video1.mp4,1,1394,55.76,0.960055,0.960055,4,0.9476,4,0.9604,1.25
v1_001395.jpg,video1.mp4,1,1395,55.8,0.960744,0.960744,4,0.9394,4,0.9617,2.13
v1_001396.jpg,video1.mp4,1,1396,55.84,0.961433,0.961433,4,0.9459,4,0.9632,1.55
v1_001398.jpg,video1.mp4,1,1398,55.92,0.96281,0.96281,4,0.9451,4,0.9616,1.77
v1_001399.jpg,video1.mp4,1,1399,55.96,0.963499,0.963499,4,0.9444,4,0.9656,1.91
v1_001400.jpg,video1.mp4,1,1400,56.0,0.964187,0.964187,4,0.9476,4,0.9683,1.66
v1_001401.jpg,video1.mp4,1,1401,56.04,0.964876,0.964876,4,0.9415,4,0.9695,2.34
v1_001402.jpg,video1.mp4,1,1402,56.08,0.965565,0.965565,4,0.9443,4,0.9655,2.13
v1_001404.jpg,video1.mp4,1,1404,56.16,0.966942,0.966942,4,0.9429,4,0.966,2.4
v1_001405.jpg,video1.mp4,1,1405,56.2,0.967631,0.967631,4,0.9441,4,0.9683,2.35
v1_001406.jpg,video1.mp4,1,1406,56.24,0.96832,0.96832,4,0.9458,4,0.9688,2.25
v1_001407.jpg,video1.mp4,1,1407,56.28,0.969008,0.969008,4,0.9466,4,0.9693,2.24
v1_001408.jpg,video1.mp4,1,1408,56.32,0.969697,0.969697,4,0.9527,4,0.9693,1.7
v1_001410.jpg,video1.mp4,1,1410,56.4,0.971074,0.971074,4,0.9408,4,0.9581,3.03
v1_001411.jpg,video1.mp4,1,1411,56.44,0.971763,0.971763,4,0.9433,4,0.9615,2.85
v1_001412.jpg,video1.mp4,1,1412,56.48,0.972452,0.972452,4,0.9425,4,0.9617,3.0
v1_001413.jpg,video1.mp4,1,1413,56.52,0.97314,0.97314,4,0.9501,4,0.9667,2.3
v1_001414.jpg,video1.mp4,1,1414,56.56,0.973829,0.973829,4,0.953,4,0.9671,2.08
v1_001416.jpg,video1.mp4,1,1416,56.64,0.975207,0.975207,4,0.9645,4,0.9711,1.07
v1_001417.jpg,video1.mp4,1,1417,56.68,0.975895,0.975895,4,0.967,4,0.9703,0.89
v1_001418.jpg,video1.mp4,1,1418,56.72,0.976584,0.976584,4,0.9715,4,0.9733,0.51
v1_001419.jpg,video1.mp4,1,1419,56.76,0.977273,0.977273,4,0.9692,4,0.9646,0.81
v1_001421.jpg,video1.mp4,1,1421,56.84,0.97865,0.97865,4,0.9753,4,0.9675,0.33
v1_001422.jpg,video1.mp4,1,1422,56.88,0.979339,0.979339,4,0.9734,4,0.964,0.59
v1_001423.jpg,video1.mp4,1,1423,56.92,0.980028,0.980028,4,0.9704,4,0.9636,0.96
v1_001424.jpg,video1.mp4,1,1424,56.96,0.980716,0.980716,4,0.9687,4,0.9598,1.2
v1_001425.jpg,video1.mp4,1,1425,57.0,0.981405,0.981405,4,0.9709,4,0.9629,1.05
v1_001427.jpg,video1.mp4,1,1427,57.08,0.982782,0.982782,4,0.9762,4,0.9605,0.66
v1_001428.jpg,video1.mp4,1,1428,57.12,0.983471,0.983471,4,0.9719,4,0.9555,1.16
v1_001429.jpg,video1.mp4,1,1429,57.16,0.98416,0.98416,4,0.9722,4,0.9579,1.2
v1_001430.jpg,video1.mp4,1,1430,57.2,0.984848,0.984848,4,0.9785,4,0.9648,0.63
v1_001431.jpg,video1.mp4,1,1431,57.24,0.985537,0.985537,4,0.979,4,0.9641,0.65
v1_001433.jpg,video1.mp4,1,1433,57.32,0.986915,0.986915,4,0.9713,4,0.9537,1.56
v1_001434.jpg,video1.mp4,1,1434,57.36,0.987603,0.987603,4,0.9716,4,0.9566,1.6
v1_001435.jpg,video1.mp4,1,1435,57.4,0.988292,0.988292,4,0.9712,4,0.958,1.71
v1_001436.jpg,video1.mp4,1,1436,57.44,0.988981,0.988981,4,0.9773,4,0.9631,1.17
v1_001437.jpg,video1.mp4,1,1437,57.48,0.989669,0.989669,4,0.9799,4,0.9617,0.98
v1_001439.jpg,video1.mp4,1,1439,57.56,0.991047,0.991047,4,0.9738,4,0.9558,1.72
v1_001440.jpg,video1.mp4,1,1440,57.6,0.991736,0.991736,4,0.9719,4,0.9545,1.98
v1_001441.jpg,video1.mp4,1,1441,57.64,0.992424,0.992424,4,0.9756,4,0.9649,1.68
v1_001442.jpg,video1.mp4,1,1442,57.68,0.993113,0.993113,4,0.9781,4,0.9645,1.5
v1_001444.jpg,video1.mp4,1,1444,57.76,0.99449,0.99449,4,0.973,4,0.9581,2.15
v1_001445.jpg,video1.mp4,1,1445,57.8,0.995179,0.995179,4,0.9769,4,0.963,1.83
v1_001446.jpg,video1.mp4,1,1446,57.84,0.995868,0.995868,4,0.9712,4,0.9588,2.47
v1_001447.jpg,video1.mp4,1,1447,57.88,0.996556,0.996556,4,0.9782,4,0.9673,1.84
v1_001448.jpg,video1.mp4,1,1448,57.92,0.997245,0.997245,4,0.9814,4,0.9684,1.58
v1_001450.jpg,video1.mp4,1,1450,58.0,0.998623,0.998623,4,0.9683,4,0.9633,3.03
v1_001451.jpg,video1.mp4,1,1451,58.04,0.999311,0.999311,4,0.9694,4,0.9648,2.99
v1_001452.jpg,video1.mp4,1,1452,58.08,1.0,1.0,4,0.9665,4,0.9638,3.35
v2_000000.jpg,video2.mp4,2,0,0.0,0.0,0.0,0,0.0312,0,0.9546,3.12
v2_000001.jpg,video2.mp4,2,1,0.04,0.000687,0.000687,0,0.0286,0,0.9591,2.79
v2_000002.jpg,video2.mp4,2,2,0.08,0.001374,0.001374,0,0.0294,0,0.9594,2.8
v2_000004.jpg,video2.mp4,2,4,0.16,0.002747,0.002747,0,0.0315,0,0.9569,2.88
v2_000005.jpg,video2.mp4,2,5,0.2,0.003434,0.003434,0,0.0297,0,0.9598,2.63
v2_000006.jpg,video2.mp4,2,6,0.24,0.004121,0.004121,0,0.0294,0,0.9592,2.53
v2_000007.jpg,video2.mp4,2,7,0.28,0.004808,0.004808,0,0.0282,0,0.9617,2.34
v2_000009.jpg,video2.mp4,2,9,0.36,0.006181,0.006181,0,0.0307,0,0.9567,2.45
v2_000010.jpg,video2.mp4,2,10,0.4,0.006868,0.006868,0,0.0301,0,0.9592,2.32
v2_000011.jpg,video2.mp4,2,11,0.44,0.007555,0.007555,0,0.0317,0,0.9553,2.41
v2_000012.jpg,video2.mp4,2,12,0.48,0.008242,0.008242,0,0.0334,0,0.952,2.52
v2_000013.jpg,video2.mp4,2,13,0.52,0.008929,0.008929,0,0.0302,0,0.9567,2.13
v2_000015.jpg,video2.mp4,2,15,0.6,0.010302,0.010302,0,0.0325,0,0.957,2.22
v2_000016.jpg,video2.mp4,2,16,0.64,0.010989,0.010989,0,0.0297,0,0.9592,1.87
v2_000017.jpg,video2.mp4,2,17,0.68,0.011676,0.011676,0,0.0281,0,0.9626,1.64
v2_000018.jpg,video2.mp4,2,18,0.72,0.012363,0.012363,0,0.0287,0,0.9612,1.63
v2_000019.jpg,video2.mp4,2,19,0.76,0.013049,0.013049,0,0.0293,0,0.9604,1.63
v2_000021.jpg,video2.mp4,2,21,0.84,0.014423,0.014423,0,0.0316,0,0.9566,1.72
v2_000022.jpg,video2.mp4,2,22,0.88,0.01511,0.01511,0,0.0309,0,0.9582,1.58
v2_000023.jpg,video2.mp4,2,23,0.92,0.015797,0.015797,0,0.0307,0,0.9573,1.49
v2_000024.jpg,video2.mp4,2,24,0.96,0.016484,0.016484,0,0.0301,0,0.9594,1.36
v2_000026.jpg,video2.mp4,2,26,1.04,0.017857,0.017857,0,0.0379,0,0.9494,2.0
v2_000027.jpg,video2.mp4,2,27,1.08,0.018544,0.018544,0,0.0373,0,0.9536,1.88
v2_000028.jpg,video2.mp4,2,28,1.12,0.019231,0.019231,0,0.0415,0,0.9469,2.23
v2_000029.jpg,video2.mp4,2,29,1.16,0.019918,0.019918,0,0.0315,0,0.9585,1.16
v2_000030.jpg,video2.mp4,2,30,1.2,0.020604,0.020604,0,0.0308,0,0.9594,1.02
v2_000032.jpg,video2.mp4,2,32,1.28,0.021978,0.021978,0,0.0301,0,0.9586,0.81
v2_000033.jpg,video2.mp4,2,33,1.32,0.022665,0.022665,0,0.0316,0,0.9574,0.89
v2_000034.jpg,video2.mp4,2,34,1.36,0.023352,0.023352,0,0.0329,0,0.9551,0.95
v2_000035.jpg,video2.mp4,2,35,1.4,0.024038,0.024038,0,0.0315,0,0.9583,0.75
v2_000036.jpg,video2.mp4,2,36,1.44,0.024725,0.024725,0,0.0297,0,0.9604,0.5
v2_000038.jpg,video2.mp4,2,38,1.52,0.026099,0.026099,0,0.0298,0,0.9618,0.37
v2_000039.jpg,video2.mp4,2,39,1.56,0.026786,0.026786,0,0.0308,0,0.9597,0.4
v2_000040.jpg,video2.mp4,2,40,1.6,0.027473,0.027473,0,0.0273,0,0.966,0.02
v2_000041.jpg,video2.mp4,2,41,1.64,0.028159,0.028159,0,0.0273,0,0.9658,0.09
v2_000043.jpg,video2.mp4,2,43,1.72,0.029533,0.029533,0,0.0279,0,0.964,0.16
v2_000044.jpg,video2.mp4,2,44,1.76,0.03022,0.03022,0,0.0291,0,0.9664,0.11
v2_000045.jpg,video2.mp4,2,45,1.8,0.030907,0.030907,0,0.029,0,0.9685,0.19
v2_000046.jpg,video2.mp4,2,46,1.84,0.031593,0.031593,0,0.0269,0,0.9671,0.47
v2_000047.jpg,video2.mp4,2,47,1.88,0.03228,0.03228,0,0.0282,0,0.9656,0.41
v2_000049.jpg,video2.mp4,2,49,1.96,0.033654,0.033654,0,0.0325,0,0.962,0.12
v2_000050.jpg,video2.mp4,2,50,2.0,0.034341,0.034341,0,0.0368,0,0.959,0.25
v2_000051.jpg,video2.mp4,2,51,2.04,0.035027,0.035027,0,0.0445,0,0.9513,0.95
v2_000052.jpg,video2.mp4,2,52,2.08,0.035714,0.035714,0,0.0459,0,0.9499,1.02
v2_000053.jpg,video2.mp4,2,53,2.12,0.036401,0.036401,0,0.0335,0,0.9621,0.29
v2_000055.jpg,video2.mp4,2,55,2.2,0.037775,0.037775,0,0.0343,0,0.9617,0.35
v2_000056.jpg,video2.mp4,2,56,2.24,0.038462,0.038462,0,0.0337,0,0.9625,0.48
v2_000057.jpg,video2.mp4,2,57,2.28,0.039148,0.039148,0,0.0326,0,0.9643,0.65
v2_000058.jpg,video2.mp4,2,58,2.32,0.039835,0.039835,0,0.0308,0,0.9662,0.9
v2_000060.jpg,video2.mp4,2,60,2.4,0.041209,0.041209,0,0.0315,0,0.9665,0.97
v2_000061.jpg,video2.mp4,2,61,2.44,0.041896,0.041896,0,0.0314,0,0.9671,1.05
v2_000062.jpg,video2.mp4,2,62,2.48,0.042582,0.042582,0,0.0326,0,0.9663,1.0
v2_000063.jpg,video2.mp4,2,63,2.52,0.043269,0.043269,0,0.0331,0,0.9659,1.02
v2_000064.jpg,video2.mp4,2,64,2.56,0.043956,0.043956,0,0.0334,0,0.9658,1.06
v2_000066.jpg,video2.mp4,2,66,2.64,0.04533,0.04533,0,0.0334,0,0.9658,1.19
v2_000067.jpg,video2.mp4,2,67,2.68,0.046016,0.046016,0,0.0353,0,0.9622,1.07
v2_000068.jpg,video2.mp4,2,68,2.72,0.046703,0.046703,0,0.036,0,0.9612,1.07
v2_000069.jpg,video2.mp4,2,69,2.76,0.04739,0.04739,0,0.0357,0,0.9618,1.17
v2_000070.jpg,video2.mp4,2,70,2.8,0.048077,0.048077,0,0.0373,0,0.9588,1.08
v2_000072.jpg,video2.mp4,2,72,2.88,0.049451,0.049451,0,0.0354,0,0.9652,1.41
v2_000073.jpg,video2.mp4,2,73,2.92,0.050137,0.050137,0,0.0351,0,0.9662,1.5
v2_000074.jpg,video2.mp4,2,74,2.96,0.050824,0.050824,0,0.0388,0,0.9627,1.2
v2_000075.jpg,video2.mp4,2,75,3.0,0.051511,0.051511,0,0.0407,0,0.9628,1.08
v2_000077.jpg,video2.mp4,2,77,3.08,0.052885,0.052885,0,0.0376,0,0.9649,1.53
v2_000078.jpg,video2.mp4,2,78,3.12,0.053571,0.053571,0,0.0325,0,0.9709,2.11
v2_000079.jpg,video2.mp4,2,79,3.16,0.054258,0.054258,0,0.0329,0,0.9707,2.14
v2_000080.jpg,video2.mp4,2,80,3.2,0.054945,0.054945,0,0.032,0,0.9724,2.29
v2_000081.jpg,video2.mp4,2,81,3.24,0.055632,0.055632,0,0.0323,0,0.9684,2.33
v2_000083.jpg,video2.mp4,2,83,3.32,0.057005,0.057005,0,0.0311,0,0.9723,2.59
v2_000084.jpg,video2.mp4,2,84,3.36,0.057692,0.057692,0,0.0315,0,0.973,2.62
v2_000085.jpg,video2.mp4,2,85,3.4,0.058379,0.058379,0,0.0325,0,0.9709,2.59
v2_000086.jpg,video2.mp4,2,86,3.44,0.059066,0.059066,0,0.0323,0,0.9717,2.68
v2_000087.jpg,video2.mp4,2,87,3.48,0.059753,0.059753,0,0.0339,0,0.9736,2.59
v2_000089.jpg,video2.mp4,2,89,3.56,0.061126,0.061126,0,0.043,0,0.9685,1.81
v2_000090.jpg,video2.mp4,2,90,3.6,0.061813,0.061813,0,0.0435,0,0.9717,1.83
v2_000091.jpg,video2.mp4,2,91,3.64,0.0625,0.0625,0,0.0397,0,0.973,2.28
v2_000092.jpg,video2.mp4,2,92,3.68,0.063187,0.063187,0,0.0407,0,0.9745,2.25
v2_000094.jpg,video2.mp4,2,94,3.76,0.06456,0.06456,0,0.0441,0,0.9748,2.05
v2_000095.jpg,video2.mp4,2,95,3.8,0.065247,0.065247,0,0.0451,0,0.9749,2.01
v2_000096.jpg,video2.mp4,2,96,3.84,0.065934,0.065934,0,0.0471,0,0.972,1.88
v2_000097.jpg,video2.mp4,2,97,3.88,0.066621,0.066621,0,0.0566,0,0.9746,1.0
v2_000098.jpg,video2.mp4,2,98,3.92,0.067308,0.067308,0,0.0562,0,0.9726,1.11
v2_000100.jpg,video2.mp4,2,100,4.0,0.068681,0.068681,0,0.0834,0,0.9679,1.47
v2_000101.jpg,video2.mp4,2,101,4.04,0.069368,0.069368,0,0.0824,0,0.9682,1.3
v2_000102.jpg,video2.mp4,2,102,4.08,0.070055,0.070055,0,0.0835,0,0.9655,1.34
v2_000103.jpg,video2.mp4,2,103,4.12,0.070742,0.070742,0,0.0879,0,0.9629,1.72
v2_000104.jpg,video2.mp4,2,104,4.16,0.071429,0.071429,0,0.0842,0,0.9658,1.28
v2_000106.jpg,video2.mp4,2,106,4.24,0.072802,0.072802,0,0.0857,0,0.9683,1.29
v2_000107.jpg,video2.mp4,2,107,4.28,0.073489,0.073489,0,0.0885,0,0.9701,1.5
v2_000108.jpg,video2.mp4,2,108,4.32,0.074176,0.074176,0,0.0868,0,0.9711,1.26
v2_000109.jpg,video2.mp4,2,109,4.36,0.074863,0.074863,0,0.0832,0,0.9732,0.83
v2_000111.jpg,video2.mp4,2,111,4.44,0.076236,0.076236,0,0.0797,0,0.9723,0.35
v2_000112.jpg,video2.mp4,2,112,4.48,0.076923,0.076923,0,0.083,0,0.9709,0.61
v2_000113.jpg,video2.mp4,2,113,4.52,0.07761,0.07761,0,0.0855,0,0.9775,0.79
v2_000114.jpg,video2.mp4,2,114,4.56,0.078297,0.078297,0,0.0919,0,0.9751,1.36
v2_000115.jpg,video2.mp4,2,115,4.6,0.078984,0.078984,0,0.1195,0,0.9534,4.05
v2_000117.jpg,video2.mp4,2,117,4.68,0.080357,0.080357,0,0.0909,0,0.9681,1.05
v2_000118.jpg,video2.mp4,2,118,4.72,0.081044,0.081044,0,0.0951,0,0.9668,1.41
v2_000119.jpg,video2.mp4,2,119,4.76,0.081731,0.081731,0,0.0883,0,0.9697,0.66
v2_000120.jpg,video2.mp4,2,120,4.8,0.082418,0.082418,0,0.0847,0,0.9717,0.23
v2_000121.jpg,video2.mp4,2,121,4.84,0.083104,0.083104,0,0.0812,0,0.9739,0.19
v2_000123.jpg,video2.mp4,2,123,4.92,0.084478,0.084478,0,0.0847,0,0.9728,0.02
v2_000124.jpg,video2.mp4,2,124,4.96,0.085165,0.085165,0,0.092,0,0.9692,0.68
v2_000125.jpg,video2.mp4,2,125,5.0,0.085852,0.085852,0,0.0899,0,0.9696,0.4
v2_000126.jpg,video2.mp4,2,126,5.04,0.086538,0.086538,0,0.0898,0,0.9657,0.33
v2_000128.jpg,video2.mp4,2,128,5.12,0.087912,0.087912,0,0.0804,0,0.9718,0.75
v2_000129.jpg,video2.mp4,2,129,5.16,0.088599,0.088599,0,0.0852,0,0.9741,0.34
v2_000130.jpg,video2.mp4,2,130,5.2,0.089286,0.089286,0,0.0898,0,0.9744,0.05
v2_000131.jpg,video2.mp4,2,131,5.24,0.089973,0.089973,0,0.0883,0,0.9695,0.17
v2_000132.jpg,video2.mp4,2,132,5.28,0.090659,0.090659,0,0.0867,0,0.973,0.4
v2_000134.jpg,video2.mp4,2,134,5.36,0.092033,0.092033,0,0.0796,0,0.9781,1.24
v2_000135.jpg,video2.mp4,2,135,5.4,0.09272,0.09272,0,0.0833,0,0.9771,0.94
v2_000136.jpg,video2.mp4,2,136,5.44,0.093407,0.093407,0,0.0866,0,0.9766,0.68
v2_000137.jpg,video2.mp4,2,137,5.48,0.094093,0.094093,0,0.0844,0,0.9788,0.97
v2_000138.jpg,video2.mp4,2,138,5.52,0.09478,0.09478,0,0.0882,0,0.9739,0.66
v2_000140.jpg,video2.mp4,2,140,5.6,0.096154,0.096154,0,0.0859,0,0.9731,1.03
v2_000141.jpg,video2.mp4,2,141,5.64,0.096841,0.096841,0,0.0862,0,0.972,1.06
v2_000142.jpg,video2.mp4,2,142,5.68,0.097527,0.097527,0,0.085,0,0.9747,1.25
v2_000143.jpg,video2.mp4,2,143,5.72,0.098214,0.098214,0,0.0855,0,0.974,1.27
v2_000145.jpg,video2.mp4,2,145,5.8,0.099588,0.099588,0,0.0826,0,0.9725,1.7
v2_000146.jpg,video2.mp4,2,146,5.84,0.100275,0.100275,0,0.0917,0,0.9753,0.86
v2_000147.jpg,video2.mp4,2,147,5.88,0.100962,0.100962,0,0.0907,0,0.9769,1.03
v2_000148.jpg,video2.mp4,2,148,5.92,0.101648,0.101648,0,0.0832,0,0.9762,1.84
v2_000149.jpg,video2.mp4,2,149,5.96,0.102335,0.102335,0,0.0767,0,0.9787,2.56
v2_000151.jpg,video2.mp4,2,151,6.04,0.103709,0.103709,0,0.0818,0,0.9771,2.19
v2_000152.jpg,video2.mp4,2,152,6.08,0.104396,0.104396,0,0.0811,0,0.9777,2.33
v2_000153.jpg,video2.mp4,2,153,6.12,0.105082,0.105082,0,0.0828,0,0.9784,2.23
v2_000154.jpg,video2.mp4,2,154,6.16,0.105769,0.105769,0,0.0926,0,0.9799,1.32
v2_000155.jpg,video2.mp4,2,155,6.2,0.106456,0.106456,0,0.1008,0,0.9783,0.57
v2_000157.jpg,video2.mp4,2,157,6.28,0.10783,0.10783,0,0.0888,0,0.9783,1.9
v2_000158.jpg,video2.mp4,2,158,6.32,0.108516,0.108516,0,0.0916,0,0.9786,1.69
v2_000159.jpg,video2.mp4,2,159,6.36,0.109203,0.109203,0,0.1091,0,0.9637,0.01
v2_000160.jpg,video2.mp4,2,160,6.4,0.10989,0.10989,0,0.1077,0,0.9701,0.22
v2_000162.jpg,video2.mp4,2,162,6.48,0.111264,0.111264,0,0.1303,0,0.9551,1.9
v2_000163.jpg,video2.mp4,2,163,6.52,0.111951,0.111951,0,0.1233,0,0.9609,1.13
v2_000164.jpg,video2.mp4,2,164,6.56,0.112637,0.112637,0,0.1168,0,0.9667,0.42
v2_000165.jpg,video2.mp4,2,165,6.6,0.113324,0.113324,0,0.1231,0,0.9623,0.98
v2_000166.jpg,video2.mp4,2,166,6.64,0.114011,0.114011,0,0.1218,0,0.9629,0.78
v2_000168.jpg,video2.mp4,2,168,6.72,0.115385,0.115385,0,0.1183,0,0.9633,0.29
v2_000169.jpg,video2.mp4,2,169,6.76,0.116071,0.116071,0,0.1143,0,0.9643,0.18
v2_000170.jpg,video2.mp4,2,170,6.8,0.116758,0.116758,0,0.1169,0,0.9634,0.01
v2_000171.jpg,video2.mp4,2,171,6.84,0.117445,0.117445,0,0.1166,0,0.9648,0.08
v2_000172.jpg,video2.mp4,2,172,6.88,0.118132,0.118132,0,0.123,0,0.9593,0.49
v2_000174.jpg,video2.mp4,2,174,6.96,0.119505,0.119505,0,0.1091,0,0.9688,1.04
v2_000175.jpg,video2.mp4,2,175,7.0,0.120192,0.120192,0,0.1129,0,0.9641,0.73
v2_000176.jpg,video2.mp4,2,176,7.04,0.120879,0.120879,0,0.1102,0,0.9681,1.07
v2_000177.jpg,video2.mp4,2,177,7.08,0.121566,0.121566,0,0.1173,0,0.9681,0.43
v2_000179.jpg,video2.mp4,2,179,7.16,0.12294,0.12294,0,0.1153,0,0.9675,0.76
v2_000180.jpg,video2.mp4,2,180,7.2,0.123626,0.123626,0,0.1143,0,0.9678,0.93
v2_000181.jpg,video2.mp4,2,181,7.24,0.124313,0.124313,0,0.122,0,0.9621,0.23
v2_000182.jpg,video2.mp4,2,182,7.28,0.125,0.125,0,0.1162,0,0.9669,0.88
v2_000183.jpg,video2.mp4,2,183,7.32,0.125687,0.125687,0,0.1148,0,0.9697,1.09
v2_000185.jpg,video2.mp4,2,185,7.4,0.12706,0.12706,0,0.1066,0,0.9776,2.05
v2_000186.jpg,video2.mp4,2,186,7.44,0.127747,0.127747,0,0.1254,0,0.9618,0.23
v2_000187.jpg,video2.mp4,2,187,7.48,0.128434,0.128434,0,0.1337,0,0.9295,0.53
v2_000188.jpg,video2.mp4,2,188,7.52,0.129121,0.129121,0,0.1235,0,0.9581,0.56
v2_000189.jpg,video2.mp4,2,189,7.56,0.129808,0.129808,0,0.1187,0,0.9625,1.11
v2_000191.jpg,video2.mp4,2,191,7.64,0.131181,0.131181,0,0.1133,0,0.9667,1.79
v2_000192.jpg,video2.mp4,2,192,7.68,0.131868,0.131868,0,0.1219,0,0.9594,1.0
v2_000193.jpg,video2.mp4,2,193,7.72,0.132555,0.132555,0,0.1339,0,0.9213,0.13
v2_000194.jpg,video2.mp4,2,194,7.76,0.133242,0.133242,0,0.1289,0,0.9419,0.43
v2_000196.jpg,video2.mp4,2,196,7.84,0.134615,0.134615,0,0.1354,0,0.8665,0.08
v2_000197.jpg,video2.mp4,2,197,7.88,0.135302,0.135302,0,0.1343,0,0.907,0.1
v2_000198.jpg,video2.mp4,2,198,7.92,0.135989,0.135989,0,0.1336,0,0.9179,0.24
v2_000199.jpg,video2.mp4,2,199,7.96,0.136676,0.136676,0,0.1356,0,0.8896,0.11
v2_000200.jpg,video2.mp4,2,200,8.0,0.137363,0.137363,0,0.1459,0,0.8403,0.85
v2_000202.jpg,video2.mp4,2,202,8.08,0.138736,0.138736,0,0.1312,0,0.9564,0.75
v2_000203.jpg,video2.mp4,2,203,8.12,0.139423,0.139423,0,0.1381,0,0.9465,0.13
v2_000204.jpg,video2.mp4,2,204,8.16,0.14011,0.14011,0,0.1271,0,0.9503,1.3
v2_000205.jpg,video2.mp4,2,205,8.2,0.140797,0.140797,0,0.1321,0,0.9224,0.87
v2_000206.jpg,video2.mp4,2,206,8.24,0.141484,0.141484,0,0.1317,0,0.9436,0.98
v2_000208.jpg,video2.mp4,2,208,8.32,0.142857,0.142857,0,0.1373,0,0.924,0.56
v2_000209.jpg,video2.mp4,2,209,8.36,0.143544,0.143544,0,0.1335,0,0.9324,1.0
v2_000210.jpg,video2.mp4,2,210,8.4,0.144231,0.144231,0,0.1354,0,0.911,0.88
v2_000211.jpg,video2.mp4,2,211,8.44,0.144918,0.144918,0,0.1312,0,0.9184,1.37
v2_000213.jpg,video2.mp4,2,213,8.52,0.146291,0.146291,0,0.126,0,0.9553,2.03
v2_000214.jpg,video2.mp4,2,214,8.56,0.146978,0.146978,0,0.1422,0,0.7666,0.48
v2_000215.jpg,video2.mp4,2,215,8.6,0.147665,0.147665,0,0.1423,0,0.7994,0.54
v2_000216.jpg,video2.mp4,2,216,8.64,0.148352,0.148352,0,0.14,0,0.8626,0.84
v2_000217.jpg,video2.mp4,2,217,8.68,0.149038,0.149038,0,0.1387,0,0.8562,1.03
v2_000219.jpg,video2.mp4,2,219,8.76,0.150412,0.150412,1,0.1543,1,0.5483,0.39
v2_000220.jpg,video2.mp4,2,220,8.8,0.151099,0.151099,1,0.154,1,0.5183,0.29
v2_000221.jpg,video2.mp4,2,221,8.84,0.151786,0.151786,1,0.1586,1,0.6011,0.68
v2_000222.jpg,video2.mp4,2,222,8.88,0.152473,0.152473,1,0.1473,0,0.5792,0.52
v2_000223.jpg,video2.mp4,2,223,8.92,0.153159,0.153159,1,0.1553,1,0.6778,0.21
v2_000225.jpg,video2.mp4,2,225,9.0,0.154533,0.154533,1,0.1635,1,0.7899,0.9
v2_000226.jpg,video2.mp4,2,226,9.04,0.15522,0.15522,1,0.1645,1,0.7534,0.93
v2_000227.jpg,video2.mp4,2,227,9.08,0.155907,0.155907,1,0.1632,1,0.7324,0.73
v2_000228.jpg,video2.mp4,2,228,9.12,0.156593,0.156593,1,0.1656,1,0.8799,0.9
v2_000230.jpg,video2.mp4,2,230,9.2,0.157967,0.157967,1,0.1807,1,0.8837,2.27
v2_000231.jpg,video2.mp4,2,231,9.24,0.158654,0.158654,1,0.1783,1,0.9084,1.96
v2_000232.jpg,video2.mp4,2,232,9.28,0.159341,0.159341,1,0.1786,1,0.8304,1.93
v2_000233.jpg,video2.mp4,2,233,9.32,0.160027,0.160027,1,0.1755,1,0.7467,1.55
v2_000234.jpg,video2.mp4,2,234,9.36,0.160714,0.160714,1,0.1704,1,0.6655,0.97
v2_000236.jpg,video2.mp4,2,236,9.44,0.162088,0.162088,1,0.1766,1,0.8948,1.45
v2_000237.jpg,video2.mp4,2,237,9.48,0.162775,0.162775,1,0.1765,1,0.8751,1.37
v2_000238.jpg,video2.mp4,2,238,9.52,0.163462,0.163462,1,0.1739,1,0.9221,1.04
v2_000239.jpg,video2.mp4,2,239,9.56,0.164148,0.164148,1,0.1639,1,0.8857,0.02
v2_000240.jpg,video2.mp4,2,240,9.6,0.164835,0.164835,1,0.1661,1,0.9585,0.13
v2_000242.jpg,video2.mp4,2,242,9.68,0.166209,0.166209,1,0.1748,1,0.9547,0.86
v2_000243.jpg,video2.mp4,2,243,9.72,0.166896,0.166896,1,0.171,1,0.9344,0.41
v2_000244.jpg,video2.mp4,2,244,9.76,0.167582,0.167582,1,0.1735,1,0.9386,0.59
v2_000245.jpg,video2.mp4,2,245,9.8,0.168269,0.168269,1,0.175,1,0.9521,0.67
v2_000247.jpg,video2.mp4,2,247,9.88,0.169643,0.169643,1,0.1911,1,0.9707,2.15
v2_000248.jpg,video2.mp4,2,248,9.92,0.17033,0.17033,1,0.1846,1,0.9805,1.43
v2_000249.jpg,video2.mp4,2,249,9.96,0.171016,0.171016,1,0.1831,1,0.978,1.21
v2_000250.jpg,video2.mp4,2,250,10.0,0.171703,0.171703,1,0.1832,1,0.9759,1.15
v2_000251.jpg,video2.mp4,2,251,10.04,0.17239,0.17239,1,0.1744,1,0.9798,0.2
v2_000253.jpg,video2.mp4,2,253,10.12,0.173764,0.173764,1,0.1853,1,0.9798,1.15
v2_000254.jpg,video2.mp4,2,254,10.16,0.174451,0.174451,1,0.1919,1,0.9797,1.74
v2_000255.jpg,video2.mp4,2,255,10.2,0.175137,0.175137,1,0.1909,1,0.9795,1.58
v2_000256.jpg,video2.mp4,2,256,10.24,0.175824,0.175824,1,0.1955,1,0.9798,1.97
v2_000257.jpg,video2.mp4,2,257,10.28,0.176511,0.176511,1,0.1914,1,0.9808,1.49
v2_000259.jpg,video2.mp4,2,259,10.36,0.177885,0.177885,1,0.1846,1,0.9815,0.67
v2_000260.jpg,video2.mp4,2,260,10.4,0.178571,0.178571,1,0.175,1,0.9821,0.36
v2_000261.jpg,video2.mp4,2,261,10.44,0.179258,0.179258,1,0.1741,1,0.9831,0.52
v2_000262.jpg,video2.mp4,2,262,10.48,0.179945,0.179945,1,0.1799,1,0.9831,0.0
v2_000264.jpg,video2.mp4,2,264,10.56,0.181319,0.181319,1,0.1872,1,0.9837,0.59
v2_000265.jpg,video2.mp4,2,265,10.6,0.182005,0.182005,1,0.1923,1,0.985,1.03
v2_000266.jpg,video2.mp4,2,266,10.64,0.182692,0.182692,1,0.1997,1,0.9873,1.7
v2_000267.jpg,video2.mp4,2,267,10.68,0.183379,0.183379,1,0.203,1,0.9869,1.96
v2_000268.jpg,video2.mp4,2,268,10.72,0.184066,0.184066,1,0.2001,1,0.9868,1.6
v2_000270.jpg,video2.mp4,2,270,10.8,0.18544,0.18544,1,0.2024,1,0.9857,1.7
v2_000271.jpg,video2.mp4,2,271,10.84,0.186126,0.186126,1,0.2055,1,0.9873,1.94
v2_000272.jpg,video2.mp4,2,272,10.88,0.186813,0.186813,1,0.2056,1,0.9868,1.88
v2_000273.jpg,video2.mp4,2,273,10.92,0.1875,0.1875,1,0.2027,1,0.9861,1.52
v2_000274.jpg,video2.mp4,2,274,10.96,0.188187,0.188187,1,0.2008,1,0.9858,1.26
v2_000276.jpg,video2.mp4,2,276,11.04,0.18956,0.18956,1,0.2027,1,0.9865,1.31
v2_000277.jpg,video2.mp4,2,277,11.08,0.190247,0.190247,1,0.2041,1,0.9874,1.39
v2_000278.jpg,video2.mp4,2,278,11.12,0.190934,0.190934,1,0.205,1,0.9867,1.41
v2_000279.jpg,video2.mp4,2,279,11.16,0.191621,0.191621,1,0.2029,1,0.9862,1.13
v2_000281.jpg,video2.mp4,2,281,11.24,0.192995,0.192995,1,0.2035,1,0.9848,1.05
v2_000282.jpg,video2.mp4,2,282,11.28,0.193681,0.193681,1,0.213,1,0.9845,1.93
v2_000283.jpg,video2.mp4,2,283,11.32,0.194368,0.194368,1,0.2064,1,0.9851,1.2
v2_000284.jpg,video2.mp4,2,284,11.36,0.195055,0.195055,1,0.2094,1,0.9835,1.43
v2_000285.jpg,video2.mp4,2,285,11.4,0.195742,0.195742,1,0.2086,1,0.982,1.29
v2_000287.jpg,video2.mp4,2,287,11.48,0.197115,0.197115,1,0.2082,1,0.985,1.11
v2_000288.jpg,video2.mp4,2,288,11.52,0.197802,0.197802,1,0.2124,1,0.9837,1.46
v2_000289.jpg,video2.mp4,2,289,11.56,0.198489,0.198489,1,0.2124,1,0.9837,1.39
v2_000290.jpg,video2.mp4,2,290,11.6,0.199176,0.199176,1,0.2091,1,0.9852,0.99
v2_000291.jpg,video2.mp4,2,291,11.64,0.199863,0.199863,1,0.2035,1,0.9844,0.36
v2_000293.jpg,video2.mp4,2,293,11.72,0.201236,0.201236,1,0.215,1,0.9855,1.38
v2_000294.jpg,video2.mp4,2,294,11.76,0.201923,0.201923,1,0.2174,1,0.9838,1.55
v2_000295.jpg,video2.mp4,2,295,11.8,0.20261,0.20261,1,0.2056,1,0.98,0.3
v2_000296.jpg,video2.mp4,2,296,11.84,0.203297,0.203297,1,0.207,1,0.9853,0.37
v2_000298.jpg,video2.mp4,2,298,11.92,0.20467,0.20467,1,0.2067,1,0.9813,0.2
v2_000299.jpg,video2.mp4,2,299,11.96,0.205357,0.205357,1,0.2099,1,0.9826,0.45
v2_000300.jpg,video2.mp4,2,300,12.0,0.206044,0.206044,1,0.2195,1,0.9815,1.35
v2_000301.jpg,video2.mp4,2,301,12.04,0.206731,0.206731,1,0.2232,1,0.9799,1.65
v2_000302.jpg,video2.mp4,2,302,12.08,0.207418,0.207418,1,0.2232,1,0.9796,1.58
v2_000304.jpg,video2.mp4,2,304,12.16,0.208791,0.208791,1,0.211,1,0.982,0.22
v2_000305.jpg,video2.mp4,2,305,12.2,0.209478,0.209478,1,0.2043,1,0.9806,0.52
v2_000306.jpg,video2.mp4,2,306,12.24,0.210165,0.210165,1,0.2061,1,0.9754,0.41
v2_000307.jpg,video2.mp4,2,307,12.28,0.210852,0.210852,1,0.207,1,0.9746,0.39
v2_000308.jpg,video2.mp4,2,308,12.32,0.211538,0.211538,1,0.2104,1,0.9776,0.11
v2_000310.jpg,video2.mp4,2,310,12.4,0.212912,0.212912,1,0.2136,1,0.9786,0.07
v2_000311.jpg,video2.mp4,2,311,12.44,0.213599,0.213599,1,0.2166,1,0.9776,0.3
v2_000312.jpg,video2.mp4,2,312,12.48,0.214286,0.214286,1,0.2166,1,0.9783,0.23
v2_000313.jpg,video2.mp4,2,313,12.52,0.214973,0.214973,1,0.2124,1,0.976,0.26
v2_000315.jpg,video2.mp4,2,315,12.6,0.216346,0.216346,1,0.2167,1,0.9727,0.04
v2_000316.jpg,video2.mp4,2,316,12.64,0.217033,0.217033,1,0.216,1,0.9704,0.1
v2_000317.jpg,video2.mp4,2,317,12.68,0.21772,0.21772,1,0.2236,1,0.9728,0.59
v2_000318.jpg,video2.mp4,2,318,12.72,0.218407,0.218407,1,0.2253,1,0.9733,0.69
v2_000319.jpg,video2.mp4,2,319,12.76,0.219093,0.219093,1,0.2222,1,0.9739,0.31
v2_000321.jpg,video2.mp4,2,321,12.84,0.220467,0.220467,1,0.2098,1,0.9714,1.07
v2_000322.jpg,video2.mp4,2,322,12.88,0.221154,0.221154,1,0.21,1,0.9679,1.12
v2_000323.jpg,video2.mp4,2,323,12.92,0.221841,0.221841,1,0.219,1,0.9679,0.28
v2_000324.jpg,video2.mp4,2,324,12.96,0.222527,0.222527,1,0.2195,1,0.9679,0.3
v2_000325.jpg,video2.mp4,2,325,13.0,0.223214,0.223214,1,0.2185,1,0.9666,0.47
v2_000327.jpg,video2.mp4,2,327,13.08,0.224588,0.224588,1,0.2156,1,0.9644,0.9
v2_000328.jpg,video2.mp4,2,328,13.12,0.225275,0.225275,1,0.2143,1,0.9698,1.1
v2_000329.jpg,video2.mp4,2,329,13.16,0.225962,0.225962,1,0.2235,1,0.9719,0.25
v2_000330.jpg,video2.mp4,2,330,13.2,0.226648,0.226648,1,0.228,1,0.9709,0.14
v2_000332.jpg,video2.mp4,2,332,13.28,0.228022,0.228022,1,0.2234,1,0.9678,0.46
v2_000333.jpg,video2.mp4,2,333,13.32,0.228709,0.228709,1,0.2259,1,0.9694,0.28
v2_000334.jpg,video2.mp4,2,334,13.36,0.229396,0.229396,1,0.235,1,0.9623,0.56
v2_000335.jpg,video2.mp4,2,335,13.4,0.230082,0.230082,1,0.2338,1,0.9481,0.37
v2_000336.jpg,video2.mp4,2,336,13.44,0.230769,0.230769,1,0.2294,1,0.9513,0.14
v2_000338.jpg,video2.mp4,2,338,13.52,0.232143,0.232143,1,0.2271,1,0.9555,0.5
v2_000339.jpg,video2.mp4,2,339,13.56,0.23283,0.23283,1,0.2314,1,0.9501,0.14
v2_000340.jpg,video2.mp4,2,340,13.6,0.233516,0.233516,1,0.2454,1,0.962,1.19
v2_000341.jpg,video2.mp4,2,341,13.64,0.234203,0.234203,1,0.2599,1,0.9549,2.57
v2_000342.jpg,video2.mp4,2,342,13.68,0.23489,0.23489,1,0.2524,1,0.9512,1.75
v2_000344.jpg,video2.mp4,2,344,13.76,0.236264,0.236264,1,0.2408,1,0.951,0.45
v2_000345.jpg,video2.mp4,2,345,13.8,0.236951,0.236951,1,0.2356,1,0.9598,0.14
v2_000346.jpg,video2.mp4,2,346,13.84,0.237637,0.237637,1,0.2438,1,0.9607,0.62
v2_000347.jpg,video2.mp4,2,347,13.88,0.238324,0.238324,1,0.2468,1,0.9554,0.85
v2_000349.jpg,video2.mp4,2,349,13.96,0.239698,0.239698,1,0.2401,1,0.9556,0.04
v2_000350.jpg,video2.mp4,2,350,14.0,0.240385,0.240385,1,0.2333,1,0.9594,0.71
v2_000351.jpg,video2.mp4,2,351,14.04,0.241071,0.241071,1,0.2341,1,0.9607,0.7
v2_000352.jpg,video2.mp4,2,352,14.08,0.241758,0.241758,1,0.2336,1,0.9615,0.82
v2_000353.jpg,video2.mp4,2,353,14.12,0.242445,0.242445,1,0.2381,1,0.9578,0.43
v2_000355.jpg,video2.mp4,2,355,14.2,0.243819,0.243819,1,0.2426,1,0.9599,0.12
v2_000356.jpg,video2.mp4,2,356,14.24,0.244505,0.244505,1,0.2378,1,0.9591,0.67
v2_000357.jpg,video2.mp4,2,357,14.28,0.245192,0.245192,1,0.2396,1,0.9587,0.56
v2_000358.jpg,video2.mp4,2,358,14.32,0.245879,0.245879,1,0.2433,1,0.9602,0.26
v2_000359.jpg,video2.mp4,2,359,14.36,0.246566,0.246566,1,0.2453,1,0.9621,0.13
v2_000361.jpg,video2.mp4,2,361,14.44,0.24794,0.24794,1,0.2507,1,0.9621,0.28
v2_000362.jpg,video2.mp4,2,362,14.48,0.248626,0.248626,1,0.2347,1,0.9647,1.39
v2_000363.jpg,video2.mp4,2,363,14.52,0.249313,0.249313,1,0.2417,1,0.9644,0.76
v2_000364.jpg,video2.mp4,2,364,14.56,0.25,0.25,1,0.2481,1,0.9674,0.19
v2_000366.jpg,video2.mp4,2,366,14.64,0.251374,0.251374,1,0.2107,1,0.9559,4.07
v2_000367.jpg,video2.mp4,2,367,14.68,0.25206,0.25206,1,0.2147,1,0.9515,3.74
v2_000368.jpg,video2.mp4,2,368,14.72,0.252747,0.252747,1,0.214,1,0.9561,3.87
v2_000369.jpg,video2.mp4,2,369,14.76,0.253434,0.253434,1,0.218,1,0.9556,3.54
v2_000370.jpg,video2.mp4,2,370,14.8,0.254121,0.254121,1,0.2302,1,0.9656,2.39
v2_000372.jpg,video2.mp4,2,372,14.88,0.255495,0.255495,1,0.2339,1,0.9653,2.16
v2_000373.jpg,video2.mp4,2,373,14.92,0.256181,0.256181,1,0.2424,1,0.9572,1.38
v2_000374.jpg,video2.mp4,2,374,14.96,0.256868,0.256868,1,0.2451,1,0.9525,1.18
v2_000375.jpg,video2.mp4,2,375,15.0,0.257555,0.257555,1,0.2656,1,0.9198,0.8
v2_000376.jpg,video2.mp4,2,376,15.04,0.258242,0.258242,1,0.2543,1,0.9379,0.39
v2_000378.jpg,video2.mp4,2,378,15.12,0.259615,0.259615,1,0.2459,1,0.9501,1.37
v2_000379.jpg,video2.mp4,2,379,15.16,0.260302,0.260302,1,0.2468,1,0.9431,1.35
v2_000380.jpg,video2.mp4,2,380,15.2,0.260989,0.260989,1,0.2538,1,0.9448,0.72
v2_000381.jpg,video2.mp4,2,381,15.24,0.261676,0.261676,1,0.2574,1,0.952,0.43
v2_000383.jpg,video2.mp4,2,383,15.32,0.263049,0.263049,1,0.2583,1,0.9539,0.47
v2_000384.jpg,video2.mp4,2,384,15.36,0.263736,0.263736,1,0.2573,1,0.9553,0.64
v2_000385.jpg,video2.mp4,2,385,15.4,0.264423,0.264423,1,0.2547,1,0.9498,0.97
v2_000386.jpg,video2.mp4,2,386,15.44,0.26511,0.26511,1,0.2659,1,0.961,0.08
v2_000387.jpg,video2.mp4,2,387,15.48,0.265797,0.265797,1,0.2749,1,0.9606,0.91
v2_000389.jpg,video2.mp4,2,389,15.56,0.26717,0.26717,1,0.2765,1,0.9559,0.93
v2_000390.jpg,video2.mp4,2,390,15.6,0.267857,0.267857,1,0.271,1,0.9558,0.31
v2_000391.jpg,video2.mp4,2,391,15.64,0.268544,0.268544,1,0.2748,1,0.9481,0.63
v2_000392.jpg,video2.mp4,2,392,15.68,0.269231,0.269231,1,0.2569,1,0.9538,1.23
v2_000393.jpg,video2.mp4,2,393,15.72,0.269918,0.269918,1,0.266,1,0.9525,0.39
v2_000395.jpg,video2.mp4,2,395,15.8,0.271291,0.271291,1,0.2753,1,0.9566,0.4
v2_000396.jpg,video2.mp4,2,396,15.84,0.271978,0.271978,1,0.2765,1,0.9563,0.45
v2_000397.jpg,video2.mp4,2,397,15.88,0.272665,0.272665,1,0.2809,1,0.9535,0.82
v2_000398.jpg,video2.mp4,2,398,15.92,0.273352,0.273352,1,0.2878,1,0.9505,1.44
v2_000400.jpg,video2.mp4,2,400,16.0,0.274725,0.274725,1,0.2894,1,0.949,1.47
v2_000401.jpg,video2.mp4,2,401,16.04,0.275412,0.275412,1,0.2885,1,0.9498,1.31
v2_000402.jpg,video2.mp4,2,402,16.08,0.276099,0.276099,1,0.2876,1,0.9473,1.15
v2_000403.jpg,video2.mp4,2,403,16.12,0.276786,0.276786,1,0.2861,1,0.9464,0.93
v2_000404.jpg,video2.mp4,2,404,16.16,0.277473,0.277473,1,0.2872,1,0.9473,0.97
v2_000406.jpg,video2.mp4,2,406,16.24,0.278846,0.278846,1,0.2773,1,0.9509,0.15
v2_000407.jpg,video2.mp4,2,407,16.28,0.279533,0.279533,1,0.274,1,0.9496,0.55
v2_000408.jpg,video2.mp4,2,408,16.32,0.28022,0.28022,1,0.2738,1,0.9499,0.64
v2_000409.jpg,video2.mp4,2,409,16.36,0.280907,0.280907,1,0.2742,1,0.9502,0.67
v2_000410.jpg,video2.mp4,2,410,16.4,0.281593,0.281593,1,0.2741,1,0.9535,0.75
v2_000412.jpg,video2.mp4,2,412,16.48,0.282967,0.282967,1,0.2892,1,0.9399,0.62
v2_000413.jpg,video2.mp4,2,413,16.52,0.283654,0.283654,1,0.2865,1,0.944,0.28
v2_000414.jpg,video2.mp4,2,414,16.56,0.284341,0.284341,1,0.2925,1,0.9444,0.82
v2_000415.jpg,video2.mp4,2,415,16.6,0.285027,0.285027,1,0.2932,1,0.9477,0.82
v2_000417.jpg,video2.mp4,2,417,16.68,0.286401,0.286401,1,0.3007,1,0.9292,1.43
v2_000418.jpg,video2.mp4,2,418,16.72,0.287088,0.287088,1,0.2993,1,0.9352,1.22
v2_000419.jpg,video2.mp4,2,419,16.76,0.287775,0.287775,1,0.2946,1,0.9375,0.68
v2_000420.jpg,video2.mp4,2,420,16.8,0.288462,0.288462,1,0.2927,1,0.9458,0.42
v2_000421.jpg,video2.mp4,2,421,16.84,0.289148,0.289148,1,0.292,1,0.9445,0.29
v2_000423.jpg,video2.mp4,2,423,16.92,0.290522,0.290522,1,0.2936,1,0.9364,0.31
v2_000424.jpg,video2.mp4,2,424,16.96,0.291209,0.291209,1,0.2935,1,0.9333,0.23
v2_000425.jpg,video2.mp4,2,425,17.0,0.291896,0.291896,1,0.291,1,0.9328,0.09
v2_000426.jpg,video2.mp4,2,426,17.04,0.292582,0.292582,1,0.2963,1,0.92,0.37
v2_000427.jpg,video2.mp4,2,427,17.08,0.293269,0.293269,1,0.2994,1,0.9112,0.61
v2_000429.jpg,video2.mp4,2,429,17.16,0.294643,0.294643,1,0.2951,1,0.8869,0.05
v2_000430.jpg,video2.mp4,2,430,17.2,0.29533,0.29533,1,0.2902,1,0.8716,0.51
v2_000431.jpg,video2.mp4,2,431,17.24,0.296016,0.296016,1,0.2931,1,0.7626,0.29
v2_000432.jpg,video2.mp4,2,432,17.28,0.296703,0.296703,1,0.2868,1,0.7815,0.99
v2_000434.jpg,video2.mp4,2,434,17.36,0.298077,0.298077,1,0.2941,1,0.6976,0.4
v2_000435.jpg,video2.mp4,2,435,17.4,0.298764,0.298764,1,0.2898,1,0.6501,0.9
v2_000436.jpg,video2.mp4,2,436,17.44,0.299451,0.299451,1,0.2887,1,0.5918,1.08
v2_000437.jpg,video2.mp4,2,437,17.48,0.300137,0.300137,2,0.2912,1,0.5641,0.89
v2_000438.jpg,video2.mp4,2,438,17.52,0.300824,0.300824,2,0.2983,2,0.6405,0.25
v2_000440.jpg,video2.mp4,2,440,17.6,0.302198,0.302198,2,0.2944,2,0.7353,0.78
v2_000441.jpg,video2.mp4,2,441,17.64,0.302885,0.302885,2,0.2978,2,0.7845,0.51
v2_000442.jpg,video2.mp4,2,442,17.68,0.303571,0.303571,2,0.2972,2,0.8191,0.64
v2_000443.jpg,video2.mp4,2,443,17.72,0.304258,0.304258,2,0.3008,2,0.8343,0.35
v2_000444.jpg,video2.mp4,2,444,17.76,0.304945,0.304945,2,0.299,2,0.864,0.59
v2_000446.jpg,video2.mp4,2,446,17.84,0.306319,0.306319,2,0.3066,2,0.9045,0.03
v2_000447.jpg,video2.mp4,2,447,17.88,0.307005,0.307005,2,0.3058,2,0.9118,0.12
v2_000448.jpg,video2.mp4,2,448,17.92,0.307692,0.307692,2,0.3177,2,0.9435,1.0
v2_000449.jpg,video2.mp4,2,449,17.96,0.308379,0.308379,2,0.32,2,0.9458,1.16
v2_000451.jpg,video2.mp4,2,451,18.04,0.309753,0.309753,2,0.3129,2,0.9402,0.31
v2_000452.jpg,video2.mp4,2,452,18.08,0.31044,0.31044,2,0.3229,2,0.9497,1.25
v2_000453.jpg,video2.mp4,2,453,18.12,0.311126,0.311126,2,0.3193,2,0.9448,0.82
v2_000454.jpg,video2.mp4,2,454,18.16,0.311813,0.311813,2,0.3227,2,0.9495,1.09
v2_000455.jpg,video2.mp4,2,455,18.2,0.3125,0.3125,2,0.3211,2,0.9487,0.86
v2_000457.jpg,video2.mp4,2,457,18.28,0.313874,0.313874,2,0.3165,2,0.9539,0.26
v2_000458.jpg,video2.mp4,2,458,18.32,0.31456,0.31456,2,0.3209,2,0.9589,0.63
v2_000459.jpg,video2.mp4,2,459,18.36,0.315247,0.315247,2,0.3217,2,0.9592,0.65
v2_000460.jpg,video2.mp4,2,460,18.4,0.315934,0.315934,2,0.3168,2,0.9599,0.09
v2_000461.jpg,video2.mp4,2,461,18.44,0.316621,0.316621,2,0.3053,2,0.9579,1.13
v2_000463.jpg,video2.mp4,2,463,18.52,0.317995,0.317995,2,0.3389,2,0.9667,2.09
v2_000464.jpg,video2.mp4,2,464,18.56,0.318681,0.318681,2,0.3312,2,0.9669,1.25
v2_000465.jpg,video2.mp4,2,465,18.6,0.319368,0.319368,2,0.3304,2,0.9677,1.1
v2_000466.jpg,video2.mp4,2,466,18.64,0.320055,0.320055,2,0.3325,2,0.9668,1.24
v2_000468.jpg,video2.mp4,2,468,18.72,0.321429,0.321429,2,0.3225,2,0.9639,0.11
v2_000469.jpg,video2.mp4,2,469,18.76,0.322115,0.322115,2,0.3347,2,0.9692,1.26
v2_000470.jpg,video2.mp4,2,470,18.8,0.322802,0.322802,2,0.3354,2,0.9721,1.26
v2_000471.jpg,video2.mp4,2,471,18.84,0.323489,0.323489,2,0.3377,2,0.9696,1.42
v2_000472.jpg,video2.mp4,2,472,18.88,0.324176,0.324176,2,0.3384,2,0.9711,1.42
v2_000474.jpg,video2.mp4,2,474,18.96,0.325549,0.325549,2,0.3318,2,0.971,0.63
v2_000475.jpg,video2.mp4,2,475,19.0,0.326236,0.326236,2,0.3345,2,0.9699,0.83
v2_000476.jpg,video2.mp4,2,476,19.04,0.326923,0.326923,2,0.3295,2,0.9684,0.26
v2_000477.jpg,video2.mp4,2,477,19.08,0.32761,0.32761,2,0.3285,2,0.9687,0.09
v2_000478.jpg,video2.mp4,2,478,19.12,0.328297,0.328297,2,0.3248,2,0.9684,0.35
v2_000480.jpg,video2.mp4,2,480,19.2,0.32967,0.32967,2,0.3346,2,0.969,0.49
v2_000481.jpg,video2.mp4,2,481,19.24,0.330357,0.330357,2,0.3365,2,0.9696,0.61
v2_000482.jpg,video2.mp4,2,482,19.28,0.331044,0.331044,2,0.3685,2,0.974,3.75
v2_000483.jpg,video2.mp4,2,483,19.32,0.331731,0.331731,2,0.343,2,0.9729,1.13
v2_000485.jpg,video2.mp4,2,485,19.4,0.333104,0.333104,2,0.3332,2,0.9732,0.01
v2_000486.jpg,video2.mp4,2,486,19.44,0.333791,0.333791,2,0.3364,2,0.9711,0.26
v2_000487.jpg,video2.mp4,2,487,19.48,0.334478,0.334478,2,0.3353,2,0.9701,0.08
v2_000488.jpg,video2.mp4,2,488,19.52,0.335165,0.335165,2,0.3364,2,0.9715,0.12
v2_000489.jpg,video2.mp4,2,489,19.56,0.335852,0.335852,2,0.3398,2,0.9726,0.39
v2_000491.jpg,video2.mp4,2,491,19.64,0.337225,0.337225,2,0.3268,2,0.9699,1.04
v2_000492.jpg,video2.mp4,2,492,19.68,0.337912,0.337912,2,0.3371,2,0.9718,0.08
v2_000493.jpg,video2.mp4,2,493,19.72,0.338599,0.338599,2,0.3431,2,0.974,0.45
v2_000494.jpg,video2.mp4,2,494,19.76,0.339286,0.339286,2,0.3504,2,0.9741,1.11
v2_000495.jpg,video2.mp4,2,495,19.8,0.339973,0.339973,2,0.3508,2,0.9716,1.08
v2_000497.jpg,video2.mp4,2,497,19.88,0.341346,0.341346,2,0.3533,2,0.9704,1.2
v2_000498.jpg,video2.mp4,2,498,19.92,0.342033,0.342033,2,0.3484,2,0.9693,0.64
v2_000499.jpg,video2.mp4,2,499,19.96,0.34272,0.34272,2,0.3637,2,0.9695,2.1
v2_000500.jpg,video2.mp4,2,500,20.0,0.343407,0.343407,2,0.361,2,0.9697,1.76
v2_000502.jpg,video2.mp4,2,502,20.08,0.34478,0.34478,2,0.3588,2,0.9695,1.4
v2_000503.jpg,video2.mp4,2,503,20.12,0.345467,0.345467,2,0.3677,2,0.9711,2.22
v2_000504.jpg,video2.mp4,2,504,20.16,0.346154,0.346154,2,0.3833,2,0.9712,3.71
v2_000505.jpg,video2.mp4,2,505,20.2,0.346841,0.346841,2,0.3832,2,0.9705,3.64
v2_000506.jpg,video2.mp4,2,506,20.24,0.347527,0.347527,2,0.3739,2,0.9693,2.64
v2_000508.jpg,video2.mp4,2,508,20.32,0.348901,0.348901,2,0.3662,2,0.9668,1.73
v2_000509.jpg,video2.mp4,2,509,20.36,0.349588,0.349588,2,0.3618,2,0.9672,1.22
v2_000510.jpg,video2.mp4,2,510,20.4,0.350275,0.350275,2,0.3827,2,0.9624,3.24
v2_000511.jpg,video2.mp4,2,511,20.44,0.350962,0.350962,2,0.3687,2,0.9582,1.77
v2_000512.jpg,video2.mp4,2,512,20.48,0.351648,0.351648,2,0.3592,2,0.9563,0.76
v2_000514.jpg,video2.mp4,2,514,20.56,0.353022,0.353022,2,0.3775,2,0.9582,2.45
v2_000515.jpg,video2.mp4,2,515,20.6,0.353709,0.353709,2,0.3836,2,0.9591,2.99
v2_000516.jpg,video2.mp4,2,516,20.64,0.354396,0.354396,2,0.3679,2,0.9588,1.35
v2_000517.jpg,video2.mp4,2,517,20.68,0.355082,0.355082,2,0.3666,2,0.9566,1.15
v2_000519.jpg,video2.mp4,2,519,20.76,0.356456,0.356456,2,0.3612,2,0.948,0.47
v2_000520.jpg,video2.mp4,2,520,20.8,0.357143,0.357143,2,0.3613,2,0.9449,0.42
v2_000521.jpg,video2.mp4,2,521,20.84,0.35783,0.35783,2,0.3717,2,0.9552,1.39
v2_000522.jpg,video2.mp4,2,522,20.88,0.358516,0.358516,2,0.3708,2,0.9617,1.23
v2_000523.jpg,video2.mp4,2,523,20.92,0.359203,0.359203,2,0.3783,2,0.963,1.91
v2_000525.jpg,video2.mp4,2,525,21.0,0.360577,0.360577,2,0.3886,2,0.9618,2.8
v2_000526.jpg,video2.mp4,2,526,21.04,0.361264,0.361264,2,0.3899,2,0.9624,2.86
v2_000527.jpg,video2.mp4,2,527,21.08,0.361951,0.361951,2,0.3938,2,0.9626,3.18
v2_000528.jpg,video2.mp4,2,528,21.12,0.362637,0.362637,2,0.3816,2,0.9565,1.9
v2_000529.jpg,video2.mp4,2,529,21.16,0.363324,0.363324,2,0.3772,2,0.9584,1.39
v2_000531.jpg,video2.mp4,2,531,21.24,0.364698,0.364698,2,0.37,2,0.9545,0.53
v2_000532.jpg,video2.mp4,2,532,21.28,0.365385,0.365385,2,0.3711,2,0.9566,0.57
v2_000533.jpg,video2.mp4,2,533,21.32,0.366071,0.366071,2,0.3809,2,0.9556,1.48
v2_000534.jpg,video2.mp4,2,534,21.36,0.366758,0.366758,2,0.3879,2,0.9537,2.11
v2_000536.jpg,video2.mp4,2,536,21.44,0.368132,0.368132,2,0.3782,2,0.9598,1.01
v2_000537.jpg,video2.mp4,2,537,21.48,0.368819,0.368819,2,0.3741,2,0.9596,0.53
v2_000538.jpg,video2.mp4,2,538,21.52,0.369505,0.369505,2,0.3794,2,0.9601,0.99
v2_000539.jpg,video2.mp4,2,539,21.56,0.370192,0.370192,2,0.3838,2,0.9596,1.36
v2_000540.jpg,video2.mp4,2,540,21.6,0.370879,0.370879,2,0.3834,2,0.9503,1.25
v2_000542.jpg,video2.mp4,2,542,21.68,0.372253,0.372253,2,0.3782,2,0.9521,0.59
v2_000543.jpg,video2.mp4,2,543,21.72,0.37294,0.37294,2,0.3789,2,0.9561,0.6
v2_000544.jpg,video2.mp4,2,544,21.76,0.373626,0.373626,2,0.3876,2,0.958,1.4
v2_000545.jpg,video2.mp4,2,545,21.8,0.374313,0.374313,2,0.3847,2,0.959,1.04
v2_000546.jpg,video2.mp4,2,546,21.84,0.375,0.375,2,0.3845,2,0.9574,0.95
v2_000548.jpg,video2.mp4,2,548,21.92,0.376374,0.376374,2,0.4088,2,0.9602,3.24
v2_000549.jpg,video2.mp4,2,549,21.96,0.37706,0.37706,2,0.3945,2,0.966,1.74
v2_000550.jpg,video2.mp4,2,550,22.0,0.377747,0.377747,2,0.3794,2,0.9632,0.17
v2_000551.jpg,video2.mp4,2,551,22.04,0.378434,0.378434,2,0.3854,2,0.956,0.7
v2_000553.jpg,video2.mp4,2,553,22.12,0.379808,0.379808,2,0.3939,2,0.9546,1.41
v2_000554.jpg,video2.mp4,2,554,22.16,0.380495,0.380495,2,0.389,2,0.9573,0.85
v2_000555.jpg,video2.mp4,2,555,22.2,0.381181,0.381181,2,0.3847,2,0.963,0.35
v2_000556.jpg,video2.mp4,2,556,22.24,0.381868,0.381868,2,0.3779,2,0.9614,0.4
v2_000557.jpg,video2.mp4,2,557,22.28,0.382555,0.382555,2,0.3855,2,0.9621,0.29
v2_000559.jpg,video2.mp4,2,559,22.36,0.383929,0.383929,2,0.3904,2,0.9581,0.65
v2_000560.jpg,video2.mp4,2,560,22.4,0.384615,0.384615,2,0.3961,2,0.962,1.15
v2_000561.jpg,video2.mp4,2,561,22.44,0.385302,0.385302,2,0.3958,2,0.9632,1.05
v2_000562.jpg,video2.mp4,2,562,22.48,0.385989,0.385989,2,0.3953,2,0.9634,0.93
v2_000563.jpg,video2.mp4,2,563,22.52,0.386676,0.386676,2,0.4028,2,0.9641,1.61
v2_000565.jpg,video2.mp4,2,565,22.6,0.388049,0.388049,2,0.4157,2,0.9524,2.77
v2_000566.jpg,video2.mp4,2,566,22.64,0.388736,0.388736,2,0.4176,2,0.955,2.89
v2_000567.jpg,video2.mp4,2,567,22.68,0.389423,0.389423,2,0.4122,2,0.9609,2.28
v2_000568.jpg,video2.mp4,2,568,22.72,0.39011,0.39011,2,0.4014,2,0.9588,1.13
v2_000570.jpg,video2.mp4,2,570,22.8,0.391484,0.391484,2,0.3998,2,0.9608,0.83
v2_000571.jpg,video2.mp4,2,571,22.84,0.39217,0.39217,2,0.3998,2,0.9637,0.76
v2_000572.jpg,video2.mp4,2,572,22.88,0.392857,0.392857,2,0.3921,2,0.9642,0.08
v2_000573.jpg,video2.mp4,2,573,22.92,0.393544,0.393544,2,0.3746,2,0.963,1.89
v2_000574.jpg,video2.mp4,2,574,22.96,0.394231,0.394231,2,0.3775,2,0.9608,1.67
v2_000576.jpg,video2.mp4,2,576,23.04,0.395604,0.395604,2,0.3776,2,0.9563,1.8
v2_000577.jpg,video2.mp4,2,577,23.08,0.396291,0.396291,2,0.3824,2,0.9534,1.39
v2_000578.jpg,video2.mp4,2,578,23.12,0.396978,0.396978,2,0.3755,2,0.9577,2.15
v2_000579.jpg,video2.mp4,2,579,23.16,0.397665,0.397665,2,0.3698,2,0.9567,2.79
v2_000580.jpg,video2.mp4,2,580,23.2,0.398352,0.398352,2,0.385,2,0.9557,1.34
v2_000582.jpg,video2.mp4,2,582,23.28,0.399725,0.399725,2,0.3915,2,0.949,0.82
v2_000583.jpg,video2.mp4,2,583,23.32,0.400412,0.400412,2,0.3959,2,0.9463,0.45
v2_000584.jpg,video2.mp4,2,584,23.36,0.401099,0.401099,2,0.3977,2,0.9481,0.34
v2_000585.jpg,video2.mp4,2,585,23.4,0.401786,0.401786,2,0.3945,2,0.9494,0.73
v2_000587.jpg,video2.mp4,2,587,23.48,0.403159,0.403159,2,0.4038,2,0.9598,0.06
v2_000588.jpg,video2.mp4,2,588,23.52,0.403846,0.403846,2,0.4053,2,0.9644,0.15
v2_000589.jpg,video2.mp4,2,589,23.56,0.404533,0.404533,2,0.4019,2,0.9649,0.26
v2_000590.jpg,video2.mp4,2,590,23.6,0.40522,0.40522,2,0.4012,2,0.9646,0.4
v2_000591.jpg,video2.mp4,2,591,23.64,0.405907,0.405907,2,0.4061,2,0.9607,0.02
v2_000593.jpg,video2.mp4,2,593,23.72,0.40728,0.40728,2,0.4129,2,0.9636,0.56
v2_000594.jpg,video2.mp4,2,594,23.76,0.407967,0.407967,2,0.4101,2,0.9577,0.21
v2_000595.jpg,video2.mp4,2,595,23.8,0.408654,0.408654,2,0.4005,2,0.9612,0.82
v2_000596.jpg,video2.mp4,2,596,23.84,0.409341,0.409341,2,0.4101,2,0.9568,0.08
v2_000597.jpg,video2.mp4,2,597,23.88,0.410027,0.410027,2,0.4132,2,0.9535,0.32
v2_000599.jpg,video2.mp4,2,599,23.96,0.411401,0.411401,2,0.4059,2,0.9489,0.55
v2_000600.jpg,video2.mp4,2,600,24.0,0.412088,0.412088,2,0.4193,2,0.9527,0.72
v2_000601.jpg,video2.mp4,2,601,24.04,0.412775,0.412775,2,0.4193,2,0.947,0.65
v2_000602.jpg,video2.mp4,2,602,24.08,0.413462,0.413462,2,0.4128,2,0.9173,0.07
v2_000604.jpg,video2.mp4,2,604,24.16,0.414835,0.414835,2,0.4301,2,0.9415,1.53
v2_000605.jpg,video2.mp4,2,605,24.2,0.415522,0.415522,2,0.4325,2,0.9374,1.7
v2_000606.jpg,video2.mp4,2,606,24.24,0.416209,0.416209,2,0.4362,2,0.9382,2.0
v2_000607.jpg,video2.mp4,2,607,24.28,0.416896,0.416896,2,0.4142,2,0.9387,0.27
v2_000608.jpg,video2.mp4,2,608,24.32,0.417582,0.417582,2,0.4161,2,0.9465,0.15
v2_000610.jpg,video2.mp4,2,610,24.4,0.418956,0.418956,2,0.4154,2,0.9559,0.36
v2_000611.jpg,video2.mp4,2,611,24.44,0.419643,0.419643,2,0.414,2,0.9516,0.56
v2_000612.jpg,video2.mp4,2,612,24.48,0.42033,0.42033,2,0.4188,2,0.9527,0.15
v2_000613.jpg,video2.mp4,2,613,24.52,0.421016,0.421016,2,0.4145,2,0.9536,0.65
v2_000614.jpg,video2.mp4,2,614,24.56,0.421703,0.421703,2,0.4126,2,0.958,0.91
v2_000616.jpg,video2.mp4,2,616,24.64,0.423077,0.423077,2,0.4116,2,0.9654,1.15
v2_000617.jpg,video2.mp4,2,617,24.68,0.423764,0.423764,2,0.4217,2,0.965,0.21
v2_000618.jpg,video2.mp4,2,618,24.72,0.424451,0.424451,2,0.4243,2,0.9598,0.02
v2_000619.jpg,video2.mp4,2,619,24.76,0.425137,0.425137,2,0.4205,2,0.9601,0.46
v2_000621.jpg,video2.mp4,2,621,24.84,0.426511,0.426511,2,0.4123,2,0.955,1.42
v2_000622.jpg,video2.mp4,2,622,24.88,0.427198,0.427198,2,0.4053,2,0.9608,2.19
v2_000623.jpg,video2.mp4,2,623,24.92,0.427885,0.427885,2,0.4052,2,0.9604,2.27
v2_000624.jpg,video2.mp4,2,624,24.96,0.428571,0.428571,2,0.4194,2,0.9522,0.92
v2_000625.jpg,video2.mp4,2,625,25.0,0.429258,0.429258,2,0.4203,2,0.9441,0.9
v2_000627.jpg,video2.mp4,2,627,25.08,0.430632,0.430632,2,0.4259,2,0.9424,0.47
v2_000628.jpg,video2.mp4,2,628,25.12,0.431319,0.431319,2,0.4271,2,0.9408,0.42
v2_000629.jpg,video2.mp4,2,629,25.16,0.432005,0.432005,2,0.4319,2,0.9502,0.01
v2_000630.jpg,video2.mp4,2,630,25.2,0.432692,0.432692,2,0.4326,2,0.9569,0.01
v2_000631.jpg,video2.mp4,2,631,25.24,0.433379,0.433379,2,0.437,2,0.9569,0.36
v2_000633.jpg,video2.mp4,2,633,25.32,0.434753,0.434753,2,0.4187,2,0.9572,1.61
v2_000634.jpg,video2.mp4,2,634,25.36,0.43544,0.43544,2,0.4109,2,0.9589,2.45
v2_000635.jpg,video2.mp4,2,635,25.4,0.436126,0.436126,2,0.4133,2,0.9541,2.28
v2_000636.jpg,video2.mp4,2,636,25.44,0.436813,0.436813,2,0.4014,2,0.9566,3.54
v2_000638.jpg,video2.mp4,2,638,25.52,0.438187,0.438187,2,0.4068,2,0.9676,3.14
v2_000639.jpg,video2.mp4,2,639,25.56,0.438874,0.438874,2,0.4036,2,0.9657,3.53
v2_000640.jpg,video2.mp4,2,640,25.6,0.43956,0.43956,2,0.4282,2,0.9668,1.14
v2_000641.jpg,video2.mp4,2,641,25.64,0.440247,0.440247,2,0.4327,2,0.9671,0.75
v2_000642.jpg,video2.mp4,2,642,25.68,0.440934,0.440934,2,0.4361,2,0.9665,0.48
v2_000644.jpg,video2.mp4,2,644,25.76,0.442308,0.442308,2,0.4391,2,0.9662,0.32
v2_000645.jpg,video2.mp4,2,645,25.8,0.442995,0.442995,2,0.4375,2,0.9644,0.55
v2_000646.jpg,video2.mp4,2,646,25.84,0.443681,0.443681,2,0.439,2,0.9645,0.47
v2_000647.jpg,video2.mp4,2,647,25.88,0.444368,0.444368,2,0.435,2,0.9661,0.94
v2_000648.jpg,video2.mp4,2,648,25.92,0.445055,0.445055,2,0.4386,2,0.9612,0.65
v2_000650.jpg,video2.mp4,2,650,26.0,0.446429,0.446429,2,0.4333,2,0.9671,1.31
v2_000651.jpg,video2.mp4,2,651,26.04,0.447115,0.447115,2,0.423,2,0.9674,2.41
v2_000652.jpg,video2.mp4,2,652,26.08,0.447802,0.447802,2,0.4137,2,0.969,3.41
v2_000653.jpg,video2.mp4,2,653,26.12,0.448489,0.448489,2,0.4177,2,0.971,3.08
v2_000655.jpg,video2.mp4,2,655,26.2,0.449863,0.449863,2,0.434,2,0.9691,1.59
v2_000656.jpg,video2.mp4,2,656,26.24,0.450549,0.450549,2,0.436,2,0.9691,1.45
v2_000657.jpg,video2.mp4,2,657,26.28,0.451236,0.451236,2,0.4418,2,0.9657,0.94
v2_000658.jpg,video2.mp4,2,658,26.32,0.451923,0.451923,2,0.4474,2,0.9699,0.45
v2_000659.jpg,video2.mp4,2,659,26.36,0.45261,0.45261,2,0.442,2,0.9691,1.06
v2_000661.jpg,video2.mp4,2,661,26.44,0.453984,0.453984,2,0.4425,2,0.9686,1.15
v2_000662.jpg,video2.mp4,2,662,26.48,0.45467,0.45467,2,0.4388,2,0.9675,1.59
v2_000663.jpg,video2.mp4,2,663,26.52,0.455357,0.455357,2,0.4385,2,0.9661,1.69
v2_000664.jpg,video2.mp4,2,664,26.56,0.456044,0.456044,2,0.4412,2,0.9667,1.48
v2_000665.jpg,video2.mp4,2,665,26.6,0.456731,0.456731,2,0.4483,2,0.9661,0.84
v2_000667.jpg,video2.mp4,2,667,26.68,0.458104,0.458104,2,0.4499,2,0.961,0.82
v2_000668.jpg,video2.mp4,2,668,26.72,0.458791,0.458791,2,0.4623,2,0.9672,0.35
v2_000669.jpg,video2.mp4,2,669,26.76,0.459478,0.459478,2,0.4668,2,0.9647,0.73
v2_000670.jpg,video2.mp4,2,670,26.8,0.460165,0.460165,2,0.4709,2,0.9611,1.07
v2_000672.jpg,video2.mp4,2,672,26.88,0.461538,0.461538,2,0.464,2,0.9625,0.25
v2_000673.jpg,video2.mp4,2,673,26.92,0.462225,0.462225,2,0.4603,2,0.9678,0.19
v2_000674.jpg,video2.mp4,2,674,26.96,0.462912,0.462912,2,0.4485,2,0.9687,1.44
v2_000675.jpg,video2.mp4,2,675,27.0,0.463599,0.463599,2,0.4495,2,0.9685,1.41
v2_000676.jpg,video2.mp4,2,676,27.04,0.464286,0.464286,2,0.4523,2,0.9671,1.2
v2_000678.jpg,video2.mp4,2,678,27.12,0.465659,0.465659,2,0.447,2,0.9632,1.87
v2_000679.jpg,video2.mp4,2,679,27.16,0.466346,0.466346,2,0.4513,2,0.9648,1.5
v2_000680.jpg,video2.mp4,2,680,27.2,0.467033,0.467033,2,0.4507,2,0.9657,1.63
v2_000681.jpg,video2.mp4,2,681,27.24,0.46772,0.46772,2,0.4412,2,0.9642,2.65
v2_000682.jpg,video2.mp4,2,682,27.28,0.468407,0.468407,2,0.4476,2,0.9606,2.08
v2_000684.jpg,video2.mp4,2,684,27.36,0.46978,0.46978,2,0.4377,2,0.9566,3.21
v2_000685.jpg,video2.mp4,2,685,27.4,0.470467,0.470467,2,0.4579,2,0.9637,1.26
v2_000686.jpg,video2.mp4,2,686,27.44,0.471154,0.471154,2,0.4487,2,0.9708,2.25
v2_000687.jpg,video2.mp4,2,687,27.48,0.471841,0.471841,2,0.4543,2,0.9705,1.75
v2_000689.jpg,video2.mp4,2,689,27.56,0.473214,0.473214,2,0.4619,2,0.9774,1.13
v2_000690.jpg,video2.mp4,2,690,27.6,0.473901,0.473901,2,0.4724,2,0.9755,0.15
v2_000691.jpg,video2.mp4,2,691,27.64,0.474588,0.474588,2,0.4766,2,0.9741,0.2
v2_000692.jpg,video2.mp4,2,692,27.68,0.475275,0.475275,2,0.4755,2,0.9748,0.02
v2_000693.jpg,video2.mp4,2,693,27.72,0.475962,0.475962,2,0.4726,2,0.9752,0.34
v2_000695.jpg,video2.mp4,2,695,27.8,0.477335,0.477335,2,0.4769,2,0.9736,0.04
v2_000696.jpg,video2.mp4,2,696,27.84,0.478022,0.478022,2,0.4668,2,0.9734,1.12
v2_000697.jpg,video2.mp4,2,697,27.88,0.478709,0.478709,2,0.4724,2,0.9686,0.63
v2_000698.jpg,video2.mp4,2,698,27.92,0.479396,0.479396,2,0.4783,2,0.9697,0.11
v2_000699.jpg,video2.mp4,2,699,27.96,0.480082,0.480082,2,0.4764,2,0.9691,0.37
v2_000701.jpg,video2.mp4,2,701,28.04,0.481456,0.481456,2,0.4942,2,0.9594,1.27
v2_000702.jpg,video2.mp4,2,702,28.08,0.482143,0.482143,2,0.4938,2,0.9533,1.17
v2_000703.jpg,video2.mp4,2,703,28.12,0.48283,0.48283,2,0.4975,2,0.9648,1.47
v2_000704.jpg,video2.mp4,2,704,28.16,0.483516,0.483516,2,0.503,2,0.9641,1.95
v2_000706.jpg,video2.mp4,2,706,28.24,0.48489,0.48489,2,0.4831,2,0.9703,0.18
v2_000707.jpg,video2.mp4,2,707,28.28,0.485577,0.485577,2,0.4949,2,0.9662,0.93
v2_000708.jpg,video2.mp4,2,708,28.32,0.486264,0.486264,2,0.4993,2,0.967,1.3
v2_000709.jpg,video2.mp4,2,709,28.36,0.486951,0.486951,2,0.4935,2,0.967,0.65
v2_000710.jpg,video2.mp4,2,710,28.4,0.487637,0.487637,2,0.4885,2,0.9688,0.09
v2_000712.jpg,video2.mp4,2,712,28.48,0.489011,0.489011,2,0.4955,2,0.9699,0.65
v2_000713.jpg,video2.mp4,2,713,28.52,0.489698,0.489698,2,0.49,2,0.9737,0.03
v2_000714.jpg,video2.mp4,2,714,28.56,0.490385,0.490385,2,0.4979,2,0.9733,0.75
v2_000715.jpg,video2.mp4,2,715,28.6,0.491071,0.491071,2,0.4833,2,0.9765,0.78
v2_000716.jpg,video2.mp4,2,716,28.64,0.491758,0.491758,2,0.5001,2,0.973,0.83
v2_000718.jpg,video2.mp4,2,718,28.72,0.493132,0.493132,2,0.4923,2,0.9739,0.08
v2_000719.jpg,video2.mp4,2,719,28.76,0.493819,0.493819,2,0.4864,2,0.9724,0.74
v2_000720.jpg,video2.mp4,2,720,28.8,0.494505,0.494505,2,0.4921,2,0.972,0.24
v2_000721.jpg,video2.mp4,2,721,28.84,0.495192,0.495192,2,0.4995,2,0.9722,0.43
v2_000723.jpg,video2.mp4,2,723,28.92,0.496566,0.496566,2,0.5009,2,0.9728,0.43
v2_000724.jpg,video2.mp4,2,724,28.96,0.497253,0.497253,2,0.5037,2,0.9729,0.64
v2_000725.jpg,video2.mp4,2,725,29.0,0.49794,0.49794,2,0.4989,2,0.9735,0.1
v2_000726.jpg,video2.mp4,2,726,29.04,0.498626,0.498626,2,0.4959,2,0.9748,0.27
v2_000727.jpg,video2.mp4,2,727,29.08,0.499313,0.499313,2,0.5023,2,0.9734,0.3
v2_000729.jpg,video2.mp4,2,729,29.16,0.500687,0.500687,2,0.5169,2,0.9722,1.62
v2_000730.jpg,video2.mp4,2,730,29.2,0.501374,0.501374,2,0.5101,2,0.9702,0.87
v2_000731.jpg,video2.mp4,2,731,29.24,0.50206,0.50206,2,0.5196,2,0.97,1.75
v2_000732.jpg,video2.mp4,2,732,29.28,0.502747,0.502747,2,0.5152,2,0.9701,1.25
v2_000733.jpg,video2.mp4,2,733,29.32,0.503434,0.503434,2,0.4983,2,0.9715,0.51
v2_000735.jpg,video2.mp4,2,735,29.4,0.504808,0.504808,2,0.492,2,0.9713,1.28
v2_000736.jpg,video2.mp4,2,736,29.44,0.505495,0.505495,2,0.4986,2,0.9698,0.69
v2_000737.jpg,video2.mp4,2,737,29.48,0.506181,0.506181,2,0.5016,2,0.9677,0.46
v2_000738.jpg,video2.mp4,2,738,29.52,0.506868,0.506868,2,0.4919,2,0.9689,1.5
v2_000740.jpg,video2.mp4,2,740,29.6,0.508242,0.508242,2,0.5096,2,0.9681,0.14
v2_000741.jpg,video2.mp4,2,741,29.64,0.508929,0.508929,2,0.51,2,0.9641,0.11
v2_000742.jpg,video2.mp4,2,742,29.68,0.509615,0.509615,2,0.5156,2,0.9623,0.6
v2_000743.jpg,video2.mp4,2,743,29.72,0.510302,0.510302,2,0.5108,2,0.9672,0.05
v2_000744.jpg,video2.mp4,2,744,29.76,0.510989,0.510989,2,0.5113,2,0.9654,0.03
v2_000746.jpg,video2.mp4,2,746,29.84,0.512363,0.512363,2,0.5142,2,0.9631,0.18
v2_000747.jpg,video2.mp4,2,747,29.88,0.513049,0.513049,2,0.5211,2,0.957,0.81
v2_000748.jpg,video2.mp4,2,748,29.92,0.513736,0.513736,2,0.5109,2,0.9559,0.28
v2_000749.jpg,video2.mp4,2,749,29.96,0.514423,0.514423,2,0.5091,2,0.9607,0.53
v2_000750.jpg,video2.mp4,2,750,30.0,0.51511,0.51511,2,0.5139,2,0.9617,0.12
v2_000752.jpg,video2.mp4,2,752,30.08,0.516484,0.516484,2,0.5071,2,0.9686,0.94
v2_000753.jpg,video2.mp4,2,753,30.12,0.51717,0.51717,2,0.5104,2,0.9685,0.68
v2_000754.jpg,video2.mp4,2,754,30.16,0.517857,0.517857,2,0.5044,2,0.9682,1.35
v2_000755.jpg,video2.mp4,2,755,30.2,0.518544,0.518544,2,0.5151,2,0.9688,0.34
v2_000757.jpg,video2.mp4,2,757,30.28,0.519918,0.519918,2,0.5203,2,0.9657,0.04
v2_000758.jpg,video2.mp4,2,758,30.32,0.520604,0.520604,2,0.515,2,0.966,0.56
v2_000759.jpg,video2.mp4,2,759,30.36,0.521291,0.521291,2,0.5182,2,0.9638,0.31
v2_000760.jpg,video2.mp4,2,760,30.4,0.521978,0.521978,2,0.5113,2,0.9667,1.07
v2_000761.jpg,video2.mp4,2,761,30.44,0.522665,0.522665,2,0.5121,2,0.9603,1.06
v2_000763.jpg,video2.mp4,2,763,30.52,0.524038,0.524038,2,0.5027,2,0.9649,2.13
v2_000764.jpg,video2.mp4,2,764,30.56,0.524725,0.524725,2,0.5045,2,0.9637,2.02
v2_000765.jpg,video2.mp4,2,765,30.6,0.525412,0.525412,2,0.5098,2,0.9659,1.56
v2_000766.jpg,video2.mp4,2,766,30.64,0.526099,0.526099,2,0.522,2,0.9662,0.41
v2_000767.jpg,video2.mp4,2,767,30.68,0.526786,0.526786,2,0.5378,2,0.9624,1.1
v2_000769.jpg,video2.mp4,2,769,30.76,0.528159,0.528159,2,0.5218,2,0.9674,0.64
v2_000770.jpg,video2.mp4,2,770,30.8,0.528846,0.528846,2,0.528,2,0.9633,0.08
v2_000771.jpg,video2.mp4,2,771,30.84,0.529533,0.529533,2,0.5302,2,0.9626,0.07
v2_000772.jpg,video2.mp4,2,772,30.88,0.53022,0.53022,2,0.5232,2,0.9622,0.7
v2_000774.jpg,video2.mp4,2,774,30.96,0.531593,0.531593,2,0.5219,2,0.9636,0.97
v2_000775.jpg,video2.mp4,2,775,31.0,0.53228,0.53228,2,0.531,2,0.9654,0.13
v2_000776.jpg,video2.mp4,2,776,31.04,0.532967,0.532967,2,0.5455,2,0.9635,1.25
v2_000777.jpg,video2.mp4,2,777,31.08,0.533654,0.533654,2,0.539,2,0.9649,0.53
v2_000778.jpg,video2.mp4,2,778,31.12,0.534341,0.534341,2,0.5497,2,0.9619,1.54
v2_000780.jpg,video2.mp4,2,780,31.2,0.535714,0.535714,2,0.536,2,0.9712,0.03
v2_000781.jpg,video2.mp4,2,781,31.24,0.536401,0.536401,2,0.5366,2,0.97,0.02
v2_000782.jpg,video2.mp4,2,782,31.28,0.537088,0.537088,2,0.5401,2,0.9724,0.3
v2_000783.jpg,video2.mp4,2,783,31.32,0.537775,0.537775,2,0.5372,2,0.972,0.06
v2_000784.jpg,video2.mp4,2,784,31.36,0.538462,0.538462,2,0.5382,2,0.9721,0.03
v2_000786.jpg,video2.mp4,2,786,31.44,0.539835,0.539835,2,0.5418,2,0.9702,0.2
v2_000787.jpg,video2.mp4,2,787,31.48,0.540522,0.540522,2,0.5436,2,0.9703,0.31
v2_000788.jpg,video2.mp4,2,788,31.52,0.541209,0.541209,2,0.5429,2,0.9706,0.17
v2_000789.jpg,video2.mp4,2,789,31.56,0.541896,0.541896,2,0.5468,2,0.9676,0.49
v2_000791.jpg,video2.mp4,2,791,31.64,0.543269,0.543269,2,0.5532,2,0.968,0.99
v2_000792.jpg,video2.mp4,2,792,31.68,0.543956,0.543956,2,0.548,2,0.9699,0.4
v2_000793.jpg,video2.mp4,2,793,31.72,0.544643,0.544643,2,0.548,2,0.9674,0.34
v2_000794.jpg,video2.mp4,2,794,31.76,0.54533,0.54533,2,0.5552,2,0.9659,0.99
v2_000795.jpg,video2.mp4,2,795,31.8,0.546016,0.546016,2,0.5514,2,0.9698,0.54
v2_000797.jpg,video2.mp4,2,797,31.88,0.54739,0.54739,2,0.552,2,0.9713,0.46
v2_000798.jpg,video2.mp4,2,798,31.92,0.548077,0.548077,2,0.5501,2,0.9712,0.2
v2_000799.jpg,video2.mp4,2,799,31.96,0.548764,0.548764,2,0.5593,2,0.9702,1.05
v2_000800.jpg,video2.mp4,2,800,32.0,0.549451,0.549451,2,0.5559,2,0.9693,0.64
v2_000801.jpg,video2.mp4,2,801,32.04,0.550137,0.550137,2,0.5569,2,0.9679,0.68
v2_000803.jpg,video2.mp4,2,803,32.12,0.551511,0.551511,2,0.5631,2,0.9646,1.16
v2_000804.jpg,video2.mp4,2,804,32.16,0.552198,0.552198,2,0.5652,2,0.9672,1.3
v2_000805.jpg,video2.mp4,2,805,32.2,0.552885,0.552885,2,0.574,2,0.961,2.11
v2_000806.jpg,video2.mp4,2,806,32.24,0.553571,0.553571,2,0.5639,2,0.9663,1.03
v2_000808.jpg,video2.mp4,2,808,32.32,0.554945,0.554945,2,0.567,2,0.9683,1.21
v2_000809.jpg,video2.mp4,2,809,32.36,0.555632,0.555632,2,0.5721,2,0.9692,1.65
v2_000810.jpg,video2.mp4,2,810,32.4,0.556319,0.556319,2,0.5891,2,0.9648,3.28
v2_000811.jpg,video2.mp4,2,811,32.44,0.557005,0.557005,2,0.5947,2,0.965,3.77
v2_000812.jpg,video2.mp4,2,812,32.48,0.557692,0.557692,2,0.5878,2,0.9655,3.01
v2_000814.jpg,video2.mp4,2,814,32.56,0.559066,0.559066,2,0.5831,2,0.9624,2.4
v2_000815.jpg,video2.mp4,2,815,32.6,0.559753,0.559753,2,0.581,2,0.9621,2.12
v2_000816.jpg,video2.mp4,2,816,32.64,0.56044,0.56044,2,0.5869,2,0.9575,2.65
v2_000817.jpg,video2.mp4,2,817,32.68,0.561126,0.561126,2,0.5819,2,0.9592,2.08
v2_000818.jpg,video2.mp4,2,818,32.72,0.561813,0.561813,2,0.5854,2,0.9581,2.36
v2_000820.jpg,video2.mp4,2,820,32.8,0.563187,0.563187,2,0.5725,2,0.9641,0.93
v2_000821.jpg,video2.mp4,2,821,32.84,0.563874,0.563874,2,0.5737,2,0.9651,0.98
v2_000822.jpg,video2.mp4,2,822,32.88,0.56456,0.56456,2,0.5815,2,0.9649,1.69
v2_000823.jpg,video2.mp4,2,823,32.92,0.565247,0.565247,2,0.5752,2,0.9682,1.0
v2_000825.jpg,video2.mp4,2,825,33.0,0.566621,0.566621,2,0.5719,2,0.9701,0.53
v2_000826.jpg,video2.mp4,2,826,33.04,0.567308,0.567308,2,0.5622,2,0.9738,0.51
v2_000827.jpg,video2.mp4,2,827,33.08,0.567995,0.567995,2,0.5614,2,0.9731,0.66
v2_000828.jpg,video2.mp4,2,828,33.12,0.568681,0.568681,2,0.5612,2,0.9731,0.75
v2_000829.jpg,video2.mp4,2,829,33.16,0.569368,0.569368,2,0.558,2,0.9738,1.14
v2_000831.jpg,video2.mp4,2,831,33.24,0.570742,0.570742,2,0.5596,2,0.973,1.11
v2_000832.jpg,video2.mp4,2,832,33.28,0.571429,0.571429,2,0.5618,2,0.973,0.96
v2_000833.jpg,video2.mp4,2,833,33.32,0.572115,0.572115,2,0.5507,2,0.9732,2.14
v2_000834.jpg,video2.mp4,2,834,33.36,0.572802,0.572802,2,0.5544,2,0.973,1.84
v2_000835.jpg,video2.mp4,2,835,33.4,0.573489,0.573489,2,0.5603,2,0.9718,1.32
v2_000837.jpg,video2.mp4,2,837,33.48,0.574863,0.574863,2,0.5577,2,0.9723,1.72
v2_000838.jpg,video2.mp4,2,838,33.52,0.575549,0.575549,2,0.5707,2,0.9693,0.48
v2_000839.jpg,video2.mp4,2,839,33.56,0.576236,0.576236,2,0.5744,2,0.9695,0.18
v2_000840.jpg,video2.mp4,2,840,33.6,0.576923,0.576923,2,0.5709,2,0.969,0.6
v2_000842.jpg,video2.mp4,2,842,33.68,0.578297,0.578297,2,0.5826,2,0.967,0.43
v2_000843.jpg,video2.mp4,2,843,33.72,0.578984,0.578984,2,0.5819,2,0.9652,0.29
v2_000844.jpg,video2.mp4,2,844,33.76,0.57967,0.57967,2,0.5779,2,0.9655,0.18
v2_000845.jpg,video2.mp4,2,845,33.8,0.580357,0.580357,2,0.5694,2,0.9699,1.1
v2_000846.jpg,video2.mp4,2,846,33.84,0.581044,0.581044,2,0.5731,2,0.9707,0.79
v2_000848.jpg,video2.mp4,2,848,33.92,0.582418,0.582418,2,0.556,2,0.978,2.64
v2_000849.jpg,video2.mp4,2,849,33.96,0.583104,0.583104,2,0.5652,2,0.9775,1.79
v2_000850.jpg,video2.mp4,2,850,34.0,0.583791,0.583791,2,0.5856,2,0.9734,0.18
v2_000851.jpg,video2.mp4,2,851,34.04,0.584478,0.584478,2,0.5926,2,0.9737,0.81
v2_000852.jpg,video2.mp4,2,852,34.08,0.585165,0.585165,2,0.5909,2,0.9753,0.57
v2_000854.jpg,video2.mp4,2,854,34.16,0.586538,0.586538,2,0.5889,2,0.9763,0.24
v2_000855.jpg,video2.mp4,2,855,34.2,0.587225,0.587225,2,0.5811,2,0.9782,0.61
v2_000856.jpg,video2.mp4,2,856,34.24,0.587912,0.587912,2,0.5877,2,0.9764,0.02
v2_000857.jpg,video2.mp4,2,857,34.28,0.588599,0.588599,2,0.5882,2,0.9787,0.04
v2_000859.jpg,video2.mp4,2,859,34.36,0.589973,0.589973,2,0.5928,2,0.977,0.28
v2_000860.jpg,video2.mp4,2,860,34.4,0.590659,0.590659,2,0.5965,2,0.9758,0.58
v2_000861.jpg,video2.mp4,2,861,34.44,0.591346,0.591346,2,0.6002,2,0.9748,0.89
v2_000862.jpg,video2.mp4,2,862,34.48,0.592033,0.592033,2,0.5924,2,0.9757,0.04
v2_000863.jpg,video2.mp4,2,863,34.52,0.59272,0.59272,2,0.5908,2,0.9752,0.19
v2_000865.jpg,video2.mp4,2,865,34.6,0.594093,0.594093,2,0.5991,2,0.9741,0.5
v2_000866.jpg,video2.mp4,2,866,34.64,0.59478,0.59478,2,0.6032,2,0.9744,0.84
v2_000867.jpg,video2.mp4,2,867,34.68,0.595467,0.595467,2,0.5956,2,0.9754,0.01
v2_000868.jpg,video2.mp4,2,868,34.72,0.596154,0.596154,2,0.5894,2,0.9764,0.68
v2_000869.jpg,video2.mp4,2,869,34.76,0.596841,0.596841,2,0.5806,2,0.9773,1.62
v2_000871.jpg,video2.mp4,2,871,34.84,0.598214,0.598214,2,0.5802,2,0.9778,1.8
v2_000872.jpg,video2.mp4,2,872,34.88,0.598901,0.598901,2,0.5869,2,0.9768,1.2
v2_000873.jpg,video2.mp4,2,873,34.92,0.599588,0.599588,2,0.5929,2,0.977,0.67
v2_000874.jpg,video2.mp4,2,874,34.96,0.600275,0.600275,2,0.5959,2,0.9775,0.44
v2_000876.jpg,video2.mp4,2,876,35.04,0.601648,0.601648,2,0.5913,2,0.9778,1.03
v2_000877.jpg,video2.mp4,2,877,35.08,0.602335,0.602335,2,0.5938,2,0.9767,0.85
v2_000878.jpg,video2.mp4,2,878,35.12,0.603022,0.603022,2,0.6042,2,0.9716,0.12
v2_000879.jpg,video2.mp4,2,879,35.16,0.603709,0.603709,2,0.6126,2,0.9699,0.89
v2_000880.jpg,video2.mp4,2,880,35.2,0.604396,0.604396,2,0.6205,2,0.9645,1.61
v2_000882.jpg,video2.mp4,2,882,35.28,0.605769,0.605769,2,0.6079,2,0.97,0.21
v2_000883.jpg,video2.mp4,2,883,35.32,0.606456,0.606456,2,0.5979,2,0.9734,0.86
v2_000884.jpg,video2.mp4,2,884,35.36,0.607143,0.607143,2,0.6104,2,0.97,0.33
v2_000885.jpg,video2.mp4,2,885,35.4,0.60783,0.60783,2,0.6099,2,0.9691,0.21
v2_000886.jpg,video2.mp4,2,886,35.44,0.608516,0.608516,2,0.5986,2,0.9711,0.99
v2_000888.jpg,video2.mp4,2,888,35.52,0.60989,0.60989,2,0.5995,2,0.9675,1.04
v2_000889.jpg,video2.mp4,2,889,35.56,0.610577,0.610577,2,0.6172,2,0.9552,0.66
v2_000890.jpg,video2.mp4,2,890,35.6,0.611264,0.611264,2,0.6029,2,0.9596,0.84
v2_000891.jpg,video2.mp4,2,891,35.64,0.611951,0.611951,2,0.6131,2,0.9541,0.11
v2_000893.jpg,video2.mp4,2,893,35.72,0.613324,0.613324,2,0.6188,2,0.9541,0.55
v2_000894.jpg,video2.mp4,2,894,35.76,0.614011,0.614011,2,0.6167,2,0.956,0.27
v2_000895.jpg,video2.mp4,2,895,35.8,0.614698,0.614698,2,0.6211,2,0.9502,0.64
v2_000896.jpg,video2.mp4,2,896,35.84,0.615385,0.615385,2,0.6178,2,0.955,0.24
v2_000897.jpg,video2.mp4,2,897,35.88,0.616071,0.616071,2,0.6157,2,0.9578,0.04
v2_000899.jpg,video2.mp4,2,899,35.96,0.617445,0.617445,2,0.6249,2,0.9495,0.75
v2_000900.jpg,video2.mp4,2,900,36.0,0.618132,0.618132,2,0.629,2,0.9433,1.09
v2_000901.jpg,video2.mp4,2,901,36.04,0.618819,0.618819,2,0.6217,2,0.944,0.29
v2_000902.jpg,video2.mp4,2,902,36.08,0.619505,0.619505,2,0.6192,2,0.954,0.03
v2_000903.jpg,video2.mp4,2,903,36.12,0.620192,0.620192,2,0.5999,2,0.9606,2.03
v2_000905.jpg,video2.mp4,2,905,36.2,0.621566,0.621566,2,0.5952,2,0.9651,2.64
v2_000906.jpg,video2.mp4,2,906,36.24,0.622253,0.622253,2,0.6128,2,0.9579,0.95
v2_000907.jpg,video2.mp4,2,907,36.28,0.62294,0.62294,2,0.6159,2,0.9574,0.7
v2_000908.jpg,video2.mp4,2,908,36.32,0.623626,0.623626,2,0.6163,2,0.9502,0.73
v2_000910.jpg,video2.mp4,2,910,36.4,0.625,0.625,2,0.6198,2,0.954,0.52
v2_000911.jpg,video2.mp4,2,911,36.44,0.625687,0.625687,2,0.6187,2,0.9585,0.7
v2_000912.jpg,video2.mp4,2,912,36.48,0.626374,0.626374,2,0.627,2,0.9514,0.06
v2_000913.jpg,video2.mp4,2,913,36.52,0.62706,0.62706,2,0.6167,2,0.9576,1.04
v2_000914.jpg,video2.mp4,2,914,36.56,0.627747,0.627747,2,0.6189,2,0.9474,0.88
v2_000916.jpg,video2.mp4,2,916,36.64,0.629121,0.629121,2,0.602,2,0.9557,2.71
v2_000917.jpg,video2.mp4,2,917,36.68,0.629808,0.629808,2,0.6049,2,0.9563,2.49
v2_000918.jpg,video2.mp4,2,918,36.72,0.630495,0.630495,2,0.6071,2,0.9524,2.34
v2_000919.jpg,video2.mp4,2,919,36.76,0.631181,0.631181,2,0.5962,2,0.9522,3.5
v2_000920.jpg,video2.mp4,2,920,36.8,0.631868,0.631868,2,0.5932,2,0.9489,3.87
v2_000922.jpg,video2.mp4,2,922,36.88,0.633242,0.633242,2,0.6058,2,0.9493,2.74
v2_000923.jpg,video2.mp4,2,923,36.92,0.633929,0.633929,2,0.5957,2,0.9511,3.82
v2_000924.jpg,video2.mp4,2,924,36.96,0.634615,0.634615,2,0.6044,2,0.9481,3.02
v2_000925.jpg,video2.mp4,2,925,37.0,0.635302,0.635302,2,0.6042,2,0.9483,3.11
v2_000927.jpg,video2.mp4,2,927,37.08,0.636676,0.636676,2,0.6006,2,0.9475,3.61
v2_000928.jpg,video2.mp4,2,928,37.12,0.637363,0.637363,2,0.6061,2,0.9356,3.13
v2_000929.jpg,video2.mp4,2,929,37.16,0.638049,0.638049,2,0.603,2,0.9397,3.5
v2_000930.jpg,video2.mp4,2,930,37.2,0.638736,0.638736,2,0.6091,2,0.9346,2.96
v2_000931.jpg,video2.mp4,2,931,37.24,0.639423,0.639423,2,0.5959,2,0.9472,4.35
v2_000933.jpg,video2.mp4,2,933,37.32,0.640797,0.640797,2,0.609,2,0.9332,3.18
v2_000934.jpg,video2.mp4,2,934,37.36,0.641484,0.641484,2,0.6052,2,0.9241,3.63
v2_000935.jpg,video2.mp4,2,935,37.4,0.64217,0.64217,2,0.6298,2,0.885,1.24
v2_000936.jpg,video2.mp4,2,936,37.44,0.642857,0.642857,2,0.6454,2,0.808,0.25
v2_000937.jpg,video2.mp4,2,937,37.48,0.643544,0.643544,2,0.6447,2,0.7763,0.12
v2_000939.jpg,video2.mp4,2,939,37.56,0.644918,0.644918,2,0.6361,2,0.8058,0.88
v2_000940.jpg,video2.mp4,2,940,37.6,0.645604,0.645604,2,0.6404,2,0.79,0.52
v2_000941.jpg,video2.mp4,2,941,37.64,0.646291,0.646291,2,0.6406,2,0.7955,0.57
v2_000942.jpg,video2.mp4,2,942,37.68,0.646978,0.646978,2,0.6289,2,0.812,1.81
v2_000944.jpg,video2.mp4,2,944,37.76,0.648352,0.648352,2,0.6386,2,0.7824,0.98
v2_000945.jpg,video2.mp4,2,945,37.8,0.649038,0.649038,2,0.6357,2,0.7777,1.33
v2_000946.jpg,video2.mp4,2,946,37.84,0.649725,0.649725,2,0.6315,2,0.8066,1.82
v2_000947.jpg,video2.mp4,2,947,37.88,0.650412,0.650412,3,0.656,3,0.4626,0.56
v2_000948.jpg,video2.mp4,2,948,37.92,0.651099,0.651099,3,0.6641,3,0.8004,1.3
v2_000950.jpg,video2.mp4,2,950,38.0,0.652473,0.652473,3,0.6584,3,0.8688,0.59
v2_000951.jpg,video2.mp4,2,951,38.04,0.653159,0.653159,3,0.6591,3,0.8499,0.59
v2_000952.jpg,video2.mp4,2,952,38.08,0.653846,0.653846,3,0.66,3,0.8631,0.62
v2_000953.jpg,video2.mp4,2,953,38.12,0.654533,0.654533,3,0.6604,3,0.8862,0.59
v2_000954.jpg,video2.mp4,2,954,38.16,0.65522,0.65522,3,0.6654,3,0.898,1.02
v2_000956.jpg,video2.mp4,2,956,38.24,0.656593,0.656593,3,0.6743,3,0.9375,1.77
v2_000957.jpg,video2.mp4,2,957,38.28,0.65728,0.65728,3,0.6619,3,0.8951,0.46
v2_000958.jpg,video2.mp4,2,958,38.32,0.657967,0.657967,3,0.6501,3,0.869,0.79
v2_000959.jpg,video2.mp4,2,959,38.36,0.658654,0.658654,3,0.6484,3,0.863,1.03
v2_000961.jpg,video2.mp4,2,961,38.44,0.660027,0.660027,3,0.6818,3,0.9553,2.18
v2_000962.jpg,video2.mp4,2,962,38.48,0.660714,0.660714,3,0.686,3,0.9602,2.53
v2_000963.jpg,video2.mp4,2,963,38.52,0.661401,0.661401,3,0.6886,3,0.9599,2.72
v2_000964.jpg,video2.mp4,2,964,38.56,0.662088,0.662088,3,0.6841,3,0.9455,2.2
v2_000965.jpg,video2.mp4,2,965,38.6,0.662775,0.662775,3,0.691,3,0.9454,2.82
v2_000967.jpg,video2.mp4,2,967,38.68,0.664148,0.664148,3,0.6759,3,0.9234,1.18
v2_000968.jpg,video2.mp4,2,968,38.72,0.664835,0.664835,3,0.6768,3,0.9255,1.2
v2_000969.jpg,video2.mp4,2,969,38.76,0.665522,0.665522,3,0.6708,3,0.9358,0.53
v2_000970.jpg,video2.mp4,2,970,38.8,0.666209,0.666209,3,0.6963,3,0.9494,3.01
v2_000971.jpg,video2.mp4,2,971,38.84,0.666896,0.666896,3,0.6869,3,0.9554,2.0
v2_000973.jpg,video2.mp4,2,973,38.92,0.668269,0.668269,3,0.6717,3,0.9598,0.34
v2_000974.jpg,video2.mp4,2,974,38.96,0.668956,0.668956,3,0.6774,3,0.9673,0.84
v2_000975.jpg,video2.mp4,2,975,39.0,0.669643,0.669643,3,0.6695,3,0.9503,0.01
v2_000976.jpg,video2.mp4,2,976,39.04,0.67033,0.67033,3,0.6759,3,0.9511,0.56
v2_000978.jpg,video2.mp4,2,978,39.12,0.671703,0.671703,3,0.6747,3,0.9687,0.3
v2_000979.jpg,video2.mp4,2,979,39.16,0.67239,0.67239,3,0.6764,3,0.9632,0.4
v2_000980.jpg,video2.mp4,2,980,39.2,0.673077,0.673077,3,0.6838,3,0.9558,1.07
v2_000981.jpg,video2.mp4,2,981,39.24,0.673764,0.673764,3,0.6677,3,0.9464,0.61
v2_000982.jpg,video2.mp4,2,982,39.28,0.674451,0.674451,3,0.6657,3,0.9437,0.88
v2_000984.jpg,video2.mp4,2,984,39.36,0.675824,0.675824,3,0.676,3,0.9632,0.02
v2_000985.jpg,video2.mp4,2,985,39.4,0.676511,0.676511,3,0.672,3,0.9496,0.45
v2_000986.jpg,video2.mp4,2,986,39.44,0.677198,0.677198,3,0.6728,3,0.931,0.44
v2_000987.jpg,video2.mp4,2,987,39.48,0.677885,0.677885,3,0.6808,3,0.9501,0.29
v2_000988.jpg,video2.mp4,2,988,39.52,0.678571,0.678571,3,0.6853,3,0.9455,0.67
v2_000990.jpg,video2.mp4,2,990,39.6,0.679945,0.679945,3,0.7055,3,0.95,2.56
v2_000991.jpg,video2.mp4,2,991,39.64,0.680632,0.680632,3,0.7098,3,0.9513,2.92
v2_000992.jpg,video2.mp4,2,992,39.68,0.681319,0.681319,3,0.7005,3,0.9486,1.92
v2_000993.jpg,video2.mp4,2,993,39.72,0.682005,0.682005,3,0.6984,3,0.949,1.64
v2_000995.jpg,video2.mp4,2,995,39.8,0.683379,0.683379,3,0.7111,3,0.9679,2.77
v2_000996.jpg,video2.mp4,2,996,39.84,0.684066,0.684066,3,0.6991,3,0.9649,1.5
v2_000997.jpg,video2.mp4,2,997,39.88,0.684753,0.684753,3,0.6982,3,0.9635,1.34
v2_000998.jpg,video2.mp4,2,998,39.92,0.68544,0.68544,3,0.7016,3,0.9655,1.62
v2_000999.jpg,video2.mp4,2,999,39.96,0.686126,0.686126,3,0.7223,3,0.9618,3.62
v2_001001.jpg,video2.mp4,2,1001,40.04,0.6875,0.6875,3,0.6952,3,0.9568,0.77
v2_001002.jpg,video2.mp4,2,1002,40.08,0.688187,0.688187,3,0.6995,3,0.9615,1.13
v2_001003.jpg,video2.mp4,2,1003,40.12,0.688874,0.688874,3,0.6884,3,0.9687,0.05
v2_001004.jpg,video2.mp4,2,1004,40.16,0.68956,0.68956,3,0.6836,3,0.9642,0.6
v2_001005.jpg,video2.mp4,2,1005,40.2,0.690247,0.690247,3,0.7011,3,0.9683,1.09
v2_001007.jpg,video2.mp4,2,1007,40.28,0.691621,0.691621,3,0.6873,3,0.9648,0.43
v2_001008.jpg,video2.mp4,2,1008,40.32,0.692308,0.692308,3,0.6968,3,0.9635,0.45
v2_001009.jpg,video2.mp4,2,1009,40.36,0.692995,0.692995,3,0.7135,3,0.9645,2.05
v2_001010.jpg,video2.mp4,2,1010,40.4,0.693681,0.693681,3,0.7106,3,0.9642,1.69
v2_001012.jpg,video2.mp4,2,1012,40.48,0.695055,0.695055,3,0.7005,3,0.9692,0.54
v2_001013.jpg,video2.mp4,2,1013,40.52,0.695742,0.695742,3,0.688,3,0.9606,0.77
v2_001014.jpg,video2.mp4,2,1014,40.56,0.696429,0.696429,3,0.6884,3,0.9612,0.8
v2_001015.jpg,video2.mp4,2,1015,40.6,0.697115,0.697115,3,0.6788,3,0.9575,1.83
v2_001016.jpg,video2.mp4,2,1016,40.64,0.697802,0.697802,3,0.6644,3,0.9461,3.34
v2_001018.jpg,video2.mp4,2,1018,40.72,0.699176,0.699176,3,0.6694,3,0.9531,2.98
v2_001019.jpg,video2.mp4,2,1019,40.76,0.699863,0.699863,3,0.6865,3,0.9393,1.34
v2_001020.jpg,video2.mp4,2,1020,40.8,0.700549,0.700549,3,0.6828,3,0.9359,1.77
v2_001021.jpg,video2.mp4,2,1021,40.84,0.701236,0.701236,3,0.6834,3,0.9388,1.78
v2_001022.jpg,video2.mp4,2,1022,40.88,0.701923,0.701923,3,0.6961,3,0.9456,0.58
v2_001024.jpg,video2.mp4,2,1024,40.96,0.703297,0.703297,3,0.7059,3,0.9614,0.26
v2_001025.jpg,video2.mp4,2,1025,41.0,0.703984,0.703984,3,0.7086,3,0.9502,0.46
v2_001026.jpg,video2.mp4,2,1026,41.04,0.70467,0.70467,3,0.7272,3,0.965,2.25
v2_001027.jpg,video2.mp4,2,1027,41.08,0.705357,0.705357,3,0.7203,3,0.9594,1.49
v2_001029.jpg,video2.mp4,2,1029,41.16,0.706731,0.706731,3,0.722,3,0.9563,1.53
v2_001030.jpg,video2.mp4,2,1030,41.2,0.707418,0.707418,3,0.7403,3,0.9549,3.29
v2_001031.jpg,video2.mp4,2,1031,41.24,0.708104,0.708104,3,0.7332,3,0.9529,2.51
v2_001032.jpg,video2.mp4,2,1032,41.28,0.708791,0.708791,3,0.7235,3,0.9502,1.47
v2_001033.jpg,video2.mp4,2,1033,41.32,0.709478,0.709478,3,0.7121,3,0.9552,0.26
v2_001035.jpg,video2.mp4,2,1035,41.4,0.710852,0.710852,3,0.7165,3,0.9577,0.56
v2_001036.jpg,video2.mp4,2,1036,41.44,0.711538,0.711538,3,0.7126,3,0.9633,0.11
v2_001037.jpg,video2.mp4,2,1037,41.48,0.712225,0.712225,3,0.7142,3,0.9638,0.2
v2_001038.jpg,video2.mp4,2,1038,41.52,0.712912,0.712912,3,0.7079,3,0.966,0.5
v2_001039.jpg,video2.mp4,2,1039,41.56,0.713599,0.713599,3,0.7081,3,0.959,0.55
v2_001041.jpg,video2.mp4,2,1041,41.64,0.714973,0.714973,3,0.7289,3,0.9675,1.39
v2_001042.jpg,video2.mp4,2,1042,41.68,0.715659,0.715659,3,0.7241,3,0.9676,0.84
v2_001043.jpg,video2.mp4,2,1043,41.72,0.716346,0.716346,3,0.7135,3,0.9667,0.28
v2_001044.jpg,video2.mp4,2,1044,41.76,0.717033,0.717033,3,0.7566,3,0.9631,3.96
v2_001046.jpg,video2.mp4,2,1046,41.84,0.718407,0.718407,3,0.7387,3,0.9688,2.03
v2_001047.jpg,video2.mp4,2,1047,41.88,0.719093,0.719093,3,0.7392,3,0.9696,2.01
v2_001048.jpg,video2.mp4,2,1048,41.92,0.71978,0.71978,3,0.7304,3,0.9709,1.06
v2_001049.jpg,video2.mp4,2,1049,41.96,0.720467,0.720467,3,0.72,3,0.9646,0.05
v2_001050.jpg,video2.mp4,2,1050,42.0,0.721154,0.721154,3,0.7301,3,0.9664,0.89
v2_001052.jpg,video2.mp4,2,1052,42.08,0.722527,0.722527,3,0.7512,3,0.9599,2.87
v2_001053.jpg,video2.mp4,2,1053,42.12,0.723214,0.723214,3,0.7467,3,0.9685,2.35
v2_001054.jpg,video2.mp4,2,1054,42.16,0.723901,0.723901,3,0.7338,3,0.9729,0.99
v2_001055.jpg,video2.mp4,2,1055,42.2,0.724588,0.724588,3,0.719,3,0.9709,0.56
v2_001056.jpg,video2.mp4,2,1056,42.24,0.725275,0.725275,3,0.7229,3,0.9743,0.24
v2_001058.jpg,video2.mp4,2,1058,42.32,0.726648,0.726648,3,0.7072,3,0.9648,1.94
v2_001059.jpg,video2.mp4,2,1059,42.36,0.727335,0.727335,3,0.7113,3,0.9587,1.6
v2_001060.jpg,video2.mp4,2,1060,42.4,0.728022,0.728022,3,0.717,3,0.9591,1.1
v2_001061.jpg,video2.mp4,2,1061,42.44,0.728709,0.728709,3,0.7075,3,0.964,2.12
v2_001063.jpg,video2.mp4,2,1063,42.52,0.730082,0.730082,3,0.7017,3,0.9666,2.84
v2_001064.jpg,video2.mp4,2,1064,42.56,0.730769,0.730769,3,0.7066,3,0.9688,2.42
v2_001065.jpg,video2.mp4,2,1065,42.6,0.731456,0.731456,3,0.7198,3,0.9721,1.17
v2_001066.jpg,video2.mp4,2,1066,42.64,0.732143,0.732143,3,0.7203,3,0.9713,1.18
v2_001067.jpg,video2.mp4,2,1067,42.68,0.73283,0.73283,3,0.7397,3,0.9763,0.69
v2_001069.jpg,video2.mp4,2,1069,42.76,0.734203,0.734203,3,0.7539,3,0.9828,1.97
v2_001070.jpg,video2.mp4,2,1070,42.8,0.73489,0.73489,3,0.7571,3,0.9831,2.22
v2_001071.jpg,video2.mp4,2,1071,42.84,0.735577,0.735577,3,0.7482,3,0.9817,1.26
v2_001072.jpg,video2.mp4,2,1072,42.88,0.736264,0.736264,3,0.7378,3,0.9791,0.15
v2_001073.jpg,video2.mp4,2,1073,42.92,0.736951,0.736951,3,0.749,3,0.9799,1.2
v2_001075.jpg,video2.mp4,2,1075,43.0,0.738324,0.738324,3,0.7464,3,0.9793,0.81
v2_001076.jpg,video2.mp4,2,1076,43.04,0.739011,0.739011,3,0.7455,3,0.9812,0.65
v2_001077.jpg,video2.mp4,2,1077,43.08,0.739698,0.739698,3,0.7394,3,0.9796,0.03
v2_001078.jpg,video2.mp4,2,1078,43.12,0.740385,0.740385,3,0.7698,3,0.9786,2.94
v2_001080.jpg,video2.mp4,2,1080,43.2,0.741758,0.741758,3,0.7567,3,0.9588,1.49
v2_001081.jpg,video2.mp4,2,1081,43.24,0.742445,0.742445,3,0.7502,3,0.9605,0.78
v2_001082.jpg,video2.mp4,2,1082,43.28,0.743132,0.743132,3,0.7712,3,0.9594,2.81
v2_001083.jpg,video2.mp4,2,1083,43.32,0.743819,0.743819,3,0.7715,3,0.9572,2.77
v2_001084.jpg,video2.mp4,2,1084,43.36,0.744505,0.744505,3,0.7695,3,0.9599,2.5
v2_001086.jpg,video2.mp4,2,1086,43.44,0.745879,0.745879,3,0.7709,3,0.9583,2.5
v2_001087.jpg,video2.mp4,2,1087,43.48,0.746566,0.746566,3,0.7633,3,0.9601,1.67
v2_001088.jpg,video2.mp4,2,1088,43.52,0.747253,0.747253,3,0.766,3,0.962,1.87
v2_001089.jpg,video2.mp4,2,1089,43.56,0.74794,0.74794,3,0.7636,3,0.9577,1.57
v2_001090.jpg,video2.mp4,2,1090,43.6,0.748626,0.748626,3,0.7682,3,0.957,1.96
v2_001092.jpg,video2.mp4,2,1092,43.68,0.75,0.75,3,0.7672,3,0.9564,1.72
v2_001093.jpg,video2.mp4,2,1093,43.72,0.750687,0.750687,3,0.7657,3,0.96,1.5
v2_001094.jpg,video2.mp4,2,1094,43.76,0.751374,0.751374,3,0.7617,3,0.9595,1.03
v2_001095.jpg,video2.mp4,2,1095,43.8,0.75206,0.75206,3,0.7609,3,0.9617,0.88
v2_001097.jpg,video2.mp4,2,1097,43.88,0.753434,0.753434,3,0.7785,3,0.9592,2.51
v2_001098.jpg,video2.mp4,2,1098,43.92,0.754121,0.754121,3,0.774,3,0.961,1.99
v2_001099.jpg,video2.mp4,2,1099,43.96,0.754808,0.754808,3,0.7722,3,0.967,1.74
v2_001100.jpg,video2.mp4,2,1100,44.0,0.755495,0.755495,3,0.7694,3,0.973,1.39
v2_001101.jpg,video2.mp4,2,1101,44.04,0.756181,0.756181,3,0.7641,3,0.9709,0.79
v2_001103.jpg,video2.mp4,2,1103,44.12,0.757555,0.757555,3,0.783,3,0.9698,2.54
v2_001104.jpg,video2.mp4,2,1104,44.16,0.758242,0.758242,3,0.7806,3,0.9698,2.24
v2_001105.jpg,video2.mp4,2,1105,44.2,0.758929,0.758929,3,0.7713,3,0.9741,1.24
v2_001106.jpg,video2.mp4,2,1106,44.24,0.759615,0.759615,3,0.7627,3,0.9745,0.31
v2_001107.jpg,video2.mp4,2,1107,44.28,0.760302,0.760302,3,0.7598,3,0.9742,0.05
v2_001109.jpg,video2.mp4,2,1109,44.36,0.761676,0.761676,3,0.7619,3,0.9728,0.02
v2_001110.jpg,video2.mp4,2,1110,44.4,0.762363,0.762363,3,0.7722,3,0.9712,0.98
v2_001111.jpg,video2.mp4,2,1111,44.44,0.763049,0.763049,3,0.7799,3,0.9713,1.69
v2_001112.jpg,video2.mp4,2,1112,44.48,0.763736,0.763736,3,0.7947,3,0.9681,3.1
v2_001114.jpg,video2.mp4,2,1114,44.56,0.76511,0.76511,3,0.7963,3,0.9652,3.12
v2_001115.jpg,video2.mp4,2,1115,44.6,0.765797,0.765797,3,0.7951,3,0.9684,2.93
v2_001116.jpg,video2.mp4,2,1116,44.64,0.766484,0.766484,3,0.7827,3,0.9659,1.62
v2_001117.jpg,video2.mp4,2,1117,44.68,0.76717,0.76717,3,0.7657,3,0.9694,0.15
v2_001118.jpg,video2.mp4,2,1118,44.72,0.767857,0.767857,3,0.7654,3,0.9744,0.25
v2_001120.jpg,video2.mp4,2,1120,44.8,0.769231,0.769231,3,0.7409,3,0.9737,2.83
v2_001121.jpg,video2.mp4,2,1121,44.84,0.769918,0.769918,3,0.7517,3,0.978,1.82
v2_001122.jpg,video2.mp4,2,1122,44.88,0.770604,0.770604,3,0.7678,3,0.9787,0.28
v2_001123.jpg,video2.mp4,2,1123,44.92,0.771291,0.771291,3,0.7479,3,0.9758,2.34
v2_001124.jpg,video2.mp4,2,1124,44.96,0.771978,0.771978,3,0.7468,3,0.9742,2.52
v2_001126.jpg,video2.mp4,2,1126,45.04,0.773352,0.773352,3,0.7683,3,0.9764,0.51
v2_001127.jpg,video2.mp4,2,1127,45.08,0.774038,0.774038,3,0.7742,3,0.9764,0.02
v2_001128.jpg,video2.mp4,2,1128,45.12,0.774725,0.774725,3,0.7846,3,0.9778,0.99
v2_001129.jpg,video2.mp4,2,1129,45.16,0.775412,0.775412,3,0.7785,3,0.9764,0.31
v2_001131.jpg,video2.mp4,2,1131,45.24,0.776786,0.776786,3,0.7829,3,0.9743,0.61
v2_001132.jpg,video2.mp4,2,1132,45.28,0.777473,0.777473,3,0.7791,3,0.9757,0.16
v2_001133.jpg,video2.mp4,2,1133,45.32,0.778159,0.778159,3,0.7715,3,0.973,0.67
v2_001134.jpg,video2.mp4,2,1134,45.36,0.778846,0.778846,3,0.7678,3,0.9735,1.1
v2_001135.jpg,video2.mp4,2,1135,45.4,0.779533,0.779533,3,0.7691,3,0.9728,1.04
v2_001137.jpg,video2.mp4,2,1137,45.48,0.780907,0.780907,3,0.7799,3,0.974,0.1
v2_001138.jpg,video2.mp4,2,1138,45.52,0.781593,0.781593,3,0.7803,3,0.975,0.13
v2_001139.jpg,video2.mp4,2,1139,45.56,0.78228,0.78228,3,0.771,3,0.9763,1.13
v2_001140.jpg,video2.mp4,2,1140,45.6,0.782967,0.782967,3,0.7729,3,0.9777,1.01
v2_001141.jpg,video2.mp4,2,1141,45.64,0.783654,0.783654,3,0.7734,3,0.9774,1.03
v2_001143.jpg,video2.mp4,2,1143,45.72,0.785027,0.785027,3,0.7784,3,0.9782,0.66
v2_001144.jpg,video2.mp4,2,1144,45.76,0.785714,0.785714,3,0.7776,3,0.9781,0.81
v2_001145.jpg,video2.mp4,2,1145,45.8,0.786401,0.786401,3,0.7797,3,0.9787,0.67
v2_001146.jpg,video2.mp4,2,1146,45.84,0.787088,0.787088,3,0.7827,3,0.9805,0.44
v2_001148.jpg,video2.mp4,2,1148,45.92,0.788462,0.788462,3,0.7762,3,0.9781,1.23
v2_001149.jpg,video2.mp4,2,1149,45.96,0.789148,0.789148,3,0.7886,3,0.9777,0.05
v2_001150.jpg,video2.mp4,2,1150,46.0,0.789835,0.789835,3,0.7927,3,0.9792,0.29
v2_001151.jpg,video2.mp4,2,1151,46.04,0.790522,0.790522,3,0.7803,3,0.9786,1.02
v2_001152.jpg,video2.mp4,2,1152,46.08,0.791209,0.791209,3,0.7844,3,0.9782,0.68
v2_001154.jpg,video2.mp4,2,1154,46.16,0.792582,0.792582,3,0.7886,3,0.9794,0.4
v2_001155.jpg,video2.mp4,2,1155,46.2,0.793269,0.793269,3,0.7877,3,0.9808,0.56
v2_001156.jpg,video2.mp4,2,1156,46.24,0.793956,0.793956,3,0.7876,3,0.9815,0.64
v2_001157.jpg,video2.mp4,2,1157,46.28,0.794643,0.794643,3,0.785,3,0.9814,0.96
v2_001158.jpg,video2.mp4,2,1158,46.32,0.79533,0.79533,3,0.7881,3,0.9795,0.72
v2_001160.jpg,video2.mp4,2,1160,46.4,0.796703,0.796703,3,0.8003,3,0.9668,0.36
v2_001161.jpg,video2.mp4,2,1161,46.44,0.79739,0.79739,3,0.7992,3,0.9679,0.18
v2_001162.jpg,video2.mp4,2,1162,46.48,0.798077,0.798077,3,0.7953,3,0.9669,0.28
v2_001163.jpg,video2.mp4,2,1163,46.52,0.798764,0.798764,3,0.8037,3,0.9659,0.49
v2_001165.jpg,video2.mp4,2,1165,46.6,0.800137,0.800137,3,0.7928,3,0.9696,0.73
v2_001166.jpg,video2.mp4,2,1166,46.64,0.800824,0.800824,3,0.7925,3,0.9721,0.83
v2_001167.jpg,video2.mp4,2,1167,46.68,0.801511,0.801511,3,0.7837,3,0.9732,1.78
v2_001168.jpg,video2.mp4,2,1168,46.72,0.802198,0.802198,3,0.7782,3,0.9735,2.4
v2_001169.jpg,video2.mp4,2,1169,46.76,0.802885,0.802885,3,0.78,3,0.9722,2.29
v2_001171.jpg,video2.mp4,2,1171,46.84,0.804258,0.804258,3,0.8008,3,0.9682,0.35
v2_001172.jpg,video2.mp4,2,1172,46.88,0.804945,0.804945,3,0.8007,3,0.9667,0.42
v2_001173.jpg,video2.mp4,2,1173,46.92,0.805632,0.805632,3,0.8067,3,0.9682,0.11
v2_001174.jpg,video2.mp4,2,1174,46.96,0.806319,0.806319,3,0.8121,3,0.97,0.58
v2_001175.jpg,video2.mp4,2,1175,47.0,0.807005,0.807005,3,0.8011,3,0.9759,0.59
v2_001177.jpg,video2.mp4,2,1177,47.08,0.808379,0.808379,3,0.8041,3,0.9695,0.43
v2_001178.jpg,video2.mp4,2,1178,47.12,0.809066,0.809066,3,0.8019,3,0.9702,0.72
v2_001179.jpg,video2.mp4,2,1179,47.16,0.809753,0.809753,3,0.7809,3,0.9606,2.89
v2_001180.jpg,video2.mp4,2,1180,47.2,0.81044,0.81044,3,0.773,3,0.9458,3.74
v2_001182.jpg,video2.mp4,2,1182,47.28,0.811813,0.811813,3,0.7649,3,0.9565,4.69
v2_001183.jpg,video2.mp4,2,1183,47.32,0.8125,0.8125,3,0.7675,3,0.9556,4.5
v2_001184.jpg,video2.mp4,2,1184,47.36,0.813187,0.813187,3,0.7613,3,0.9558,5.19
v2_001185.jpg,video2.mp4,2,1185,47.4,0.813874,0.813874,3,0.7552,3,0.952,5.87
v2_001186.jpg,video2.mp4,2,1186,47.44,0.81456,0.81456,3,0.76,3,0.9479,5.46
v2_001188.jpg,video2.mp4,2,1188,47.52,0.815934,0.815934,3,0.774,3,0.9451,4.19
v2_001189.jpg,video2.mp4,2,1189,47.56,0.816621,0.816621,3,0.7882,3,0.9449,2.84
v2_001190.jpg,video2.mp4,2,1190,47.6,0.817308,0.817308,3,0.7819,3,0.9518,3.54
v2_001191.jpg,video2.mp4,2,1191,47.64,0.817995,0.817995,3,0.7803,3,0.9509,3.77
v2_001192.jpg,video2.mp4,2,1192,47.68,0.818681,0.818681,3,0.7715,3,0.9528,4.72
v2_001194.jpg,video2.mp4,2,1194,47.76,0.820055,0.820055,3,0.7843,3,0.9641,3.58
v2_001195.jpg,video2.mp4,2,1195,47.8,0.820742,0.820742,3,0.776,3,0.9593,4.47
v2_001196.jpg,video2.mp4,2,1196,47.84,0.821429,0.821429,3,0.7746,3,0.9567,4.68
v2_001197.jpg,video2.mp4,2,1197,47.88,0.822115,0.822115,3,0.7776,3,0.9538,4.45
v2_001199.jpg,video2.mp4,2,1199,47.96,0.823489,0.823489,3,0.7385,3,0.9557,8.5
v2_001200.jpg,video2.mp4,2,1200,48.0,0.824176,0.824176,3,0.7419,3,0.9575,8.23
v2_001201.jpg,video2.mp4,2,1201,48.04,0.824863,0.824863,3,0.7452,3,0.9613,7.97
v2_001202.jpg,video2.mp4,2,1202,48.08,0.825549,0.825549,3,0.7482,3,0.9633,7.73
v2_001203.jpg,video2.mp4,2,1203,48.12,0.826236,0.826236,3,0.7515,3,0.9601,7.47
v2_001205.jpg,video2.mp4,2,1205,48.2,0.82761,0.82761,3,0.7682,3,0.9654,5.94
v2_001206.jpg,video2.mp4,2,1206,48.24,0.828297,0.828297,3,0.7626,3,0.9642,6.57
v2_001207.jpg,video2.mp4,2,1207,48.28,0.828984,0.828984,3,0.7892,3,0.9698,3.98
v2_001208.jpg,video2.mp4,2,1208,48.32,0.82967,0.82967,3,0.7896,3,0.9635,4.01
v2_001209.jpg,video2.mp4,2,1209,48.36,0.830357,0.830357,3,0.7711,3,0.9587,5.93
v2_001211.jpg,video2.mp4,2,1211,48.44,0.831731,0.831731,3,0.7831,3,0.9667,4.86
v2_001212.jpg,video2.mp4,2,1212,48.48,0.832418,0.832418,3,0.7815,3,0.9685,5.09
v2_001213.jpg,video2.mp4,2,1213,48.52,0.833104,0.833104,3,0.7767,3,0.9685,5.64
v2_001214.jpg,video2.mp4,2,1214,48.56,0.833791,0.833791,3,0.792,3,0.9728,4.18
v2_001216.jpg,video2.mp4,2,1216,48.64,0.835165,0.835165,3,0.8236,3,0.967,1.16
v2_001217.jpg,video2.mp4,2,1217,48.68,0.835852,0.835852,3,0.8215,3,0.9673,1.44
v2_001218.jpg,video2.mp4,2,1218,48.72,0.836538,0.836538,3,0.8147,3,0.9676,2.18
v2_001219.jpg,video2.mp4,2,1219,48.76,0.837225,0.837225,3,0.8034,3,0.9678,3.38
v2_001220.jpg,video2.mp4,2,1220,48.8,0.837912,0.837912,3,0.8167,3,0.9703,2.12
v2_001222.jpg,video2.mp4,2,1222,48.88,0.839286,0.839286,3,0.841,3,0.9685,0.17
v2_001223.jpg,video2.mp4,2,1223,48.92,0.839973,0.839973,3,0.8469,3,0.9659,0.69
v2_001224.jpg,video2.mp4,2,1224,48.96,0.840659,0.840659,3,0.8312,3,0.9649,0.95
v2_001225.jpg,video2.mp4,2,1225,49.0,0.841346,0.841346,3,0.8331,3,0.9634,0.82
v2_001226.jpg,video2.mp4,2,1226,49.04,0.842033,0.842033,3,0.8332,3,0.9628,0.88
v2_001228.jpg,video2.mp4,2,1228,49.12,0.843407,0.843407,3,0.8471,3,0.9535,0.37
v2_001229.jpg,video2.mp4,2,1229,49.16,0.844093,0.844093,3,0.858,3,0.8804,1.39
v2_001230.jpg,video2.mp4,2,1230,49.2,0.84478,0.84478,3,0.8578,3,0.8783,1.3
v2_001231.jpg,video2.mp4,2,1231,49.24,0.845467,0.845467,3,0.8556,3,0.8414,1.01
v2_001233.jpg,video2.mp4,2,1233,49.32,0.846841,0.846841,3,0.8563,3,0.6473,0.95
v2_001234.jpg,video2.mp4,2,1234,49.36,0.847527,0.847527,3,0.855,3,0.669,0.75
v2_001235.jpg,video2.mp4,2,1235,49.4,0.848214,0.848214,3,0.856,4,0.4782,0.78
v2_001236.jpg,video2.mp4,2,1236,49.44,0.848901,0.848901,3,0.8501,3,0.5056,0.12
v2_001237.jpg,video2.mp4,2,1237,49.48,0.849588,0.849588,3,0.86,4,0.7384,1.04
v2_001239.jpg,video2.mp4,2,1239,49.56,0.850962,0.850962,4,0.8607,4,0.7895,0.97
v2_001240.jpg,video2.mp4,2,1240,49.6,0.851648,0.851648,4,0.8517,4,0.6842,0.01
v2_001241.jpg,video2.mp4,2,1241,49.64,0.852335,0.852335,4,0.8462,4,0.6453,0.61
v2_001242.jpg,video2.mp4,2,1242,49.68,0.853022,0.853022,4,0.8522,4,0.7316,0.08
v2_001243.jpg,video2.mp4,2,1243,49.72,0.853709,0.853709,4,0.8504,4,0.6952,0.33
v2_001245.jpg,video2.mp4,2,1245,49.8,0.855082,0.855082,4,0.8551,4,0.7837,0.0
v2_001246.jpg,video2.mp4,2,1246,49.84,0.855769,0.855769,4,0.8539,4,0.7651,0.19
v2_001247.jpg,video2.mp4,2,1247,49.88,0.856456,0.856456,4,0.8626,4,0.8841,0.61
v2_001248.jpg,video2.mp4,2,1248,49.92,0.857143,0.857143,4,0.8714,4,0.93,1.43
v2_001250.jpg,video2.mp4,2,1250,50.0,0.858516,0.858516,4,0.8722,4,0.9379,1.37
v2_001251.jpg,video2.mp4,2,1251,50.04,0.859203,0.859203,4,0.8752,4,0.9552,1.6
v2_001252.jpg,video2.mp4,2,1252,50.08,0.85989,0.85989,4,0.8718,4,0.9475,1.19
v2_001253.jpg,video2.mp4,2,1253,50.12,0.860577,0.860577,4,0.8701,4,0.9415,0.95
v2_001254.jpg,video2.mp4,2,1254,50.16,0.861264,0.861264,4,0.8692,4,0.9367,0.79
v2_001256.jpg,video2.mp4,2,1256,50.24,0.862637,0.862637,4,0.8617,4,0.9111,0.09
v2_001257.jpg,video2.mp4,2,1257,50.28,0.863324,0.863324,4,0.863,4,0.9122,0.03
v2_001258.jpg,video2.mp4,2,1258,50.32,0.864011,0.864011,4,0.8596,4,0.9015,0.44
v2_001259.jpg,video2.mp4,2,1259,50.36,0.864698,0.864698,4,0.8607,4,0.901,0.4
v2_001260.jpg,video2.mp4,2,1260,50.4,0.865385,0.865385,4,0.8647,4,0.9236,0.07
v2_001262.jpg,video2.mp4,2,1262,50.48,0.866758,0.866758,4,0.8739,4,0.9423,0.71
v2_001263.jpg,video2.mp4,2,1263,50.52,0.867445,0.867445,4,0.8747,4,0.9406,0.73
v2_001264.jpg,video2.mp4,2,1264,50.56,0.868132,0.868132,4,0.8721,4,0.9363,0.4
v2_001265.jpg,video2.mp4,2,1265,50.6,0.868819,0.868819,4,0.8804,4,0.9549,1.16
v2_001267.jpg,video2.mp4,2,1267,50.68,0.870192,0.870192,4,0.8789,4,0.9616,0.87
v2_001268.jpg,video2.mp4,2,1268,50.72,0.870879,0.870879,4,0.8825,4,0.9661,1.16
v2_001269.jpg,video2.mp4,2,1269,50.76,0.871566,0.871566,4,0.8804,4,0.9638,0.88
v2_001270.jpg,video2.mp4,2,1270,50.8,0.872253,0.872253,4,0.8876,4,0.9732,1.53
v2_001271.jpg,video2.mp4,2,1271,50.84,0.87294,0.87294,4,0.8951,4,0.9772,2.22
v2_001273.jpg,video2.mp4,2,1273,50.92,0.874313,0.874313,4,0.8973,4,0.9746,2.3
v2_001274.jpg,video2.mp4,2,1274,50.96,0.875,0.875,4,0.897,4,0.9731,2.2
v2_001275.jpg,video2.mp4,2,1275,51.0,0.875687,0.875687,4,0.9045,4,0.9772,2.88
v2_001276.jpg,video2.mp4,2,1276,51.04,0.876374,0.876374,4,0.9017,4,0.9784,2.53
v2_001277.jpg,video2.mp4,2,1277,51.08,0.87706,0.87706,4,0.9112,4,0.9798,3.41
v2_001279.jpg,video2.mp4,2,1279,51.16,0.878434,0.878434,4,0.907,4,0.9788,2.86
v2_001280.jpg,video2.mp4,2,1280,51.2,0.879121,0.879121,4,0.9077,4,0.978,2.86
v2_001281.jpg,video2.mp4,2,1281,51.24,0.879808,0.879808,4,0.913,4,0.9789,3.32
v2_001282.jpg,video2.mp4,2,1282,51.28,0.880495,0.880495,4,0.9071,4,0.9773,2.66
v2_001284.jpg,video2.mp4,2,1284,51.36,0.881868,0.881868,4,0.8979,4,0.974,1.6
v2_001285.jpg,video2.mp4,2,1285,51.4,0.882555,0.882555,4,0.901,4,0.9741,1.84
v2_001286.jpg,video2.mp4,2,1286,51.44,0.883242,0.883242,4,0.8994,4,0.9721,1.62
v2_001287.jpg,video2.mp4,2,1287,51.48,0.883929,0.883929,4,0.9008,4,0.9726,1.69
v2_001288.jpg,video2.mp4,2,1288,51.52,0.884615,0.884615,4,0.8991,4,0.9722,1.45
v2_001290.jpg,video2.mp4,2,1290,51.6,0.885989,0.885989,4,0.9025,4,0.9749,1.65
v2_001291.jpg,video2.mp4,2,1291,51.64,0.886676,0.886676,4,0.9081,4,0.9766,2.14
v2_001292.jpg,video2.mp4,2,1292,51.68,0.887363,0.887363,4,0.9025,4,0.9765,1.51
v2_001293.jpg,video2.mp4,2,1293,51.72,0.888049,0.888049,4,0.8852,4,0.9683,0.28
v2_001294.jpg,video2.mp4,2,1294,51.76,0.888736,0.888736,4,0.8888,4,0.9713,0.01
v2_001296.jpg,video2.mp4,2,1296,51.84,0.89011,0.89011,4,0.8895,4,0.9714,0.06
v2_001297.jpg,video2.mp4,2,1297,51.88,0.890797,0.890797,4,0.8842,4,0.9681,0.66
v2_001298.jpg,video2.mp4,2,1298,51.92,0.891484,0.891484,4,0.8868,4,0.9689,0.47
v2_001299.jpg,video2.mp4,2,1299,51.96,0.89217,0.89217,4,0.8865,4,0.9688,0.57
v2_001301.jpg,video2.mp4,2,1301,52.04,0.893544,0.893544,4,0.8944,4,0.9713,0.09
v2_001302.jpg,video2.mp4,2,1302,52.08,0.894231,0.894231,4,0.8862,4,0.966,0.8
v2_001303.jpg,video2.mp4,2,1303,52.12,0.894918,0.894918,4,0.8869,4,0.9668,0.8
v2_001304.jpg,video2.mp4,2,1304,52.16,0.895604,0.895604,4,0.8866,4,0.9683,0.9
v2_001305.jpg,video2.mp4,2,1305,52.2,0.896291,0.896291,4,0.8867,4,0.9671,0.96
v2_001307.jpg,video2.mp4,2,1307,52.28,0.897665,0.897665,4,0.8809,4,0.9612,1.68
v2_001308.jpg,video2.mp4,2,1308,52.32,0.898352,0.898352,4,0.8803,4,0.9613,1.81
v2_001309.jpg,video2.mp4,2,1309,52.36,0.899038,0.899038,4,0.8605,4,0.9182,3.85
v2_001310.jpg,video2.mp4,2,1310,52.4,0.899725,0.899725,4,0.8623,4,0.927,3.74
v2_001311.jpg,video2.mp4,2,1311,52.44,0.900412,0.900412,4,0.8653,4,0.9314,3.51
v2_001313.jpg,video2.mp4,2,1313,52.52,0.901786,0.901786,4,0.8611,4,0.9188,4.07
v2_001314.jpg,video2.mp4,2,1314,52.56,0.902473,0.902473,4,0.8606,4,0.9188,4.19
v2_001315.jpg,video2.mp4,2,1315,52.6,0.903159,0.903159,4,0.8599,4,0.9156,4.33
v2_001316.jpg,video2.mp4,2,1316,52.64,0.903846,0.903846,4,0.8841,4,0.9691,1.97
v2_001318.jpg,video2.mp4,2,1318,52.72,0.90522,0.90522,4,0.8896,4,0.9697,1.56
v2_001319.jpg,video2.mp4,2,1319,52.76,0.905907,0.905907,4,0.8873,4,0.9622,1.86
v2_001320.jpg,video2.mp4,2,1320,52.8,0.906593,0.906593,4,0.887,4,0.9582,1.96
v2_001321.jpg,video2.mp4,2,1321,52.84,0.90728,0.90728,4,0.8971,4,0.9712,1.02
v2_001322.jpg,video2.mp4,2,1322,52.88,0.907967,0.907967,4,0.8932,4,0.9687,1.48
v2_001324.jpg,video2.mp4,2,1324,52.96,0.909341,0.909341,4,0.8858,4,0.9605,2.35
v2_001325.jpg,video2.mp4,2,1325,53.0,0.910027,0.910027,4,0.8819,4,0.9542,2.81
v2_001326.jpg,video2.mp4,2,1326,53.04,0.910714,0.910714,4,0.8868,4,0.9616,2.39
v2_001327.jpg,video2.mp4,2,1327,53.08,0.911401,0.911401,4,0.8898,4,0.9671,2.16
v2_001328.jpg,video2.mp4,2,1328,53.12,0.912088,0.912088,4,0.8867,4,0.9635,2.54
v2_001330.jpg,video2.mp4,2,1330,53.2,0.913462,0.913462,4,0.8907,4,0.9574,2.28
v2_001331.jpg,video2.mp4,2,1331,53.24,0.914148,0.914148,4,0.8896,4,0.954,2.45
v2_001332.jpg,video2.mp4,2,1332,53.28,0.914835,0.914835,4,0.8852,4,0.9463,2.96
v2_001333.jpg,video2.mp4,2,1333,53.32,0.915522,0.915522,4,0.9047,4,0.9569,1.08
v2_001335.jpg,video2.mp4,2,1335,53.4,0.916896,0.916896,4,0.9149,4,0.9594,0.2
v2_001336.jpg,video2.mp4,2,1336,53.44,0.917582,0.917582,4,0.923,4,0.9675,0.54
v2_001337.jpg,video2.mp4,2,1337,53.48,0.918269,0.918269,4,0.9234,4,0.9667,0.51
v2_001338.jpg,video2.mp4,2,1338,53.52,0.918956,0.918956,4,0.9252,4,0.9655,0.62
v2_001339.jpg,video2.mp4,2,1339,53.56,0.919643,0.919643,4,0.9252,4,0.9656,0.56
v2_001341.jpg,video2.mp4,2,1341,53.64,0.921016,0.921016,4,0.9187,4,0.9624,0.23
v2_001342.jpg,video2.mp4,2,1342,53.68,0.921703,0.921703,4,0.921,4,0.9631,0.07
v2_001343.jpg,video2.mp4,2,1343,53.72,0.92239,0.92239,4,0.929,4,0.9638,0.66
v2_001344.jpg,video2.mp4,2,1344,53.76,0.923077,0.923077,4,0.9217,4,0.9609,0.14
v2_001345.jpg,video2.mp4,2,1345,53.8,0.923764,0.923764,4,0.9331,4,0.9668,0.93
v2_001347.jpg,video2.mp4,2,1347,53.88,0.925137,0.925137,4,0.9347,4,0.9686,0.96
v2_001348.jpg,video2.mp4,2,1348,53.92,0.925824,0.925824,4,0.9336,4,0.9654,0.78
v2_001349.jpg,video2.mp4,2,1349,53.96,0.926511,0.926511,4,0.9283,4,0.9649,0.18
v2_001350.jpg,video2.mp4,2,1350,54.0,0.927198,0.927198,4,0.914,4,0.9613,1.32
v2_001352.jpg,video2.mp4,2,1352,54.08,0.928571,0.928571,4,0.9078,4,0.9553,2.08
v2_001353.jpg,video2.mp4,2,1353,54.12,0.929258,0.929258,4,0.9098,4,0.9591,1.95
v2_001354.jpg,video2.mp4,2,1354,54.16,0.929945,0.929945,4,0.9118,4,0.9599,1.81
v2_001355.jpg,video2.mp4,2,1355,54.2,0.930632,0.930632,4,0.9089,4,0.9563,2.17
v2_001356.jpg,video2.mp4,2,1356,54.24,0.931319,0.931319,4,0.9126,4,0.9572,1.87
v2_001358.jpg,video2.mp4,2,1358,54.32,0.932692,0.932692,4,0.9152,4,0.9568,1.75
v2_001359.jpg,video2.mp4,2,1359,54.36,0.933379,0.933379,4,0.9124,4,0.9543,2.1
v2_001360.jpg,video2.mp4,2,1360,54.4,0.934066,0.934066,4,0.9083,4,0.9519,2.58
v2_001361.jpg,video2.mp4,2,1361,54.44,0.934753,0.934753,4,0.9155,4,0.959,1.93
v2_001362.jpg,video2.mp4,2,1362,54.48,0.93544,0.93544,4,0.9236,4,0.962,1.18
v2_001364.jpg,video2.mp4,2,1364,54.56,0.936813,0.936813,4,0.9305,4,0.9648,0.63
v2_001365.jpg,video2.mp4,2,1365,54.6,0.9375,0.9375,4,0.9304,4,0.9646,0.71
v2_001366.jpg,video2.mp4,2,1366,54.64,0.938187,0.938187,4,0.9394,4,0.9646,0.12
v2_001367.jpg,video2.mp4,2,1367,54.68,0.938874,0.938874,4,0.9392,4,0.9631,0.03
v2_001369.jpg,video2.mp4,2,1369,54.76,0.940247,0.940247,4,0.9384,4,0.9634,0.18
v2_001370.jpg,video2.mp4,2,1370,54.8,0.940934,0.940934,4,0.9336,4,0.9634,0.73
v2_001371.jpg,video2.mp4,2,1371,54.84,0.941621,0.941621,4,0.9366,4,0.9625,0.5
v2_001372.jpg,video2.mp4,2,1372,54.88,0.942308,0.942308,4,0.9329,4,0.9628,0.94
v2_001373.jpg,video2.mp4,2,1373,54.92,0.942995,0.942995,4,0.9341,4,0.9634,0.89
v2_001375.jpg,video2.mp4,2,1375,55.0,0.944368,0.944368,4,0.9438,4,0.9616,0.06
v2_001376.jpg,video2.mp4,2,1376,55.04,0.945055,0.945055,4,0.9433,4,0.9607,0.18
v2_001377.jpg,video2.mp4,2,1377,55.08,0.945742,0.945742,4,0.9473,4,0.9623,0.16
v2_001378.jpg,video2.mp4,2,1378,55.12,0.946429,0.946429,4,0.9577,4,0.9606,1.13
v2_001379.jpg,video2.mp4,2,1379,55.16,0.947115,0.947115,4,0.9636,4,0.9614,1.65
v2_001381.jpg,video2.mp4,2,1381,55.24,0.948489,0.948489,4,0.9639,4,0.9619,1.54
v2_001382.jpg,video2.mp4,2,1382,55.28,0.949176,0.949176,4,0.9659,4,0.9654,1.67
v2_001383.jpg,video2.mp4,2,1383,55.32,0.949863,0.949863,4,0.9658,4,0.9658,1.59
v2_001384.jpg,video2.mp4,2,1384,55.36,0.950549,0.950549,4,0.9624,4,0.9624,1.19
v2_001386.jpg,video2.mp4,2,1386,55.44,0.951923,0.951923,4,0.9608,4,0.9626,0.89
v2_001387.jpg,video2.mp4,2,1387,55.48,0.95261,0.95261,4,0.9591,4,0.9618,0.65
v2_001388.jpg,video2.mp4,2,1388,55.52,0.953297,0.953297,4,0.9642,4,0.9656,1.09
v2_001389.jpg,video2.mp4,2,1389,55.56,0.953984,0.953984,4,0.9623,4,0.9627,0.83
v2_001390.jpg,video2.mp4,2,1390,55.6,0.95467,0.95467,4,0.957,4,0.9607,0.23
v2_001392.jpg,video2.mp4,2,1392,55.68,0.956044,0.956044,4,0.9589,4,0.9609,0.29
v2_001393.jpg,video2.mp4,2,1393,55.72,0.956731,0.956731,4,0.9636,4,0.9556,0.69
v2_001394.jpg,video2.mp4,2,1394,55.76,0.957418,0.957418,4,0.9615,4,0.9555,0.41
v2_001395.jpg,video2.mp4,2,1395,55.8,0.958104,0.958104,4,0.9623,4,0.9569,0.42
v2_001396.jpg,video2.mp4,2,1396,55.84,0.958791,0.958791,4,0.9639,4,0.962,0.51
v2_001398.jpg,video2.mp4,2,1398,55.92,0.960165,0.960165,4,0.9642,4,0.9653,0.4
v2_001399.jpg,video2.mp4,2,1399,55.96,0.960852,0.960852,4,0.9624,4,0.9644,0.15
v2_001400.jpg,video2.mp4,2,1400,56.0,0.961538,0.961538,4,0.9602,4,0.9624,0.13
v2_001401.jpg,video2.mp4,2,1401,56.04,0.962225,0.962225,4,0.9613,4,0.9609,0.09
v2_001403.jpg,video2.mp4,2,1403,56.12,0.963599,0.963599,4,0.9628,4,0.9612,0.08
v2_001404.jpg,video2.mp4,2,1404,56.16,0.964286,0.964286,4,0.962,4,0.9631,0.23
v2_001405.jpg,video2.mp4,2,1405,56.2,0.964973,0.964973,4,0.9614,4,0.9618,0.36
v2_001406.jpg,video2.mp4,2,1406,56.24,0.965659,0.965659,4,0.9611,4,0.9619,0.46
v2_001407.jpg,video2.mp4,2,1407,56.28,0.966346,0.966346,4,0.9628,4,0.9631,0.35
v2_001409.jpg,video2.mp4,2,1409,56.36,0.96772,0.96772,4,0.9625,4,0.9617,0.52
v2_001410.jpg,video2.mp4,2,1410,56.4,0.968407,0.968407,4,0.9641,4,0.9654,0.43
v2_001411.jpg,video2.mp4,2,1411,56.44,0.969093,0.969093,4,0.9662,4,0.9664,0.29
v2_001412.jpg,video2.mp4,2,1412,56.48,0.96978,0.96978,4,0.9644,4,0.9681,0.54
v2_001413.jpg,video2.mp4,2,1413,56.52,0.970467,0.970467,4,0.9623,4,0.9665,0.82
v2_001415.jpg,video2.mp4,2,1415,56.6,0.971841,0.971841,4,0.9634,4,0.9642,0.84
v2_001416.jpg,video2.mp4,2,1416,56.64,0.972527,0.972527,4,0.9691,4,0.965,0.34
v2_001417.jpg,video2.mp4,2,1417,56.68,0.973214,0.973214,4,0.9688,4,0.9644,0.44
v2_001418.jpg,video2.mp4,2,1418,56.72,0.973901,0.973901,4,0.968,4,0.9645,0.59
v2_001420.jpg,video2.mp4,2,1420,56.8,0.975275,0.975275,4,0.9661,4,0.9642,0.92
v2_001421.jpg,video2.mp4,2,1421,56.84,0.975962,0.975962,4,0.9679,4,0.9646,0.81
v2_001422.jpg,video2.mp4,2,1422,56.88,0.976648,0.976648,4,0.9712,4,0.9652,0.54
v2_001423.jpg,video2.mp4,2,1423,56.92,0.977335,0.977335,4,0.9716,4,0.965,0.57
v2_001424.jpg,video2.mp4,2,1424,56.96,0.978022,0.978022,4,0.9689,4,0.962,0.91
v2_001426.jpg,video2.mp4,2,1426,57.04,0.979396,0.979396,4,0.9661,4,0.9609,1.33
v2_001427.jpg,video2.mp4,2,1427,57.08,0.980082,0.980082,4,0.9668,4,0.9616,1.33
v2_001428.jpg,video2.mp4,2,1428,57.12,0.980769,0.980769,4,0.9643,4,0.9616,1.65
v2_001429.jpg,video2.mp4,2,1429,57.16,0.981456,0.981456,4,0.9629,4,0.9621,1.86
v2_001430.jpg,video2.mp4,2,1430,57.2,0.982143,0.982143,4,0.9637,4,0.9623,1.84
v2_001432.jpg,video2.mp4,2,1432,57.28,0.983516,0.983516,4,0.9671,4,0.968,1.64
v2_001433.jpg,video2.mp4,2,1433,57.32,0.984203,0.984203,4,0.9673,4,0.9642,1.69
v2_001434.jpg,video2.mp4,2,1434,57.36,0.98489,0.98489,4,0.966,4,0.9616,1.89
v2_001435.jpg,video2.mp4,2,1435,57.4,0.985577,0.985577,4,0.9669,4,0.9611,1.87
v2_001437.jpg,video2.mp4,2,1437,57.48,0.986951,0.986951,4,0.9687,4,0.9543,1.83
v2_001438.jpg,video2.mp4,2,1438,57.52,0.987637,0.987637,4,0.9693,4,0.9551,1.83
v2_001439.jpg,video2.mp4,2,1439,57.56,0.988324,0.988324,4,0.9723,4,0.9569,1.6
v2_001440.jpg,video2.mp4,2,1440,57.6,0.989011,0.989011,4,0.9748,4,0.9554,1.42
v2_001441.jpg,video2.mp4,2,1441,57.64,0.989698,0.989698,4,0.976,4,0.9596,1.37
v2_001443.jpg,video2.mp4,2,1443,57.72,0.991071,0.991071,4,0.9725,4,0.951,1.86
v2_001444.jpg,video2.mp4,2,1444,57.76,0.991758,0.991758,4,0.9689,4,0.9477,2.29
v2_001445.jpg,video2.mp4,2,1445,57.8,0.992445,0.992445,4,0.9618,4,0.9477,3.06
v2_001446.jpg,video2.mp4,2,1446,57.84,0.993132,0.993132,4,0.9669,4,0.9474,2.62
v2_001447.jpg,video2.mp4,2,1447,57.88,0.993819,0.993819,4,0.9695,4,0.9451,2.43
v2_001449.jpg,video2.mp4,2,1449,57.96,0.995192,0.995192,4,0.9684,4,0.9391,2.68
v2_001450.jpg,video2.mp4,2,1450,58.0,0.995879,0.995879,4,0.9704,4,0.9403,2.55
v2_001451.jpg,video2.mp4,2,1451,58.04,0.996566,0.996566,4,0.973,4,0.9454,2.36
v2_001452.jpg,video2.mp4,2,1452,58.08,0.997253,0.997253,4,0.9694,4,0.9418,2.79
v2_001454.jpg,video2.mp4,2,1454,58.16,0.998626,0.998626,4,0.9701,4,0.9403,2.85
v2_001455.jpg,video2.mp4,2,1455,58.2,0.999313,0.999313,4,0.9683,4,0.9373,3.1
v2_001456.jpg,video2.mp4,2,1456,58.24,1.0,1.0,4,0.9709,4,0.9363,2.91
v3_000000.jpg,video3.mp4,3,0,0.0,0.0,0.0,0,0.0696,0,0.9634,6.96
v3_000002.jpg,video3.mp4,3,2,0.08,0.001017,0.001017,0,0.0754,0,0.9585,7.44
v3_000003.jpg,video3.mp4,3,3,0.12,0.001526,0.001526,0,0.0739,0,0.9635,7.24
v3_000005.jpg,video3.mp4,3,5,0.2,0.002543,0.002543,0,0.0762,0,0.9632,7.37
v3_000007.jpg,video3.mp4,3,7,0.28,0.003561,0.003561,0,0.0728,0,0.9631,6.92
v3_000008.jpg,video3.mp4,3,8,0.32,0.004069,0.004069,0,0.0723,0,0.963,6.82
v3_000010.jpg,video3.mp4,3,10,0.4,0.005086,0.005086,0,0.0727,0,0.9647,6.76
v3_000011.jpg,video3.mp4,3,11,0.44,0.005595,0.005595,0,0.0722,0,0.9644,6.66
v3_000013.jpg,video3.mp4,3,13,0.52,0.006612,0.006612,0,0.0714,0,0.9649,6.48
v3_000015.jpg,video3.mp4,3,15,0.6,0.00763,0.00763,0,0.0722,0,0.9664,6.46
v3_000016.jpg,video3.mp4,3,16,0.64,0.008138,0.008138,0,0.0705,0,0.9673,6.24
v3_000018.jpg,video3.mp4,3,18,0.72,0.009156,0.009156,0,0.0717,0,0.9675,6.25
v3_000020.jpg,video3.mp4,3,20,0.8,0.010173,0.010173,0,0.0702,0,0.9675,6.0
v3_000021.jpg,video3.mp4,3,21,0.84,0.010682,0.010682,0,0.0675,0,0.9702,5.68
v3_000023.jpg,video3.mp4,3,23,0.92,0.011699,0.011699,0,0.07,0,0.9666,5.83
v3_000025.jpg,video3.mp4,3,25,1.0,0.012716,0.012716,0,0.0739,0,0.9675,6.12
v3_000026.jpg,video3.mp4,3,26,1.04,0.013225,0.013225,0,0.0776,0,0.9615,6.44
v3_000028.jpg,video3.mp4,3,28,1.12,0.014242,0.014242,0,0.0716,0,0.9691,5.74
v3_000030.jpg,video3.mp4,3,30,1.2,0.015259,0.015259,0,0.0751,0,0.9643,5.98
v3_000031.jpg,video3.mp4,3,31,1.24,0.015768,0.015768,0,0.066,0,0.9691,5.02
v3_000033.jpg,video3.mp4,3,33,1.32,0.016785,0.016785,0,0.0623,0,0.9696,4.55
v3_000034.jpg,video3.mp4,3,34,1.36,0.017294,0.017294,0,0.0608,0,0.9692,4.35
v3_000036.jpg,video3.mp4,3,36,1.44,0.018311,0.018311,0,0.0558,0,0.972,3.75
v3_000038.jpg,video3.mp4,3,38,1.52,0.019329,0.019329,0,0.063,0,0.9671,4.37
v3_000039.jpg,video3.mp4,3,39,1.56,0.019837,0.019837,0,0.0676,0,0.9649,4.78
v3_000041.jpg,video3.mp4,3,41,1.64,0.020855,0.020855,0,0.0621,0,0.97,4.12
v3_000043.jpg,video3.mp4,3,43,1.72,0.021872,0.021872,0,0.0635,0,0.9684,4.16
v3_000044.jpg,video3.mp4,3,44,1.76,0.02238,0.02238,0,0.0587,0,0.9698,3.63
v3_000046.jpg,video3.mp4,3,46,1.84,0.023398,0.023398,0,0.0605,0,0.9687,3.71
v3_000048.jpg,video3.mp4,3,48,1.92,0.024415,0.024415,0,0.0602,0,0.9676,3.58
v3_000049.jpg,video3.mp4,3,49,1.96,0.024924,0.024924,0,0.06,0,0.9678,3.51
v3_000051.jpg,video3.mp4,3,51,2.04,0.025941,0.025941,0,0.0629,0,0.968,3.7
v3_000052.jpg,video3.mp4,3,52,2.08,0.02645,0.02645,0,0.0612,0,0.9673,3.48
v3_000054.jpg,video3.mp4,3,54,2.16,0.027467,0.027467,0,0.057,0,0.9688,2.95
v3_000056.jpg,video3.mp4,3,56,2.24,0.028484,0.028484,0,0.0555,0,0.9693,2.7
v3_000057.jpg,video3.mp4,3,57,2.28,0.028993,0.028993,0,0.061,0,0.9679,3.2
v3_000059.jpg,video3.mp4,3,59,2.36,0.03001,0.03001,0,0.0592,0,0.9686,2.92
v3_000061.jpg,video3.mp4,3,61,2.44,0.031027,0.031027,0,0.0554,0,0.9679,2.44
v3_000062.jpg,video3.mp4,3,62,2.48,0.031536,0.031536,0,0.0544,0,0.9685,2.29
v3_000064.jpg,video3.mp4,3,64,2.56,0.032553,0.032553,0,0.0548,0,0.9671,2.22
v3_000066.jpg,video3.mp4,3,66,2.64,0.033571,0.033571,0,0.0564,0,0.9673,2.28
v3_000067.jpg,video3.mp4,3,67,2.68,0.034079,0.034079,0,0.0553,0,0.9683,2.12
v3_000069.jpg,video3.mp4,3,69,2.76,0.035097,0.035097,0,0.0558,0,0.9692,2.07
v3_000071.jpg,video3.mp4,3,71,2.84,0.036114,0.036114,0,0.0561,0,0.9681,2.0
v3_000072.jpg,video3.mp4,3,72,2.88,0.036623,0.036623,0,0.0555,0,0.9682,1.89
v3_000074.jpg,video3.mp4,3,74,2.96,0.03764,0.03764,0,0.0501,0,0.9699,1.25
v3_000075.jpg,video3.mp4,3,75,3.0,0.038149,0.038149,0,0.0526,0,0.9694,1.45
v3_000077.jpg,video3.mp4,3,77,3.08,0.039166,0.039166,0,0.055,0,0.9678,1.58
v3_000079.jpg,video3.mp4,3,79,3.16,0.040183,0.040183,0,0.0538,0,0.9694,1.36
v3_000080.jpg,video3.mp4,3,80,3.2,0.040692,0.040692,0,0.0531,0,0.9694,1.24
v3_000082.jpg,video3.mp4,3,82,3.28,0.041709,0.041709,0,0.0565,0,0.9671,1.48
v3_000084.jpg,video3.mp4,3,84,3.36,0.042726,0.042726,0,0.0622,0,0.9658,1.95
v3_000085.jpg,video3.mp4,3,85,3.4,0.043235,0.043235,0,0.0636,0,0.9652,2.04
v3_000087.jpg,video3.mp4,3,87,3.48,0.044252,0.044252,0,0.0697,0,0.9602,2.54
v3_000089.jpg,video3.mp4,3,89,3.56,0.04527,0.04527,0,0.0614,0,0.9672,1.61
v3_000090.jpg,video3.mp4,3,90,3.6,0.045778,0.045778,0,0.0582,0,0.9668,1.24
v3_000092.jpg,video3.mp4,3,92,3.68,0.046796,0.046796,0,0.06,0,0.9642,1.32
v3_000093.jpg,video3.mp4,3,93,3.72,0.047304,0.047304,0,0.0571,0,0.9635,0.98
v3_000095.jpg,video3.mp4,3,95,3.8,0.048321,0.048321,0,0.0574,0,0.9638,0.91
v3_000097.jpg,video3.mp4,3,97,3.88,0.049339,0.049339,0,0.0598,0,0.9662,1.05
v3_000098.jpg,video3.mp4,3,98,3.92,0.049847,0.049847,0,0.0628,0,0.9668,1.3
v3_000100.jpg,video3.mp4,3,100,4.0,0.050865,0.050865,0,0.065,0,0.967,1.41
v3_000102.jpg,video3.mp4,3,102,4.08,0.051882,0.051882,0,0.0635,0,0.9676,1.16
v3_000103.jpg,video3.mp4,3,103,4.12,0.052391,0.052391,0,0.0645,0,0.966,1.21
v3_000105.jpg,video3.mp4,3,105,4.2,0.053408,0.053408,0,0.0665,0,0.9657,1.31
v3_000107.jpg,video3.mp4,3,107,4.28,0.054425,0.054425,0,0.0722,0,0.9596,1.78
v3_000108.jpg,video3.mp4,3,108,4.32,0.054934,0.054934,0,0.0716,0,0.9617,1.67
v3_000110.jpg,video3.mp4,3,110,4.4,0.055951,0.055951,0,0.0704,0,0.9627,1.44
v3_000111.jpg,video3.mp4,3,111,4.44,0.05646,0.05646,0,0.0715,0,0.9633,1.5
v3_000113.jpg,video3.mp4,3,113,4.52,0.057477,0.057477,0,0.0659,0,0.9683,0.84
v3_000115.jpg,video3.mp4,3,115,4.6,0.058494,0.058494,0,0.0602,0,0.9705,0.17
v3_000116.jpg,video3.mp4,3,116,4.64,0.059003,0.059003,0,0.0623,0,0.9682,0.33
v3_000118.jpg,video3.mp4,3,118,4.72,0.06002,0.06002,0,0.0605,0,0.9684,0.05
v3_000120.jpg,video3.mp4,3,120,4.8,0.061038,0.061038,0,0.0605,0,0.9659,0.05
v3_000121.jpg,video3.mp4,3,121,4.84,0.061546,0.061546,0,0.0559,0,0.9687,0.56
v3_000123.jpg,video3.mp4,3,123,4.92,0.062564,0.062564,0,0.0556,0,0.9656,0.7
v3_000125.jpg,video3.mp4,3,125,5.0,0.063581,0.063581,0,0.054,0,0.9668,0.96
v3_000126.jpg,video3.mp4,3,126,5.04,0.06409,0.06409,0,0.0621,0,0.9666,0.2
v3_000128.jpg,video3.mp4,3,128,5.12,0.065107,0.065107,0,0.0558,0,0.9692,0.93
v3_000130.jpg,video3.mp4,3,130,5.2,0.066124,0.066124,0,0.0606,0,0.9686,0.55
v3_000131.jpg,video3.mp4,3,131,5.24,0.066633,0.066633,0,0.0603,0,0.9677,0.63
v3_000133.jpg,video3.mp4,3,133,5.32,0.06765,0.06765,0,0.0553,0,0.9676,1.23
v3_000134.jpg,video3.mp4,3,134,5.36,0.068159,0.068159,0,0.0522,0,0.9703,1.6
v3_000136.jpg,video3.mp4,3,136,5.44,0.069176,0.069176,0,0.0547,0,0.9701,1.45
v3_000138.jpg,video3.mp4,3,138,5.52,0.070193,0.070193,0,0.0562,0,0.9713,1.4
v3_000139.jpg,video3.mp4,3,139,5.56,0.070702,0.070702,0,0.0573,0,0.973,1.34
v3_000141.jpg,video3.mp4,3,141,5.64,0.071719,0.071719,0,0.0584,0,0.9713,1.33
v3_000143.jpg,video3.mp4,3,143,5.72,0.072737,0.072737,0,0.065,0,0.9712,0.77
v3_000144.jpg,video3.mp4,3,144,5.76,0.073245,0.073245,0,0.065,0,0.9709,0.82
v3_000146.jpg,video3.mp4,3,146,5.84,0.074262,0.074262,0,0.064,0,0.971,1.03
v3_000148.jpg,video3.mp4,3,148,5.92,0.07528,0.07528,0,0.0625,0,0.9695,1.28
v3_000149.jpg,video3.mp4,3,149,5.96,0.075788,0.075788,0,0.065,0,0.9705,1.08
v3_000151.jpg,video3.mp4,3,151,6.04,0.076806,0.076806,0,0.0683,0,0.9694,0.85
v3_000152.jpg,video3.mp4,3,152,6.08,0.077314,0.077314,0,0.0658,0,0.9714,1.15
v3_000154.jpg,video3.mp4,3,154,6.16,0.078332,0.078332,0,0.0682,0,0.9725,1.01
v3_000156.jpg,video3.mp4,3,156,6.24,0.079349,0.079349,0,0.0652,0,0.9733,1.41
v3_000157.jpg,video3.mp4,3,157,6.28,0.079858,0.079858,0,0.0635,0,0.9738,1.64
v3_000159.jpg,video3.mp4,3,159,6.36,0.080875,0.080875,0,0.0688,0,0.9731,1.21
v3_000161.jpg,video3.mp4,3,161,6.44,0.081892,0.081892,0,0.0716,0,0.9727,1.03
v3_000162.jpg,video3.mp4,3,162,6.48,0.082401,0.082401,0,0.0752,0,0.9713,0.72
v3_000164.jpg,video3.mp4,3,164,6.56,0.083418,0.083418,0,0.078,0,0.9676,0.54
v3_000166.jpg,video3.mp4,3,166,6.64,0.084435,0.084435,0,0.075,0,0.9688,0.94
v3_000167.jpg,video3.mp4,3,167,6.68,0.084944,0.084944,0,0.0743,0,0.9687,1.06
v3_000169.jpg,video3.mp4,3,169,6.76,0.085961,0.085961,0,0.0782,0,0.9658,0.78
v3_000171.jpg,video3.mp4,3,171,6.84,0.086979,0.086979,0,0.0777,0,0.9639,0.93
v3_000172.jpg,video3.mp4,3,172,6.88,0.087487,0.087487,0,0.0765,0,0.9643,1.1
v3_000174.jpg,video3.mp4,3,174,6.96,0.088505,0.088505,0,0.0761,0,0.9675,1.24
v3_000175.jpg,video3.mp4,3,175,7.0,0.089013,0.089013,0,0.0819,0,0.9626,0.71
v3_000177.jpg,video3.mp4,3,177,7.08,0.090031,0.090031,0,0.0794,0,0.9653,1.06
v3_000179.jpg,video3.mp4,3,179,7.16,0.091048,0.091048,0,0.0763,0,0.9663,1.47
v3_000180.jpg,video3.mp4,3,180,7.2,0.091556,0.091556,0,0.0771,0,0.9671,1.45
v3_000182.jpg,video3.mp4,3,182,7.28,0.092574,0.092574,0,0.0693,0,0.9728,2.33
v3_000184.jpg,video3.mp4,3,184,7.36,0.093591,0.093591,0,0.0696,0,0.9738,2.4
v3_000185.jpg,video3.mp4,3,185,7.4,0.0941,0.0941,0,0.0704,0,0.9729,2.37
v3_000187.jpg,video3.mp4,3,187,7.48,0.095117,0.095117,0,0.0689,0,0.9723,2.62
v3_000189.jpg,video3.mp4,3,189,7.56,0.096134,0.096134,0,0.0763,0,0.9693,1.98
v3_000190.jpg,video3.mp4,3,190,7.6,0.096643,0.096643,0,0.0727,0,0.9708,2.39
v3_000192.jpg,video3.mp4,3,192,7.68,0.09766,0.09766,0,0.0792,0,0.9667,1.85
v3_000193.jpg,video3.mp4,3,193,7.72,0.098169,0.098169,0,0.0822,0,0.9665,1.6
v3_000195.jpg,video3.mp4,3,195,7.8,0.099186,0.099186,0,0.0895,0,0.9588,0.97
v3_000197.jpg,video3.mp4,3,197,7.88,0.100203,0.100203,0,0.0949,0,0.9471,0.53
v3_000198.jpg,video3.mp4,3,198,7.92,0.100712,0.100712,0,0.0996,0,0.9399,0.11
v3_000200.jpg,video3.mp4,3,200,8.0,0.101729,0.101729,0,0.1063,0,0.9185,0.46
v3_000202.jpg,video3.mp4,3,202,8.08,0.102747,0.102747,0,0.0948,0,0.9452,0.79
v3_000203.jpg,video3.mp4,3,203,8.12,0.103255,0.103255,0,0.0977,0,0.9407,0.56
v3_000205.jpg,video3.mp4,3,205,8.2,0.104273,0.104273,0,0.1044,0,0.9319,0.01
v3_000207.jpg,video3.mp4,3,207,8.28,0.10529,0.10529,0,0.1051,0,0.9361,0.02
v3_000208.jpg,video3.mp4,3,208,8.32,0.105799,0.105799,0,0.1021,0,0.9413,0.37
v3_000210.jpg,video3.mp4,3,210,8.4,0.106816,0.106816,0,0.1001,0,0.947,0.67
v3_000212.jpg,video3.mp4,3,212,8.48,0.107833,0.107833,0,0.0956,0,0.9563,1.22
v3_000213.jpg,video3.mp4,3,213,8.52,0.108342,0.108342,0,0.0954,0,0.9542,1.29
v3_000215.jpg,video3.mp4,3,215,8.6,0.109359,0.109359,0,0.1094,0,0.9372,0.0
v3_000216.jpg,video3.mp4,3,216,8.64,0.109868,0.109868,0,0.1064,0,0.9406,0.35
v3_000218.jpg,video3.mp4,3,218,8.72,0.110885,0.110885,0,0.1063,0,0.9436,0.46
v3_000220.jpg,video3.mp4,3,220,8.8,0.111902,0.111902,0,0.093,0,0.9592,1.89
v3_000221.jpg,video3.mp4,3,221,8.84,0.112411,0.112411,0,0.0823,0,0.9647,3.01
v3_000223.jpg,video3.mp4,3,223,8.92,0.113428,0.113428,0,0.0984,0,0.9469,1.5
v3_000225.jpg,video3.mp4,3,225,9.0,0.114446,0.114446,0,0.0929,0,0.9574,2.15
v3_000226.jpg,video3.mp4,3,226,9.04,0.114954,0.114954,0,0.0925,0,0.9589,2.25
v3_000228.jpg,video3.mp4,3,228,9.12,0.115972,0.115972,0,0.0908,0,0.9597,2.52
v3_000230.jpg,video3.mp4,3,230,9.2,0.116989,0.116989,0,0.0868,0,0.9602,3.02
v3_000231.jpg,video3.mp4,3,231,9.24,0.117497,0.117497,0,0.0879,0,0.9608,2.96
v3_000233.jpg,video3.mp4,3,233,9.32,0.118515,0.118515,0,0.0896,0,0.964,2.89
v3_000234.jpg,video3.mp4,3,234,9.36,0.119023,0.119023,0,0.0953,0,0.9609,2.37
v3_000236.jpg,video3.mp4,3,236,9.44,0.120041,0.120041,0,0.1025,0,0.9488,1.75
v3_000238.jpg,video3.mp4,3,238,9.52,0.121058,0.121058,0,0.1088,0,0.9379,1.23
v3_000239.jpg,video3.mp4,3,239,9.56,0.121567,0.121567,0,0.1048,0,0.9452,1.68
v3_000241.jpg,video3.mp4,3,241,9.64,0.122584,0.122584,0,0.1006,0,0.9537,2.2
v3_000243.jpg,video3.mp4,3,243,9.72,0.123601,0.123601,0,0.1111,0,0.927,1.25
v3_000244.jpg,video3.mp4,3,244,9.76,0.12411,0.12411,0,0.1034,0,0.9429,2.07
v3_000246.jpg,video3.mp4,3,246,9.84,0.125127,0.125127,0,0.1084,0,0.9209,1.67
v3_000248.jpg,video3.mp4,3,248,9.92,0.126144,0.126144,0,0.113,0,0.9164,1.31
v3_000249.jpg,video3.mp4,3,249,9.96,0.126653,0.126653,0,0.1193,0,0.8999,0.74
v3_000251.jpg,video3.mp4,3,251,10.04,0.12767,0.12767,0,0.1071,0,0.9301,2.06
v3_000253.jpg,video3.mp4,3,253,10.12,0.128688,0.128688,0,0.0979,0,0.9433,3.08
v3_000254.jpg,video3.mp4,3,254,10.16,0.129196,0.129196,0,0.1047,0,0.9381,2.45
v3_000256.jpg,video3.mp4,3,256,10.24,0.130214,0.130214,0,0.1096,0,0.9148,2.06
v3_000257.jpg,video3.mp4,3,257,10.28,0.130722,0.130722,0,0.1079,0,0.9284,2.28
v3_000259.jpg,video3.mp4,3,259,10.36,0.13174,0.13174,0,0.1069,0,0.9433,2.48
v3_000261.jpg,video3.mp4,3,261,10.44,0.132757,0.132757,0,0.1174,0,0.9074,1.54
v3_000262.jpg,video3.mp4,3,262,10.48,0.133266,0.133266,0,0.1125,0,0.9229,2.08
v3_000264.jpg,video3.mp4,3,264,10.56,0.134283,0.134283,0,0.1037,0,0.9455,3.06
v3_000266.jpg,video3.mp4,3,266,10.64,0.1353,0.1353,0,0.105,0,0.9468,3.03
v3_000267.jpg,video3.mp4,3,267,10.68,0.135809,0.135809,0,0.1106,0,0.9308,2.52
v3_000269.jpg,video3.mp4,3,269,10.76,0.136826,0.136826,0,0.1171,0,0.8979,1.97
v3_000271.jpg,video3.mp4,3,271,10.84,0.137843,0.137843,0,0.1055,0,0.9403,3.23
v3_000272.jpg,video3.mp4,3,272,10.88,0.138352,0.138352,0,0.1065,0,0.9406,3.19
v3_000274.jpg,video3.mp4,3,274,10.96,0.139369,0.139369,0,0.1167,0,0.923,2.27
v3_000275.jpg,video3.mp4,3,275,11.0,0.139878,0.139878,0,0.1259,0,0.9003,1.4
v3_000277.jpg,video3.mp4,3,277,11.08,0.140895,0.140895,0,0.13,0,0.8746,1.09
v3_000279.jpg,video3.mp4,3,279,11.16,0.141913,0.141913,0,0.1179,0,0.9075,2.4
v3_000280.jpg,video3.mp4,3,280,11.2,0.142421,0.142421,0,0.122,0,0.8868,2.04
v3_000282.jpg,video3.mp4,3,282,11.28,0.143438,0.143438,0,0.1186,0,0.8966,2.48
v3_000284.jpg,video3.mp4,3,284,11.36,0.144456,0.144456,0,0.1243,0,0.8478,2.02
v3_000285.jpg,video3.mp4,3,285,11.4,0.144964,0.144964,0,0.1209,0,0.8616,2.41
v3_000287.jpg,video3.mp4,3,287,11.48,0.145982,0.145982,0,0.1242,0,0.8472,2.18
v3_000289.jpg,video3.mp4,3,289,11.56,0.146999,0.146999,0,0.134,0,0.7144,1.3
v3_000290.jpg,video3.mp4,3,290,11.6,0.147508,0.147508,0,0.1309,0,0.7053,1.66
v3_000292.jpg,video3.mp4,3,292,11.68,0.148525,0.148525,0,0.1372,0,0.7015,1.13
v3_000294.jpg,video3.mp4,3,294,11.76,0.149542,0.149542,0,0.1387,0,0.6775,1.08
v3_000295.jpg,video3.mp4,3,295,11.8,0.150051,0.150051,1,0.1457,1,0.4782,0.44
v3_000297.jpg,video3.mp4,3,297,11.88,0.151068,0.151068,1,0.1477,1,0.5414,0.34
v3_000298.jpg,video3.mp4,3,298,11.92,0.151577,0.151577,1,0.1492,1,0.5002,0.24
v3_000300.jpg,video3.mp4,3,300,12.0,0.152594,0.152594,1,0.1642,1,0.8328,1.16
v3_000302.jpg,video3.mp4,3,302,12.08,0.153611,0.153611,1,0.185,1,0.9042,3.14
v3_000303.jpg,video3.mp4,3,303,12.12,0.15412,0.15412,1,0.1817,1,0.9169,2.76
v3_000305.jpg,video3.mp4,3,305,12.2,0.155137,0.155137,1,0.1662,1,0.7905,1.11
v3_000307.jpg,video3.mp4,3,307,12.28,0.156155,0.156155,1,0.1748,1,0.9001,1.86
v3_000308.jpg,video3.mp4,3,308,12.32,0.156663,0.156663,1,0.1744,1,0.9249,1.77
v3_000310.jpg,video3.mp4,3,310,12.4,0.157681,0.157681,1,0.1772,1,0.9434,1.95
v3_000312.jpg,video3.mp4,3,312,12.48,0.158698,0.158698,1,0.1818,1,0.9587,2.31
v3_000313.jpg,video3.mp4,3,313,12.52,0.159207,0.159207,1,0.1834,1,0.9492,2.42
v3_000315.jpg,video3.mp4,3,315,12.6,0.160224,0.160224,1,0.1809,1,0.9471,2.07
v3_000316.jpg,video3.mp4,3,316,12.64,0.160732,0.160732,1,0.1779,1,0.9277,1.72
v3_000318.jpg,video3.mp4,3,318,12.72,0.16175,0.16175,1,0.1809,1,0.9408,1.91
v3_000320.jpg,video3.mp4,3,320,12.8,0.162767,0.162767,1,0.1784,1,0.9671,1.56
v3_000321.jpg,video3.mp4,3,321,12.84,0.163276,0.163276,1,0.1763,1,0.9658,1.3
v3_000323.jpg,video3.mp4,3,323,12.92,0.164293,0.164293,1,0.1656,1,0.9694,0.13
v3_000325.jpg,video3.mp4,3,325,13.0,0.16531,0.16531,1,0.1844,1,0.9778,1.91
v3_000326.jpg,video3.mp4,3,326,13.04,0.165819,0.165819,1,0.1795,1,0.9736,1.37
v3_000328.jpg,video3.mp4,3,328,13.12,0.166836,0.166836,1,0.1818,1,0.9653,1.5
v3_000330.jpg,video3.mp4,3,330,13.2,0.167854,0.167854,1,0.1776,1,0.947,0.97
v3_000331.jpg,video3.mp4,3,331,13.24,0.168362,0.168362,1,0.1733,1,0.9371,0.49
v3_000333.jpg,video3.mp4,3,333,13.32,0.169379,0.169379,1,0.1831,1,0.9713,1.37
v3_000334.jpg,video3.mp4,3,334,13.36,0.169888,0.169888,1,0.1765,1,0.9541,0.66
v3_000336.jpg,video3.mp4,3,336,13.44,0.170905,0.170905,1,0.1764,1,0.9577,0.55
v3_000338.jpg,video3.mp4,3,338,13.52,0.171923,0.171923,1,0.1817,1,0.9545,0.98
v3_000339.jpg,video3.mp4,3,339,13.56,0.172431,0.172431,1,0.1832,1,0.9224,1.08
v3_000341.jpg,video3.mp4,3,341,13.64,0.173449,0.173449,1,0.1877,1,0.9689,1.43
v3_000343.jpg,video3.mp4,3,343,13.72,0.174466,0.174466,1,0.1795,1,0.9771,0.5
v3_000344.jpg,video3.mp4,3,344,13.76,0.174975,0.174975,1,0.187,1,0.9768,1.2
v3_000346.jpg,video3.mp4,3,346,13.84,0.175992,0.175992,1,0.1958,1,0.9803,1.98
v3_000348.jpg,video3.mp4,3,348,13.92,0.177009,0.177009,1,0.1906,1,0.9548,1.36
v3_000349.jpg,video3.mp4,3,349,13.96,0.177518,0.177518,1,0.1894,1,0.9601,1.19
v3_000351.jpg,video3.mp4,3,351,14.04,0.178535,0.178535,1,0.2036,1,0.965,2.51
v3_000353.jpg,video3.mp4,3,353,14.12,0.179552,0.179552,1,0.2051,1,0.9646,2.55
v3_000354.jpg,video3.mp4,3,354,14.16,0.180061,0.180061,1,0.2071,1,0.9588,2.7
v3_000356.jpg,video3.mp4,3,356,14.24,0.181078,0.181078,1,0.2254,1,0.9672,4.43
v3_000357.jpg,video3.mp4,3,357,14.28,0.181587,0.181587,1,0.2151,1,0.9634,3.35
v3_000359.jpg,video3.mp4,3,359,14.36,0.182604,0.182604,1,0.2134,1,0.9418,3.08
v3_000361.jpg,video3.mp4,3,361,14.44,0.183622,0.183622,1,0.2094,1,0.9169,2.58
v3_000362.jpg,video3.mp4,3,362,14.48,0.18413,0.18413,1,0.2099,1,0.9218,2.58
v3_000364.jpg,video3.mp4,3,364,14.56,0.185148,0.185148,1,0.1829,1,0.9023,0.22
v3_000366.jpg,video3.mp4,3,366,14.64,0.186165,0.186165,1,0.1945,1,0.9362,0.83
v3_000367.jpg,video3.mp4,3,367,14.68,0.186673,0.186673,1,0.1942,1,0.8938,0.75
v3_000369.jpg,video3.mp4,3,369,14.76,0.187691,0.187691,1,0.196,1,0.9565,0.83
v3_000371.jpg,video3.mp4,3,371,14.84,0.188708,0.188708,1,0.1797,1,0.9766,0.9
v3_000372.jpg,video3.mp4,3,372,14.88,0.189217,0.189217,1,0.1845,1,0.9809,0.47
v3_000374.jpg,video3.mp4,3,374,14.96,0.190234,0.190234,1,0.1764,1,0.983,1.38
v3_000375.jpg,video3.mp4,3,375,15.0,0.190743,0.190743,1,0.1752,1,0.9827,1.55
v3_000377.jpg,video3.mp4,3,377,15.08,0.19176,0.19176,1,0.1913,1,0.9903,0.05
v3_000379.jpg,video3.mp4,3,379,15.16,0.192777,0.192777,1,0.1923,1,0.9914,0.05
v3_000380.jpg,video3.mp4,3,380,15.2,0.193286,0.193286,1,0.1881,1,0.9909,0.52
v3_000382.jpg,video3.mp4,3,382,15.28,0.194303,0.194303,1,0.1995,1,0.9881,0.52
v3_000384.jpg,video3.mp4,3,384,15.36,0.19532,0.19532,1,0.207,1,0.984,1.17
v3_000385.jpg,video3.mp4,3,385,15.4,0.195829,0.195829,1,0.2019,1,0.9859,0.61
v3_000387.jpg,video3.mp4,3,387,15.48,0.196846,0.196846,1,0.1991,1,0.9879,0.23
v3_000389.jpg,video3.mp4,3,389,15.56,0.197864,0.197864,1,0.1949,1,0.9865,0.3
v3_000390.jpg,video3.mp4,3,390,15.6,0.198372,0.198372,1,0.2032,1,0.9859,0.48
v3_000392.jpg,video3.mp4,3,392,15.68,0.19939,0.19939,1,0.207,1,0.9767,0.76
v3_000394.jpg,video3.mp4,3,394,15.76,0.200407,0.200407,1,0.2139,1,0.9803,1.35
v3_000395.jpg,video3.mp4,3,395,15.8,0.200916,0.200916,1,0.209,1,0.9813,0.81
v3_000397.jpg,video3.mp4,3,397,15.88,0.201933,0.201933,1,0.2158,1,0.983,1.39
v3_000398.jpg,video3.mp4,3,398,15.92,0.202442,0.202442,1,0.2171,1,0.9816,1.47
v3_000400.jpg,video3.mp4,3,400,16.0,0.203459,0.203459,1,0.2192,1,0.9779,1.57
v3_000402.jpg,video3.mp4,3,402,16.08,0.204476,0.204476,1,0.2144,1,0.9688,0.99
v3_000403.jpg,video3.mp4,3,403,16.12,0.204985,0.204985,1,0.2062,1,0.958,0.12
v3_000405.jpg,video3.mp4,3,405,16.2,0.206002,0.206002,1,0.2049,1,0.9504,0.11
v3_000407.jpg,video3.mp4,3,407,16.28,0.207019,0.207019,1,0.2105,1,0.9677,0.35
v3_000408.jpg,video3.mp4,3,408,16.32,0.207528,0.207528,1,0.2258,1,0.9698,1.83
v3_000410.jpg,video3.mp4,3,410,16.4,0.208545,0.208545,1,0.2214,1,0.9765,1.29
v3_000412.jpg,video3.mp4,3,412,16.48,0.209563,0.209563,1,0.2283,1,0.9751,1.87
v3_000413.jpg,video3.mp4,3,413,16.52,0.210071,0.210071,1,0.2249,1,0.9724,1.48
v3_000415.jpg,video3.mp4,3,415,16.6,0.211089,0.211089,1,0.2155,1,0.9653,0.44
v3_000416.jpg,video3.mp4,3,416,16.64,0.211597,0.211597,1,0.216,1,0.9695,0.44
v3_000418.jpg,video3.mp4,3,418,16.72,0.212614,0.212614,1,0.2379,1,0.9746,2.53
v3_000420.jpg,video3.mp4,3,420,16.8,0.213632,0.213632,1,0.2241,1,0.9574,1.05
v3_000421.jpg,video3.mp4,3,421,16.84,0.21414,0.21414,1,0.2301,1,0.9619,1.6
v3_000423.jpg,video3.mp4,3,423,16.92,0.215158,0.215158,1,0.2249,1,0.9607,0.97
v3_000425.jpg,video3.mp4,3,425,17.0,0.216175,0.216175,1,0.2398,1,0.9642,2.36
v3_000426.jpg,video3.mp4,3,426,17.04,0.216684,0.216684,1,0.2371,1,0.9684,2.04
v3_000428.jpg,video3.mp4,3,428,17.12,0.217701,0.217701,1,0.233,1,0.9696,1.53
v3_000430.jpg,video3.mp4,3,430,17.2,0.218718,0.218718,1,0.2318,1,0.9645,1.31
v3_000431.jpg,video3.mp4,3,431,17.24,0.219227,0.219227,1,0.2291,1,0.9663,0.99
v3_000433.jpg,video3.mp4,3,433,17.32,0.220244,0.220244,1,0.2232,1,0.958,0.3
v3_000435.jpg,video3.mp4,3,435,17.4,0.221261,0.221261,1,0.2198,1,0.9451,0.15
v3_000436.jpg,video3.mp4,3,436,17.44,0.22177,0.22177,1,0.2099,1,0.9568,1.19
v3_000438.jpg,video3.mp4,3,438,17.52,0.222787,0.222787,1,0.2129,1,0.9495,0.99
v3_000439.jpg,video3.mp4,3,439,17.56,0.223296,0.223296,1,0.2064,1,0.9385,1.69
v3_000441.jpg,video3.mp4,3,441,17.64,0.224313,0.224313,1,0.2026,1,0.9105,2.17
v3_000443.jpg,video3.mp4,3,443,17.72,0.225331,0.225331,1,0.2045,1,0.915,2.08
v3_000444.jpg,video3.mp4,3,444,17.76,0.225839,0.225839,1,0.214,1,0.9521,1.18
v3_000446.jpg,video3.mp4,3,446,17.84,0.226857,0.226857,1,0.225,1,0.975,0.19
v3_000448.jpg,video3.mp4,3,448,17.92,0.227874,0.227874,1,0.2248,1,0.9819,0.31
v3_000449.jpg,video3.mp4,3,449,17.96,0.228383,0.228383,1,0.2253,1,0.9704,0.31
v3_000451.jpg,video3.mp4,3,451,18.04,0.2294,0.2294,1,0.2332,1,0.9646,0.38
v3_000453.jpg,video3.mp4,3,453,18.12,0.230417,0.230417,1,0.24,1,0.9644,0.96
v3_000454.jpg,video3.mp4,3,454,18.16,0.230926,0.230926,1,0.2427,1,0.9679,1.18
v3_000456.jpg,video3.mp4,3,456,18.24,0.231943,0.231943,1,0.2441,1,0.9697,1.22
v3_000457.jpg,video3.mp4,3,457,18.28,0.232452,0.232452,1,0.2412,1,0.9736,0.87
v3_000459.jpg,video3.mp4,3,459,18.36,0.233469,0.233469,1,0.2411,1,0.9696,0.76
v3_000461.jpg,video3.mp4,3,461,18.44,0.234486,0.234486,1,0.2331,1,0.9747,0.14
v3_000462.jpg,video3.mp4,3,462,18.48,0.234995,0.234995,1,0.2362,1,0.9745,0.12
v3_000464.jpg,video3.mp4,3,464,18.56,0.236012,0.236012,1,0.2469,1,0.968,1.09
v3_000466.jpg,video3.mp4,3,466,18.64,0.23703,0.23703,1,0.2463,1,0.9709,0.93
v3_000467.jpg,video3.mp4,3,467,18.68,0.237538,0.237538,1,0.2432,1,0.9742,0.57
v3_000469.jpg,video3.mp4,3,469,18.76,0.238555,0.238555,1,0.2607,1,0.9549,2.21
v3_000471.jpg,video3.mp4,3,471,18.84,0.239573,0.239573,1,0.2585,1,0.9568,1.89
v3_000472.jpg,video3.mp4,3,472,18.88,0.240081,0.240081,1,0.258,1,0.959,1.79
v3_000474.jpg,video3.mp4,3,474,18.96,0.241099,0.241099,1,0.2596,1,0.9594,1.85
v3_000476.jpg,video3.mp4,3,476,19.04,0.242116,0.242116,1,0.2589,1,0.961,1.68
v3_000477.jpg,video3.mp4,3,477,19.08,0.242625,0.242625,1,0.2573,1,0.9651,1.47
v3_000479.jpg,video3.mp4,3,479,19.16,0.243642,0.243642,1,0.2543,1,0.9715,1.07
v3_000480.jpg,video3.mp4,3,480,19.2,0.244151,0.244151,1,0.2482,1,0.9726,0.4
v3_000482.jpg,video3.mp4,3,482,19.28,0.245168,0.245168,1,0.2465,1,0.977,0.13
v3_000484.jpg,video3.mp4,3,484,19.36,0.246185,0.246185,1,0.2523,1,0.9623,0.61
v3_000485.jpg,video3.mp4,3,485,19.4,0.246694,0.246694,1,0.2459,1,0.9727,0.08
v3_000487.jpg,video3.mp4,3,487,19.48,0.247711,0.247711,1,0.238,1,0.976,0.97
v3_000489.jpg,video3.mp4,3,489,19.56,0.248728,0.248728,1,0.2391,1,0.9766,0.96
v3_000490.jpg,video3.mp4,3,490,19.6,0.249237,0.249237,1,0.2412,1,0.9742,0.8
v3_000492.jpg,video3.mp4,3,492,19.68,0.250254,0.250254,1,0.2444,1,0.9768,0.59
v3_000494.jpg,video3.mp4,3,494,19.76,0.251272,0.251272,1,0.2507,1,0.9734,0.06
v3_000495.jpg,video3.mp4,3,495,19.8,0.25178,0.25178,1,0.2538,1,0.9709,0.2
v3_000497.jpg,video3.mp4,3,497,19.88,0.252798,0.252798,1,0.2522,1,0.9746,0.06
v3_000498.jpg,video3.mp4,3,498,19.92,0.253306,0.253306,1,0.2504,1,0.9735,0.29
v3_000500.jpg,video3.mp4,3,500,20.0,0.254323,0.254323,1,0.2491,1,0.9743,0.52
v3_000502.jpg,video3.mp4,3,502,20.08,0.255341,0.255341,1,0.26,1,0.9648,0.47
v3_000503.jpg,video3.mp4,3,503,20.12,0.255849,0.255849,1,0.2586,1,0.9649,0.28
v3_000505.jpg,video3.mp4,3,505,20.2,0.256867,0.256867,1,0.2655,1,0.9488,0.86
v3_000507.jpg,video3.mp4,3,507,20.28,0.257884,0.257884,1,0.2724,1,0.9421,1.45
v3_000508.jpg,video3.mp4,3,508,20.32,0.258393,0.258393,1,0.2666,1,0.9511,0.82
v3_000510.jpg,video3.mp4,3,510,20.4,0.25941,0.25941,1,0.2646,1,0.9546,0.52
v3_000512.jpg,video3.mp4,3,512,20.48,0.260427,0.260427,1,0.2514,1,0.9642,0.9
v3_000513.jpg,video3.mp4,3,513,20.52,0.260936,0.260936,1,0.254,1,0.9664,0.69
v3_000515.jpg,video3.mp4,3,515,20.6,0.261953,0.261953,1,0.258,1,0.9586,0.4
v3_000517.jpg,video3.mp4,3,517,20.68,0.26297,0.26297,1,0.2548,1,0.9538,0.82
v3_000518.jpg,video3.mp4,3,518,20.72,0.263479,0.263479,1,0.2511,1,0.9553,1.24
v3_000520.jpg,video3.mp4,3,520,20.8,0.264496,0.264496,1,0.269,1,0.9158,0.45
v3_000521.jpg,video3.mp4,3,521,20.84,0.265005,0.265005,1,0.2559,1,0.9127,0.91
v3_000523.jpg,video3.mp4,3,523,20.92,0.266022,0.266022,1,0.2587,1,0.9401,0.73
v3_000525.jpg,video3.mp4,3,525,21.0,0.26704,0.26704,1,0.2611,1,0.941,0.59
v3_000526.jpg,video3.mp4,3,526,21.04,0.267548,0.267548,1,0.2653,1,0.9556,0.22
v3_000528.jpg,video3.mp4,3,528,21.12,0.268566,0.268566,1,0.2658,1,0.9477,0.28
v3_000530.jpg,video3.mp4,3,530,21.2,0.269583,0.269583,1,0.2582,1,0.9653,1.14
v3_000531.jpg,video3.mp4,3,531,21.24,0.270092,0.270092,1,0.2618,1,0.9621,0.83
v3_000533.jpg,video3.mp4,3,533,21.32,0.271109,0.271109,1,0.2602,1,0.9665,1.09
v3_000535.jpg,video3.mp4,3,535,21.4,0.272126,0.272126,1,0.2584,1,0.9662,1.37
v3_000536.jpg,video3.mp4,3,536,21.44,0.272635,0.272635,1,0.2617,1,0.962,1.09
v3_000538.jpg,video3.mp4,3,538,21.52,0.273652,0.273652,1,0.2635,1,0.9545,1.02
v3_000539.jpg,video3.mp4,3,539,21.56,0.274161,0.274161,1,0.2654,1,0.9487,0.88
v3_000541.jpg,video3.mp4,3,541,21.64,0.275178,0.275178,1,0.2586,1,0.9616,1.66
v3_000543.jpg,video3.mp4,3,543,21.72,0.276195,0.276195,1,0.2626,1,0.9597,1.36
v3_000544.jpg,video3.mp4,3,544,21.76,0.276704,0.276704,1,0.2651,1,0.9506,1.16
v3_000546.jpg,video3.mp4,3,546,21.84,0.277721,0.277721,1,0.2564,1,0.9451,2.13
v3_000548.jpg,video3.mp4,3,548,21.92,0.278739,0.278739,1,0.2625,1,0.9495,1.62
v3_000549.jpg,video3.mp4,3,549,21.96,0.279247,0.279247,1,0.2647,1,0.9496,1.45
v3_000551.jpg,video3.mp4,3,551,22.04,0.280264,0.280264,1,0.2602,1,0.9517,2.01
v3_000553.jpg,video3.mp4,3,553,22.12,0.281282,0.281282,1,0.2583,1,0.9571,2.3
v3_000554.jpg,video3.mp4,3,554,22.16,0.28179,0.28179,1,0.2644,1,0.9556,1.74
v3_000556.jpg,video3.mp4,3,556,22.24,0.282808,0.282808,1,0.2633,1,0.9505,1.95
v3_000557.jpg,video3.mp4,3,557,22.28,0.283316,0.283316,1,0.2655,1,0.9562,1.78
v3_000559.jpg,video3.mp4,3,559,22.36,0.284334,0.284334,1,0.2702,1,0.9591,1.41
v3_000561.jpg,video3.mp4,3,561,22.44,0.285351,0.285351,1,0.2659,1,0.9647,1.95
v3_000562.jpg,video3.mp4,3,562,22.48,0.28586,0.28586,1,0.2819,1,0.8857,0.4
v3_000564.jpg,video3.mp4,3,564,22.56,0.286877,0.286877,1,0.2776,1,0.9371,0.93
v3_000566.jpg,video3.mp4,3,566,22.64,0.287894,0.287894,1,0.2751,1,0.9355,1.28
v3_000567.jpg,video3.mp4,3,567,22.68,0.288403,0.288403,1,0.2704,1,0.95,1.8
v3_000569.jpg,video3.mp4,3,569,22.76,0.28942,0.28942,1,0.2665,1,0.9616,2.29
v3_000571.jpg,video3.mp4,3,571,22.84,0.290437,0.290437,1,0.2742,1,0.948,1.62
v3_000572.jpg,video3.mp4,3,572,22.88,0.290946,0.290946,1,0.2773,1,0.9395,1.36
v3_000574.jpg,video3.mp4,3,574,22.96,0.291963,0.291963,1,0.2804,1,0.9347,1.16
v3_000576.jpg,video3.mp4,3,576,23.04,0.292981,0.292981,1,0.2749,1,0.942,1.81
v3_000577.jpg,video3.mp4,3,577,23.08,0.293489,0.293489,1,0.2793,1,0.9299,1.42
v3_000579.jpg,video3.mp4,3,579,23.16,0.294507,0.294507,1,0.2934,1,0.8224,0.11
v3_000580.jpg,video3.mp4,3,580,23.2,0.295015,0.295015,1,0.2908,1,0.8482,0.42
v3_000582.jpg,video3.mp4,3,582,23.28,0.296033,0.296033,1,0.2965,1,0.8246,0.05
v3_000584.jpg,video3.mp4,3,584,23.36,0.29705,0.29705,1,0.2946,1,0.833,0.24
v3_000585.jpg,video3.mp4,3,585,23.4,0.297558,0.297558,1,0.2949,1,0.8214,0.27
v3_000587.jpg,video3.mp4,3,587,23.48,0.298576,0.298576,1,0.302,1,0.6753,0.34
v3_000589.jpg,video3.mp4,3,589,23.56,0.299593,0.299593,1,0.2969,1,0.6188,0.27
v3_000590.jpg,video3.mp4,3,590,23.6,0.300102,0.300102,2,0.3062,2,0.8261,0.61
v3_000592.jpg,video3.mp4,3,592,23.68,0.301119,0.301119,2,0.305,2,0.8768,0.39
v3_000594.jpg,video3.mp4,3,594,23.76,0.302136,0.302136,2,0.3063,2,0.9287,0.42
v3_000595.jpg,video3.mp4,3,595,23.8,0.302645,0.302645,2,0.3105,2,0.9332,0.79
v3_000597.jpg,video3.mp4,3,597,23.88,0.303662,0.303662,2,0.3175,2,0.9416,1.38
v3_000598.jpg,video3.mp4,3,598,23.92,0.304171,0.304171,2,0.3133,2,0.9317,0.91
v3_000600.jpg,video3.mp4,3,600,24.0,0.305188,0.305188,2,0.3119,2,0.9099,0.67
v3_000602.jpg,video3.mp4,3,602,24.08,0.306205,0.306205,2,0.3115,2,0.9348,0.53
v3_000603.jpg,video3.mp4,3,603,24.12,0.306714,0.306714,2,0.3104,2,0.9056,0.37
v3_000605.jpg,video3.mp4,3,605,24.2,0.307731,0.307731,2,0.3127,2,0.9086,0.5
v3_000607.jpg,video3.mp4,3,607,24.28,0.308749,0.308749,2,0.3081,2,0.8691,0.06
v3_000608.jpg,video3.mp4,3,608,24.32,0.309257,0.309257,2,0.3085,2,0.8715,0.08
v3_000610.jpg,video3.mp4,3,610,24.4,0.310275,0.310275,2,0.3233,2,0.9331,1.3
v3_000612.jpg,video3.mp4,3,612,24.48,0.311292,0.311292,2,0.3242,2,0.9156,1.29
v3_000613.jpg,video3.mp4,3,613,24.52,0.311801,0.311801,2,0.325,2,0.9129,1.32
v3_000615.jpg,video3.mp4,3,615,24.6,0.312818,0.312818,2,0.3282,2,0.9447,1.54
v3_000617.jpg,video3.mp4,3,617,24.68,0.313835,0.313835,2,0.3305,2,0.9451,1.67
v3_000618.jpg,video3.mp4,3,618,24.72,0.314344,0.314344,2,0.3219,2,0.9232,0.76
v3_000620.jpg,video3.mp4,3,620,24.8,0.315361,0.315361,2,0.3202,2,0.9067,0.48
v3_000621.jpg,video3.mp4,3,621,24.84,0.31587,0.31587,2,0.3273,2,0.9158,1.14
v3_000623.jpg,video3.mp4,3,623,24.92,0.316887,0.316887,2,0.3309,2,0.924,1.4
v3_000625.jpg,video3.mp4,3,625,25.0,0.317904,0.317904,2,0.3268,2,0.9254,0.89
v3_000626.jpg,video3.mp4,3,626,25.04,0.318413,0.318413,2,0.3205,2,0.8792,0.21
v3_000628.jpg,video3.mp4,3,628,25.12,0.31943,0.31943,2,0.3204,2,0.9238,0.1
v3_000630.jpg,video3.mp4,3,630,25.2,0.320448,0.320448,2,0.3278,2,0.9191,0.74
v3_000631.jpg,video3.mp4,3,631,25.24,0.320956,0.320956,2,0.3277,2,0.933,0.67
v3_000633.jpg,video3.mp4,3,633,25.32,0.321974,0.321974,2,0.3317,2,0.9469,0.97
v3_000635.jpg,video3.mp4,3,635,25.4,0.322991,0.322991,2,0.3354,2,0.9525,1.24
v3_000636.jpg,video3.mp4,3,636,25.44,0.323499,0.323499,2,0.3318,2,0.9501,0.83
v3_000638.jpg,video3.mp4,3,638,25.52,0.324517,0.324517,2,0.3386,2,0.9541,1.41
v3_000639.jpg,video3.mp4,3,639,25.56,0.325025,0.325025,2,0.3336,2,0.9469,0.86
v3_000641.jpg,video3.mp4,3,641,25.64,0.326043,0.326043,2,0.3327,2,0.9524,0.67
v3_000643.jpg,video3.mp4,3,643,25.72,0.32706,0.32706,2,0.3374,2,0.9585,1.03
v3_000644.jpg,video3.mp4,3,644,25.76,0.327569,0.327569,2,0.3373,2,0.9549,0.97
v3_000646.jpg,video3.mp4,3,646,25.84,0.328586,0.328586,2,0.3336,2,0.9481,0.5
v3_000648.jpg,video3.mp4,3,648,25.92,0.329603,0.329603,2,0.3394,2,0.9499,0.98
v3_000649.jpg,video3.mp4,3,649,25.96,0.330112,0.330112,2,0.3324,2,0.9453,0.23
v3_000651.jpg,video3.mp4,3,651,26.04,0.331129,0.331129,2,0.3231,2,0.9227,0.8
v3_000653.jpg,video3.mp4,3,653,26.12,0.332146,0.332146,2,0.3223,2,0.9391,0.98
v3_000654.jpg,video3.mp4,3,654,26.16,0.332655,0.332655,2,0.3229,2,0.946,0.98
v3_000656.jpg,video3.mp4,3,656,26.24,0.333672,0.333672,2,0.3206,2,0.9336,1.31
v3_000658.jpg,video3.mp4,3,658,26.32,0.33469,0.33469,2,0.3284,2,0.9466,0.63
v3_000659.jpg,video3.mp4,3,659,26.36,0.335198,0.335198,2,0.3279,2,0.9442,0.73
v3_000661.jpg,video3.mp4,3,661,26.44,0.336216,0.336216,2,0.3296,2,0.9379,0.66
v3_000662.jpg,video3.mp4,3,662,26.48,0.336724,0.336724,2,0.3276,2,0.9226,0.91
v3_000664.jpg,video3.mp4,3,664,26.56,0.337742,0.337742,2,0.33,2,0.8992,0.77
v3_000666.jpg,video3.mp4,3,666,26.64,0.338759,0.338759,2,0.3461,2,0.944,0.73
v3_000667.jpg,video3.mp4,3,667,26.68,0.339268,0.339268,2,0.3527,2,0.9593,1.34
v3_000669.jpg,video3.mp4,3,669,26.76,0.340285,0.340285,2,0.3508,2,0.957,1.05
v3_000671.jpg,video3.mp4,3,671,26.84,0.341302,0.341302,2,0.3529,2,0.9632,1.16
v3_000672.jpg,video3.mp4,3,672,26.88,0.341811,0.341811,2,0.3535,2,0.9631,1.17
v3_000674.jpg,video3.mp4,3,674,26.96,0.342828,0.342828,2,0.3495,2,0.9634,0.67
v3_000676.jpg,video3.mp4,3,676,27.04,0.343845,0.343845,2,0.3458,2,0.9622,0.2
v3_000677.jpg,video3.mp4,3,677,27.08,0.344354,0.344354,2,0.3518,2,0.9679,0.74
v3_000679.jpg,video3.mp4,3,679,27.16,0.345371,0.345371,2,0.344,2,0.969,0.14
v3_000680.jpg,video3.mp4,3,680,27.2,0.34588,0.34588,2,0.3457,2,0.9697,0.02
v3_000682.jpg,video3.mp4,3,682,27.28,0.346897,0.346897,2,0.3454,2,0.9709,0.15
v3_000684.jpg,video3.mp4,3,684,27.36,0.347915,0.347915,2,0.3534,2,0.9678,0.55
v3_000685.jpg,video3.mp4,3,685,27.4,0.348423,0.348423,2,0.3544,2,0.968,0.6
v3_000687.jpg,video3.mp4,3,687,27.48,0.34944,0.34944,2,0.3629,2,0.9651,1.35
v3_000689.jpg,video3.mp4,3,689,27.56,0.350458,0.350458,2,0.363,2,0.9673,1.25
v3_000690.jpg,video3.mp4,3,690,27.6,0.350966,0.350966,2,0.3652,2,0.9673,1.42
v3_000692.jpg,video3.mp4,3,692,27.68,0.351984,0.351984,2,0.3738,2,0.9705,2.18
v3_000694.jpg,video3.mp4,3,694,27.76,0.353001,0.353001,2,0.3567,2,0.9694,0.37
v3_000695.jpg,video3.mp4,3,695,27.8,0.35351,0.35351,2,0.3572,2,0.9706,0.37
v3_000697.jpg,video3.mp4,3,697,27.88,0.354527,0.354527,2,0.3511,2,0.9684,0.34
v3_000699.jpg,video3.mp4,3,699,27.96,0.355544,0.355544,2,0.3467,2,0.9622,0.88
v3_000700.jpg,video3.mp4,3,700,28.0,0.356053,0.356053,2,0.3451,2,0.9623,1.1
v3_000702.jpg,video3.mp4,3,702,28.08,0.35707,0.35707,2,0.3506,2,0.9633,0.65
v3_000703.jpg,video3.mp4,3,703,28.12,0.357579,0.357579,2,0.3504,2,0.9627,0.72
v3_000705.jpg,video3.mp4,3,705,28.2,0.358596,0.358596,2,0.345,2,0.9606,1.36
v3_000707.jpg,video3.mp4,3,707,28.28,0.359613,0.359613,2,0.3436,2,0.9596,1.6
v3_000708.jpg,video3.mp4,3,708,28.32,0.360122,0.360122,2,0.3421,2,0.9591,1.8
v3_000710.jpg,video3.mp4,3,710,28.4,0.361139,0.361139,2,0.3429,2,0.9604,1.82
v3_000712.jpg,video3.mp4,3,712,28.48,0.362157,0.362157,2,0.3386,2,0.9553,2.36
v3_000713.jpg,video3.mp4,3,713,28.52,0.362665,0.362665,2,0.3372,2,0.9563,2.55
v3_000715.jpg,video3.mp4,3,715,28.6,0.363683,0.363683,2,0.3423,2,0.9581,2.14
v3_000717.jpg,video3.mp4,3,717,28.68,0.3647,0.3647,2,0.3589,2,0.9712,0.58
v3_000718.jpg,video3.mp4,3,718,28.72,0.365209,0.365209,2,0.3536,2,0.971,1.16
v3_000720.jpg,video3.mp4,3,720,28.8,0.366226,0.366226,2,0.3596,2,0.9714,0.66
v3_000721.jpg,video3.mp4,3,721,28.84,0.366734,0.366734,2,0.3542,2,0.9723,1.25
v3_000723.jpg,video3.mp4,3,723,28.92,0.367752,0.367752,2,0.3578,2,0.9727,1.0
v3_000725.jpg,video3.mp4,3,725,29.0,0.368769,0.368769,2,0.3691,2,0.9712,0.03
v3_000726.jpg,video3.mp4,3,726,29.04,0.369278,0.369278,2,0.3744,2,0.9728,0.51
v3_000728.jpg,video3.mp4,3,728,29.12,0.370295,0.370295,2,0.3606,2,0.9719,0.97
v3_000730.jpg,video3.mp4,3,730,29.2,0.371312,0.371312,2,0.3523,2,0.972,1.9
v3_000731.jpg,video3.mp4,3,731,29.24,0.371821,0.371821,2,0.356,2,0.9722,1.58
v3_000733.jpg,video3.mp4,3,733,29.32,0.372838,0.372838,2,0.3652,2,0.9719,0.76
v3_000735.jpg,video3.mp4,3,735,29.4,0.373856,0.373856,2,0.3633,2,0.973,1.06
v3_000736.jpg,video3.mp4,3,736,29.44,0.374364,0.374364,2,0.367,2,0.9736,0.74
v3_000738.jpg,video3.mp4,3,738,29.52,0.375381,0.375381,2,0.3666,2,0.9711,0.88
v3_000740.jpg,video3.mp4,3,740,29.6,0.376399,0.376399,2,0.368,2,0.9691,0.84
v3_000741.jpg,video3.mp4,3,741,29.64,0.376907,0.376907,2,0.37,2,0.9701,0.69
v3_000743.jpg,video3.mp4,3,743,29.72,0.377925,0.377925,2,0.3615,2,0.9689,1.64
v3_000744.jpg,video3.mp4,3,744,29.76,0.378433,0.378433,2,0.3633,2,0.9697,1.51
v3_000746.jpg,video3.mp4,3,746,29.84,0.379451,0.379451,2,0.364,2,0.9689,1.55
v3_000748.jpg,video3.mp4,3,748,29.92,0.380468,0.380468,2,0.3624,2,0.9693,1.81
v3_000749.jpg,video3.mp4,3,749,29.96,0.380977,0.380977,2,0.3605,2,0.9674,2.05
v3_000751.jpg,video3.mp4,3,751,30.04,0.381994,0.381994,2,0.368,2,0.972,1.4
v3_000753.jpg,video3.mp4,3,753,30.12,0.383011,0.383011,2,0.3773,2,0.9695,0.57
v3_000754.jpg,video3.mp4,3,754,30.16,0.38352,0.38352,2,0.3776,2,0.9708,0.59
v3_000756.jpg,video3.mp4,3,756,30.24,0.384537,0.384537,2,0.3867,2,0.9688,0.22
v3_000758.jpg,video3.mp4,3,758,30.32,0.385554,0.385554,2,0.3829,2,0.9665,0.27
v3_000759.jpg,video3.mp4,3,759,30.36,0.386063,0.386063,2,0.3808,2,0.964,0.53
v3_000761.jpg,video3.mp4,3,761,30.44,0.38708,0.38708,2,0.3803,2,0.9668,0.68
v3_000762.jpg,video3.mp4,3,762,30.48,0.387589,0.387589,2,0.3792,2,0.9668,0.84
v3_000764.jpg,video3.mp4,3,764,30.56,0.388606,0.388606,2,0.3853,2,0.9679,0.33
v3_000766.jpg,video3.mp4,3,766,30.64,0.389624,0.389624,2,0.3855,2,0.9715,0.41
v3_000767.jpg,video3.mp4,3,767,30.68,0.390132,0.390132,2,0.3824,2,0.9711,0.77
v3_000769.jpg,video3.mp4,3,769,30.76,0.39115,0.39115,2,0.3892,2,0.9717,0.19
v3_000771.jpg,video3.mp4,3,771,30.84,0.392167,0.392167,2,0.3998,2,0.9711,0.76
v3_000772.jpg,video3.mp4,3,772,30.88,0.392675,0.392675,2,0.3981,2,0.9723,0.54
v3_000774.jpg,video3.mp4,3,774,30.96,0.393693,0.393693,2,0.407,2,0.9713,1.33
v3_000776.jpg,video3.mp4,3,776,31.04,0.39471,0.39471,2,0.406,2,0.972,1.13
v3_000777.jpg,video3.mp4,3,777,31.08,0.395219,0.395219,2,0.4129,2,0.9728,1.77
v3_000779.jpg,video3.mp4,3,779,31.16,0.396236,0.396236,2,0.412,2,0.9726,1.58
v3_000780.jpg,video3.mp4,3,780,31.2,0.396745,0.396745,2,0.4152,2,0.9706,1.85
v3_000782.jpg,video3.mp4,3,782,31.28,0.397762,0.397762,2,0.4243,2,0.9678,2.65
v3_000784.jpg,video3.mp4,3,784,31.36,0.398779,0.398779,2,0.4277,2,0.9689,2.89
v3_000785.jpg,video3.mp4,3,785,31.4,0.399288,0.399288,2,0.431,2,0.9695,3.17
v3_000787.jpg,video3.mp4,3,787,31.48,0.400305,0.400305,2,0.43,2,0.9688,2.97
v3_000789.jpg,video3.mp4,3,789,31.56,0.401322,0.401322,2,0.4233,2,0.9691,2.2
v3_000790.jpg,video3.mp4,3,790,31.6,0.401831,0.401831,2,0.4204,2,0.9697,1.86
v3_000792.jpg,video3.mp4,3,792,31.68,0.402848,0.402848,2,0.4244,2,0.9741,2.16
v3_000794.jpg,video3.mp4,3,794,31.76,0.403866,0.403866,2,0.4194,2,0.9718,1.55
v3_000795.jpg,video3.mp4,3,795,31.8,0.404374,0.404374,2,0.4212,2,0.9706,1.68
v3_000797.jpg,video3.mp4,3,797,31.88,0.405392,0.405392,2,0.4247,2,0.9721,1.93
v3_000799.jpg,video3.mp4,3,799,31.96,0.406409,0.406409,2,0.4168,2,0.9718,1.04
v3_000800.jpg,video3.mp4,3,800,32.0,0.406918,0.406918,2,0.4224,2,0.9714,1.55
v3_000802.jpg,video3.mp4,3,802,32.08,0.407935,0.407935,2,0.4207,2,0.9745,1.28
v3_000803.jpg,video3.mp4,3,803,32.12,0.408444,0.408444,2,0.4182,2,0.9726,0.98
v3_000805.jpg,video3.mp4,3,805,32.2,0.409461,0.409461,2,0.415,2,0.9715,0.55
v3_000807.jpg,video3.mp4,3,807,32.28,0.410478,0.410478,2,0.4183,2,0.9694,0.78
v3_000808.jpg,video3.mp4,3,808,32.32,0.410987,0.410987,2,0.4175,2,0.9704,0.65
v3_000810.jpg,video3.mp4,3,810,32.4,0.412004,0.412004,2,0.4245,2,0.968,1.25
v3_000812.jpg,video3.mp4,3,812,32.48,0.413021,0.413021,2,0.4251,2,0.966,1.21
v3_000813.jpg,video3.mp4,3,813,32.52,0.41353,0.41353,2,0.4203,2,0.9676,0.68
v3_000815.jpg,video3.mp4,3,815,32.6,0.414547,0.414547,2,0.421,2,0.9723,0.65
v3_000817.jpg,video3.mp4,3,817,32.68,0.415565,0.415565,2,0.4191,2,0.9705,0.35
v3_000818.jpg,video3.mp4,3,818,32.72,0.416073,0.416073,2,0.4181,2,0.9703,0.2
v3_000820.jpg,video3.mp4,3,820,32.8,0.417091,0.417091,2,0.417,2,0.9716,0.01
v3_000821.jpg,video3.mp4,3,821,32.84,0.417599,0.417599,2,0.4152,2,0.9718,0.24
v3_000823.jpg,video3.mp4,3,823,32.92,0.418616,0.418616,2,0.4182,2,0.9725,0.04
v3_000825.jpg,video3.mp4,3,825,33.0,0.419634,0.419634,2,0.418,2,0.9708,0.16
v3_000826.jpg,video3.mp4,3,826,33.04,0.420142,0.420142,2,0.4192,2,0.9694,0.09
v3_000828.jpg,video3.mp4,3,828,33.12,0.42116,0.42116,2,0.4156,2,0.971,0.56
v3_000830.jpg,video3.mp4,3,830,33.2,0.422177,0.422177,2,0.4209,2,0.9717,0.13
v3_000831.jpg,video3.mp4,3,831,33.24,0.422686,0.422686,2,0.4291,2,0.9736,0.64
v3_000833.jpg,video3.mp4,3,833,33.32,0.423703,0.423703,2,0.4213,2,0.9736,0.24
v3_000835.jpg,video3.mp4,3,835,33.4,0.42472,0.42472,2,0.4256,2,0.9749,0.09
v3_000836.jpg,video3.mp4,3,836,33.44,0.425229,0.425229,2,0.4257,2,0.9743,0.05
v3_000838.jpg,video3.mp4,3,838,33.52,0.426246,0.426246,2,0.4232,2,0.973,0.3
v3_000840.jpg,video3.mp4,3,840,33.6,0.427263,0.427263,2,0.4267,2,0.9704,0.06
v3_000841.jpg,video3.mp4,3,841,33.64,0.427772,0.427772,2,0.4286,2,0.971,0.08
v3_000843.jpg,video3.mp4,3,843,33.72,0.428789,0.428789,2,0.435,2,0.9725,0.62
v3_000844.jpg,video3.mp4,3,844,33.76,0.429298,0.429298,2,0.4352,2,0.9713,0.59
v3_000846.jpg,video3.mp4,3,846,33.84,0.430315,0.430315,2,0.4318,2,0.9684,0.15
v3_000848.jpg,video3.mp4,3,848,33.92,0.431333,0.431333,2,0.438,2,0.9702,0.67
v3_000849.jpg,video3.mp4,3,849,33.96,0.431841,0.431841,2,0.4381,2,0.9706,0.63
v3_000851.jpg,video3.mp4,3,851,34.04,0.432859,0.432859,2,0.4356,2,0.9709,0.27
v3_000853.jpg,video3.mp4,3,853,34.12,0.433876,0.433876,2,0.4414,2,0.97,0.75
v3_000854.jpg,video3.mp4,3,854,34.16,0.434385,0.434385,2,0.4438,2,0.9699,0.94
v3_000856.jpg,video3.mp4,3,856,34.24,0.435402,0.435402,2,0.4404,2,0.9705,0.5
v3_000858.jpg,video3.mp4,3,858,34.32,0.436419,0.436419,2,0.4435,2,0.9704,0.71
v3_000859.jpg,video3.mp4,3,859,34.36,0.436928,0.436928,2,0.4364,2,0.9703,0.05
v3_000861.jpg,video3.mp4,3,861,34.44,0.437945,0.437945,2,0.4469,2,0.9705,0.9
v3_000862.jpg,video3.mp4,3,862,34.48,0.438454,0.438454,2,0.4453,2,0.9716,0.68
v3_000864.jpg,video3.mp4,3,864,34.56,0.439471,0.439471,2,0.4422,2,0.9712,0.27
v3_000866.jpg,video3.mp4,3,866,34.64,0.440488,0.440488,2,0.4426,2,0.9712,0.21
v3_000867.jpg,video3.mp4,3,867,34.68,0.440997,0.440997,2,0.4471,2,0.9706,0.61
v3_000869.jpg,video3.mp4,3,869,34.76,0.442014,0.442014,2,0.4473,2,0.9688,0.53
v3_000871.jpg,video3.mp4,3,871,34.84,0.443032,0.443032,2,0.4467,2,0.9662,0.37
v3_000872.jpg,video3.mp4,3,872,34.88,0.44354,0.44354,2,0.4443,2,0.9677,0.08
v3_000874.jpg,video3.mp4,3,874,34.96,0.444557,0.444557,2,0.4255,2,0.9673,1.91
v3_000876.jpg,video3.mp4,3,876,35.04,0.445575,0.445575,2,0.4255,2,0.9674,2.01
v3_000877.jpg,video3.mp4,3,877,35.08,0.446083,0.446083,2,0.4177,2,0.9668,2.84
v3_000879.jpg,video3.mp4,3,879,35.16,0.447101,0.447101,2,0.4226,2,0.9656,2.45
v3_000881.jpg,video3.mp4,3,881,35.24,0.448118,0.448118,2,0.4172,2,0.9645,3.09
v3_000882.jpg,video3.mp4,3,882,35.28,0.448627,0.448627,2,0.4211,2,0.9643,2.75
v3_000884.jpg,video3.mp4,3,884,35.36,0.449644,0.449644,2,0.4246,2,0.9633,2.5
v3_000885.jpg,video3.mp4,3,885,35.4,0.450153,0.450153,2,0.4273,2,0.962,2.29
v3_000887.jpg,video3.mp4,3,887,35.48,0.45117,0.45117,2,0.427,2,0.9644,2.42
v3_000889.jpg,video3.mp4,3,889,35.56,0.452187,0.452187,2,0.4354,2,0.9632,1.68
v3_000890.jpg,video3.mp4,3,890,35.6,0.452696,0.452696,2,0.4331,2,0.964,1.96
v3_000892.jpg,video3.mp4,3,892,35.68,0.453713,0.453713,2,0.4427,2,0.9665,1.1
v3_000894.jpg,video3.mp4,3,894,35.76,0.45473,0.45473,2,0.4422,2,0.9685,1.25
v3_000895.jpg,video3.mp4,3,895,35.8,0.455239,0.455239,2,0.4496,2,0.9712,0.56
v3_000897.jpg,video3.mp4,3,897,35.88,0.456256,0.456256,2,0.4558,2,0.9711,0.05
v3_000899.jpg,video3.mp4,3,899,35.96,0.457274,0.457274,2,0.4409,2,0.9732,1.64
v3_000900.jpg,video3.mp4,3,900,36.0,0.457782,0.457782,2,0.4341,2,0.9724,2.37
v3_000902.jpg,video3.mp4,3,902,36.08,0.4588,0.4588,2,0.4489,2,0.9744,0.99
v3_000903.jpg,video3.mp4,3,903,36.12,0.459308,0.459308,2,0.4592,2,0.9735,0.01
v3_000905.jpg,video3.mp4,3,905,36.2,0.460326,0.460326,2,0.4577,2,0.9713,0.26
v3_000907.jpg,video3.mp4,3,907,36.28,0.461343,0.461343,2,0.4412,2,0.9713,2.01
v3_000908.jpg,video3.mp4,3,908,36.32,0.461851,0.461851,2,0.4458,2,0.9712,1.61
v3_000910.jpg,video3.mp4,3,910,36.4,0.462869,0.462869,2,0.4517,2,0.9754,1.12
v3_000912.jpg,video3.mp4,3,912,36.48,0.463886,0.463886,2,0.4528,2,0.9754,1.11
v3_000913.jpg,video3.mp4,3,913,36.52,0.464395,0.464395,2,0.4556,2,0.9753,0.88
v3_000915.jpg,video3.mp4,3,915,36.6,0.465412,0.465412,2,0.4571,2,0.975,0.83
v3_000917.jpg,video3.mp4,3,917,36.68,0.466429,0.466429,2,0.4573,2,0.973,0.91
v3_000918.jpg,video3.mp4,3,918,36.72,0.466938,0.466938,2,0.4589,2,0.9734,0.8
v3_000920.jpg,video3.mp4,3,920,36.8,0.467955,0.467955,2,0.4686,2,0.9717,0.06
v3_000922.jpg,video3.mp4,3,922,36.88,0.468973,0.468973,2,0.4657,2,0.9714,0.33
v3_000923.jpg,video3.mp4,3,923,36.92,0.469481,0.469481,2,0.4649,2,0.9713,0.46
v3_000925.jpg,video3.mp4,3,925,37.0,0.470498,0.470498,2,0.4738,2,0.9669,0.33
v3_000926.jpg,video3.mp4,3,926,37.04,0.471007,0.471007,2,0.4726,2,0.965,0.16
v3_000928.jpg,video3.mp4,3,928,37.12,0.472024,0.472024,2,0.4877,2,0.9639,1.57
v3_000930.jpg,video3.mp4,3,930,37.2,0.473042,0.473042,2,0.4903,2,0.9643,1.73
v3_000931.jpg,video3.mp4,3,931,37.24,0.47355,0.47355,2,0.4894,2,0.9653,1.58
v3_000933.jpg,video3.mp4,3,933,37.32,0.474568,0.474568,2,0.4904,2,0.9657,1.58
v3_000935.jpg,video3.mp4,3,935,37.4,0.475585,0.475585,2,0.4896,2,0.9651,1.4
v3_000936.jpg,video3.mp4,3,936,37.44,0.476094,0.476094,2,0.4897,2,0.9638,1.36
v3_000938.jpg,video3.mp4,3,938,37.52,0.477111,0.477111,2,0.4977,2,0.9612,2.06
v3_000940.jpg,video3.mp4,3,940,37.6,0.478128,0.478128,2,0.4883,2,0.9616,1.02
v3_000941.jpg,video3.mp4,3,941,37.64,0.478637,0.478637,2,0.4828,2,0.9632,0.42
v3_000943.jpg,video3.mp4,3,943,37.72,0.479654,0.479654,2,0.4875,2,0.9636,0.78
v3_000944.jpg,video3.mp4,3,944,37.76,0.480163,0.480163,2,0.489,2,0.9674,0.88
v3_000946.jpg,video3.mp4,3,946,37.84,0.48118,0.48118,2,0.4838,2,0.968,0.26
v3_000948.jpg,video3.mp4,3,948,37.92,0.482197,0.482197,2,0.4804,2,0.9687,0.18
v3_000949.jpg,video3.mp4,3,949,37.96,0.482706,0.482706,2,0.4843,2,0.9695,0.16
v3_000951.jpg,video3.mp4,3,951,38.04,0.483723,0.483723,2,0.487,2,0.9687,0.33
v3_000953.jpg,video3.mp4,3,953,38.12,0.484741,0.484741,2,0.4781,2,0.9669,0.66
v3_000954.jpg,video3.mp4,3,954,38.16,0.485249,0.485249,2,0.4821,2,0.9678,0.31
v3_000956.jpg,video3.mp4,3,956,38.24,0.486267,0.486267,2,0.4889,2,0.9676,0.26
v3_000958.jpg,video3.mp4,3,958,38.32,0.487284,0.487284,2,0.4953,2,0.9651,0.8
v3_000959.jpg,video3.mp4,3,959,38.36,0.487792,0.487792,2,0.5032,2,0.9644,1.54
v3_000961.jpg,video3.mp4,3,961,38.44,0.48881,0.48881,2,0.5038,2,0.9601,1.5
v3_000963.jpg,video3.mp4,3,963,38.52,0.489827,0.489827,2,0.5133,2,0.9616,2.35
v3_000964.jpg,video3.mp4,3,964,38.56,0.490336,0.490336,2,0.5127,2,0.9622,2.24
v3_000966.jpg,video3.mp4,3,966,38.64,0.491353,0.491353,2,0.5043,2,0.962,1.29
v3_000967.jpg,video3.mp4,3,967,38.68,0.491862,0.491862,2,0.5024,2,0.9631,1.05
v3_000969.jpg,video3.mp4,3,969,38.76,0.492879,0.492879,2,0.506,2,0.9658,1.31
v3_000971.jpg,video3.mp4,3,971,38.84,0.493896,0.493896,2,0.5039,2,0.9659,1.0
v3_000972.jpg,video3.mp4,3,972,38.88,0.494405,0.494405,2,0.5059,2,0.9668,1.15
v3_000974.jpg,video3.mp4,3,974,38.96,0.495422,0.495422,2,0.5068,2,0.9666,1.14
v3_000976.jpg,video3.mp4,3,976,39.04,0.496439,0.496439,2,0.5209,2,0.9658,2.45
v3_000977.jpg,video3.mp4,3,977,39.08,0.496948,0.496948,2,0.5232,2,0.9654,2.63
v3_000979.jpg,video3.mp4,3,979,39.16,0.497965,0.497965,2,0.5219,2,0.9631,2.39
v3_000981.jpg,video3.mp4,3,981,39.24,0.498983,0.498983,2,0.5161,2,0.9641,1.71
v3_000982.jpg,video3.mp4,3,982,39.28,0.499491,0.499491,2,0.5172,2,0.9622,1.77
v3_000984.jpg,video3.mp4,3,984,39.36,0.500509,0.500509,2,0.5155,2,0.9645,1.5
v3_000985.jpg,video3.mp4,3,985,39.4,0.501017,0.501017,2,0.5211,2,0.9636,2.01
v3_000987.jpg,video3.mp4,3,987,39.48,0.502035,0.502035,2,0.5157,2,0.9649,1.37
v3_000989.jpg,video3.mp4,3,989,39.56,0.503052,0.503052,2,0.5247,2,0.9673,2.16
v3_000990.jpg,video3.mp4,3,990,39.6,0.503561,0.503561,2,0.5162,2,0.9678,1.26
v3_000992.jpg,video3.mp4,3,992,39.68,0.504578,0.504578,2,0.5013,2,0.9673,0.33
v3_000994.jpg,video3.mp4,3,994,39.76,0.505595,0.505595,2,0.5053,2,0.967,0.03
v3_000995.jpg,video3.mp4,3,995,39.8,0.506104,0.506104,2,0.5033,2,0.9663,0.28
v3_000997.jpg,video3.mp4,3,997,39.88,0.507121,0.507121,2,0.5044,2,0.965,0.27
v3_000999.jpg,video3.mp4,3,999,39.96,0.508138,0.508138,2,0.4988,2,0.9649,0.93
v3_001000.jpg,video3.mp4,3,1000,40.0,0.508647,0.508647,2,0.5034,2,0.9629,0.52
v3_001002.jpg,video3.mp4,3,1002,40.08,0.509664,0.509664,2,0.5094,2,0.9642,0.03
v3_001003.jpg,video3.mp4,3,1003,40.12,0.510173,0.510173,2,0.5115,2,0.9635,0.13
v3_001005.jpg,video3.mp4,3,1005,40.2,0.51119,0.51119,2,0.5194,2,0.9641,0.82
v3_001007.jpg,video3.mp4,3,1007,40.28,0.512208,0.512208,2,0.5184,2,0.9631,0.62
v3_001008.jpg,video3.mp4,3,1008,40.32,0.512716,0.512716,2,0.5197,2,0.9638,0.7
v3_001010.jpg,video3.mp4,3,1010,40.4,0.513733,0.513733,2,0.5125,2,0.9649,0.12
v3_001012.jpg,video3.mp4,3,1012,40.48,0.514751,0.514751,2,0.5145,2,0.9633,0.03
v3_001013.jpg,video3.mp4,3,1013,40.52,0.515259,0.515259,2,0.5129,2,0.9633,0.24
v3_001015.jpg,video3.mp4,3,1015,40.6,0.516277,0.516277,2,0.5128,2,0.9643,0.35
v3_001017.jpg,video3.mp4,3,1017,40.68,0.517294,0.517294,2,0.5208,2,0.9639,0.35
v3_001018.jpg,video3.mp4,3,1018,40.72,0.517803,0.517803,2,0.5283,2,0.9653,1.05
v3_001020.jpg,video3.mp4,3,1020,40.8,0.51882,0.51882,2,0.5427,2,0.9649,2.39
v3_001022.jpg,video3.mp4,3,1022,40.88,0.519837,0.519837,2,0.5339,2,0.9655,1.41
v3_001023.jpg,video3.mp4,3,1023,40.92,0.520346,0.520346,2,0.5326,2,0.965,1.23
v3_001025.jpg,video3.mp4,3,1025,41.0,0.521363,0.521363,2,0.5244,2,0.962,0.3
v3_001026.jpg,video3.mp4,3,1026,41.04,0.521872,0.521872,2,0.5206,2,0.9621,0.13
v3_001028.jpg,video3.mp4,3,1028,41.12,0.522889,0.522889,2,0.5144,2,0.9626,0.85
v3_001030.jpg,video3.mp4,3,1030,41.2,0.523906,0.523906,2,0.5116,2,0.9616,1.23
v3_001031.jpg,video3.mp4,3,1031,41.24,0.524415,0.524415,2,0.5142,2,0.9605,1.02
v3_001033.jpg,video3.mp4,3,1033,41.32,0.525432,0.525432,2,0.5197,2,0.9579,0.57
v3_001035.jpg,video3.mp4,3,1035,41.4,0.52645,0.52645,2,0.5089,2,0.9599,1.76
v3_001036.jpg,video3.mp4,3,1036,41.44,0.526958,0.526958,2,0.5101,2,0.9592,1.69
v3_001038.jpg,video3.mp4,3,1038,41.52,0.527976,0.527976,2,0.5198,2,0.9577,0.82
v3_001040.jpg,video3.mp4,3,1040,41.6,0.528993,0.528993,2,0.5257,2,0.9597,0.33
v3_001041.jpg,video3.mp4,3,1041,41.64,0.529502,0.529502,2,0.5184,2,0.9604,1.11
v3_001043.jpg,video3.mp4,3,1043,41.72,0.530519,0.530519,2,0.5155,2,0.9639,1.5
v3_001044.jpg,video3.mp4,3,1044,41.76,0.531027,0.531027,2,0.5125,2,0.9642,1.85
v3_001046.jpg,video3.mp4,3,1046,41.84,0.532045,0.532045,2,0.5162,2,0.965,1.58
v3_001048.jpg,video3.mp4,3,1048,41.92,0.533062,0.533062,2,0.5199,2,0.9677,1.32
v3_001049.jpg,video3.mp4,3,1049,41.96,0.533571,0.533571,2,0.5248,2,0.9668,0.88
v3_001051.jpg,video3.mp4,3,1051,42.04,0.534588,0.534588,2,0.5215,2,0.9665,1.31
v3_001053.jpg,video3.mp4,3,1053,42.12,0.535605,0.535605,2,0.5355,2,0.9679,0.01
v3_001054.jpg,video3.mp4,3,1054,42.16,0.536114,0.536114,2,0.5301,2,0.9693,0.6
v3_001056.jpg,video3.mp4,3,1056,42.24,0.537131,0.537131,2,0.5356,2,0.9686,0.15
v3_001058.jpg,video3.mp4,3,1058,42.32,0.538149,0.538149,2,0.5343,2,0.9713,0.38
v3_001059.jpg,video3.mp4,3,1059,42.36,0.538657,0.538657,2,0.5462,2,0.9713,0.75
v3_001061.jpg,video3.mp4,3,1061,42.44,0.539674,0.539674,2,0.5473,2,0.9711,0.76
v3_001063.jpg,video3.mp4,3,1063,42.52,0.540692,0.540692,2,0.5345,2,0.9714,0.62
v3_001064.jpg,video3.mp4,3,1064,42.56,0.5412,0.5412,2,0.5377,2,0.97,0.35
v3_001066.jpg,video3.mp4,3,1066,42.64,0.542218,0.542218,2,0.5396,2,0.9681,0.26
v3_001067.jpg,video3.mp4,3,1067,42.68,0.542726,0.542726,2,0.5377,2,0.9695,0.5
v3_001069.jpg,video3.mp4,3,1069,42.76,0.543744,0.543744,2,0.5371,2,0.9708,0.66
v3_001071.jpg,video3.mp4,3,1071,42.84,0.544761,0.544761,2,0.539,2,0.9679,0.58
v3_001072.jpg,video3.mp4,3,1072,42.88,0.54527,0.54527,2,0.5447,2,0.9677,0.06
v3_001074.jpg,video3.mp4,3,1074,42.96,0.546287,0.546287,2,0.541,2,0.9711,0.53
v3_001076.jpg,video3.mp4,3,1076,43.04,0.547304,0.547304,2,0.5312,2,0.9704,1.61
v3_001077.jpg,video3.mp4,3,1077,43.08,0.547813,0.547813,2,0.5311,2,0.9687,1.67
v3_001079.jpg,video3.mp4,3,1079,43.16,0.54883,0.54883,2,0.5332,2,0.97,1.56
v3_001081.jpg,video3.mp4,3,1081,43.24,0.549847,0.549847,2,0.5372,2,0.9703,1.26
v3_001082.jpg,video3.mp4,3,1082,43.28,0.550356,0.550356,2,0.5354,2,0.9693,1.5
v3_001084.jpg,video3.mp4,3,1084,43.36,0.551373,0.551373,2,0.5337,2,0.9695,1.77
v3_001085.jpg,video3.mp4,3,1085,43.4,0.551882,0.551882,2,0.5352,2,0.9719,1.67
v3_001087.jpg,video3.mp4,3,1087,43.48,0.552899,0.552899,2,0.5369,2,0.9709,1.6
v3_001089.jpg,video3.mp4,3,1089,43.56,0.553917,0.553917,2,0.5423,2,0.9717,1.16
v3_001090.jpg,video3.mp4,3,1090,43.6,0.554425,0.554425,2,0.5406,2,0.9719,1.38
v3_001092.jpg,video3.mp4,3,1092,43.68,0.555443,0.555443,2,0.5432,2,0.9734,1.22
v3_001094.jpg,video3.mp4,3,1094,43.76,0.55646,0.55646,2,0.5644,2,0.9727,0.79
v3_001095.jpg,video3.mp4,3,1095,43.8,0.556968,0.556968,2,0.5705,2,0.972,1.35
v3_001097.jpg,video3.mp4,3,1097,43.88,0.557986,0.557986,2,0.5667,2,0.9723,0.87
v3_001099.jpg,video3.mp4,3,1099,43.96,0.559003,0.559003,2,0.5691,2,0.9724,1.01
v3_001100.jpg,video3.mp4,3,1100,44.0,0.559512,0.559512,2,0.5685,2,0.9725,0.9
v3_001102.jpg,video3.mp4,3,1102,44.08,0.560529,0.560529,2,0.5616,2,0.9727,0.11
v3_001104.jpg,video3.mp4,3,1104,44.16,0.561546,0.561546,2,0.5588,2,0.9725,0.27
v3_001105.jpg,video3.mp4,3,1105,44.2,0.562055,0.562055,2,0.5645,2,0.9717,0.24
v3_001107.jpg,video3.mp4,3,1107,44.28,0.563072,0.563072,2,0.5642,2,0.9693,0.11
v3_001108.jpg,video3.mp4,3,1108,44.32,0.563581,0.563581,2,0.5658,2,0.9701,0.22
v3_001110.jpg,video3.mp4,3,1110,44.4,0.564598,0.564598,2,0.5537,2,0.9715,1.09
v3_001112.jpg,video3.mp4,3,1112,44.48,0.565615,0.565615,2,0.5594,2,0.9671,0.62
v3_001113.jpg,video3.mp4,3,1113,44.52,0.566124,0.566124,2,0.556,2,0.9668,1.01
v3_001115.jpg,video3.mp4,3,1115,44.6,0.567141,0.567141,2,0.5556,2,0.9679,1.15
v3_001117.jpg,video3.mp4,3,1117,44.68,0.568159,0.568159,2,0.5445,2,0.9645,2.37
v3_001118.jpg,video3.mp4,3,1118,44.72,0.568667,0.568667,2,0.5421,2,0.9651,2.66
v3_001120.jpg,video3.mp4,3,1120,44.8,0.569685,0.569685,2,0.5637,2,0.9685,0.6
v3_001122.jpg,video3.mp4,3,1122,44.88,0.570702,0.570702,2,0.5617,2,0.9691,0.9
v3_001123.jpg,video3.mp4,3,1123,44.92,0.571211,0.571211,2,0.5517,2,0.9693,1.95
v3_001125.jpg,video3.mp4,3,1125,45.0,0.572228,0.572228,2,0.565,2,0.969,0.72
v3_001126.jpg,video3.mp4,3,1126,45.04,0.572737,0.572737,2,0.5654,2,0.9691,0.73
v3_001128.jpg,video3.mp4,3,1128,45.12,0.573754,0.573754,2,0.5522,2,0.9687,2.16
v3_001130.jpg,video3.mp4,3,1130,45.2,0.574771,0.574771,2,0.5658,2,0.9676,0.9
v3_001131.jpg,video3.mp4,3,1131,45.24,0.57528,0.57528,2,0.5694,2,0.9657,0.59
v3_001133.jpg,video3.mp4,3,1133,45.32,0.576297,0.576297,2,0.5672,2,0.9673,0.91
v3_001135.jpg,video3.mp4,3,1135,45.4,0.577314,0.577314,2,0.5702,2,0.9698,0.71
v3_001136.jpg,video3.mp4,3,1136,45.44,0.577823,0.577823,2,0.5686,2,0.968,0.92
v3_001138.jpg,video3.mp4,3,1138,45.52,0.57884,0.57884,2,0.5765,2,0.9688,0.23
v3_001140.jpg,video3.mp4,3,1140,45.6,0.579858,0.579858,2,0.5888,2,0.9641,0.89
v3_001141.jpg,video3.mp4,3,1141,45.64,0.580366,0.580366,2,0.5741,2,0.9666,0.63
v3_001143.jpg,video3.mp4,3,1143,45.72,0.581384,0.581384,2,0.5943,2,0.965,1.29
v3_001145.jpg,video3.mp4,3,1145,45.8,0.582401,0.582401,2,0.5802,2,0.9647,0.22
v3_001146.jpg,video3.mp4,3,1146,45.84,0.582909,0.582909,2,0.5865,2,0.9633,0.36
v3_001148.jpg,video3.mp4,3,1148,45.92,0.583927,0.583927,2,0.5736,2,0.9664,1.03
v3_001149.jpg,video3.mp4,3,1149,45.96,0.584435,0.584435,2,0.5819,2,0.9638,0.25
v3_001151.jpg,video3.mp4,3,1151,46.04,0.585453,0.585453,2,0.5859,2,0.964,0.04
v3_001153.jpg,video3.mp4,3,1153,46.12,0.58647,0.58647,2,0.5819,2,0.9648,0.46
v3_001154.jpg,video3.mp4,3,1154,46.16,0.586979,0.586979,2,0.5846,2,0.9635,0.24
v3_001156.jpg,video3.mp4,3,1156,46.24,0.587996,0.587996,2,0.585,2,0.9554,0.3
v3_001158.jpg,video3.mp4,3,1158,46.32,0.589013,0.589013,2,0.5724,2,0.9688,1.66
v3_001159.jpg,video3.mp4,3,1159,46.36,0.589522,0.589522,2,0.5802,2,0.9679,0.93
v3_001161.jpg,video3.mp4,3,1161,46.44,0.590539,0.590539,2,0.5862,2,0.9656,0.43
v3_001163.jpg,video3.mp4,3,1163,46.52,0.591556,0.591556,2,0.5729,2,0.9655,1.87
v3_001164.jpg,video3.mp4,3,1164,46.56,0.592065,0.592065,2,0.5732,2,0.9644,1.89
v3_001166.jpg,video3.mp4,3,1166,46.64,0.593082,0.593082,2,0.5841,2,0.9621,0.9
v3_001167.jpg,video3.mp4,3,1167,46.68,0.593591,0.593591,2,0.5844,2,0.9622,0.92
v3_001169.jpg,video3.mp4,3,1169,46.76,0.594608,0.594608,2,0.586,2,0.9657,0.86
v3_001171.jpg,video3.mp4,3,1171,46.84,0.595626,0.595626,2,0.5952,2,0.967,0.04
v3_001172.jpg,video3.mp4,3,1172,46.88,0.596134,0.596134,2,0.5979,2,0.9638,0.18
v3_001174.jpg,video3.mp4,3,1174,46.96,0.597152,0.597152,2,0.608,2,0.9528,1.08
v3_001176.jpg,video3.mp4,3,1176,47.04,0.598169,0.598169,2,0.6104,2,0.9475,1.22
v3_001177.jpg,video3.mp4,3,1177,47.08,0.598678,0.598678,2,0.6126,2,0.9494,1.39
v3_001179.jpg,video3.mp4,3,1179,47.16,0.599695,0.599695,2,0.5924,2,0.9555,0.73
v3_001181.jpg,video3.mp4,3,1181,47.24,0.600712,0.600712,2,0.6124,2,0.9506,1.17
v3_001182.jpg,video3.mp4,3,1182,47.28,0.601221,0.601221,2,0.5933,2,0.9561,0.79
v3_001184.jpg,video3.mp4,3,1184,47.36,0.602238,0.602238,2,0.5916,2,0.9591,1.06
v3_001186.jpg,video3.mp4,3,1186,47.44,0.603255,0.603255,2,0.585,2,0.9572,1.83
v3_001187.jpg,video3.mp4,3,1187,47.48,0.603764,0.603764,2,0.5864,2,0.9571,1.74
v3_001189.jpg,video3.mp4,3,1189,47.56,0.604781,0.604781,2,0.5817,2,0.9597,2.31
v3_001190.jpg,video3.mp4,3,1190,47.6,0.60529,0.60529,2,0.5798,2,0.9601,2.55
v3_001192.jpg,video3.mp4,3,1192,47.68,0.606307,0.606307,2,0.5864,2,0.9587,1.99
v3_001194.jpg,video3.mp4,3,1194,47.76,0.607325,0.607325,2,0.5743,2,0.9665,3.3
v3_001195.jpg,video3.mp4,3,1195,47.8,0.607833,0.607833,2,0.5648,2,0.9668,4.3
v3_001197.jpg,video3.mp4,3,1197,47.88,0.60885,0.60885,2,0.5779,2,0.9649,3.1
v3_001199.jpg,video3.mp4,3,1199,47.96,0.609868,0.609868,2,0.5812,2,0.9649,2.87
v3_001200.jpg,video3.mp4,3,1200,48.0,0.610376,0.610376,2,0.5751,2,0.9655,3.53
v3_001202.jpg,video3.mp4,3,1202,48.08,0.611394,0.611394,2,0.5811,2,0.9657,3.03
v3_001204.jpg,video3.mp4,3,1204,48.16,0.612411,0.612411,2,0.5775,2,0.9658,3.49
v3_001205.jpg,video3.mp4,3,1205,48.2,0.61292,0.61292,2,0.5833,2,0.9657,2.96
v3_001207.jpg,video3.mp4,3,1207,48.28,0.613937,0.613937,2,0.5805,2,0.9672,3.34
v3_001208.jpg,video3.mp4,3,1208,48.32,0.614446,0.614446,2,0.5876,2,0.9659,2.68
v3_001210.jpg,video3.mp4,3,1210,48.4,0.615463,0.615463,2,0.6034,2,0.9641,1.21
v3_001212.jpg,video3.mp4,3,1212,48.48,0.61648,0.61648,2,0.5999,2,0.9637,1.66
v3_001213.jpg,video3.mp4,3,1213,48.52,0.616989,0.616989,2,0.594,2,0.9636,2.3
v3_001215.jpg,video3.mp4,3,1215,48.6,0.618006,0.618006,2,0.6013,2,0.9618,1.67
v3_001217.jpg,video3.mp4,3,1217,48.68,0.619023,0.619023,2,0.6001,2,0.96,1.89
v3_001218.jpg,video3.mp4,3,1218,48.72,0.619532,0.619532,2,0.6041,2,0.9595,1.54
v3_001220.jpg,video3.mp4,3,1220,48.8,0.620549,0.620549,2,0.6022,2,0.9618,1.83
v3_001222.jpg,video3.mp4,3,1222,48.88,0.621567,0.621567,2,0.6297,2,0.9598,0.81
v3_001223.jpg,video3.mp4,3,1223,48.92,0.622075,0.622075,2,0.624,2,0.9599,0.19
v3_001225.jpg,video3.mp4,3,1225,49.0,0.623093,0.623093,2,0.6218,2,0.9559,0.13
v3_001226.jpg,video3.mp4,3,1226,49.04,0.623601,0.623601,2,0.6333,2,0.9427,0.97
v3_001228.jpg,video3.mp4,3,1228,49.12,0.624619,0.624619,2,0.633,2,0.9435,0.84
v3_001230.jpg,video3.mp4,3,1230,49.2,0.625636,0.625636,2,0.6308,2,0.9483,0.52
v3_001231.jpg,video3.mp4,3,1231,49.24,0.626144,0.626144,2,0.6365,2,0.9453,1.04
v3_001233.jpg,video3.mp4,3,1233,49.32,0.627162,0.627162,2,0.6342,2,0.9391,0.7
v3_001235.jpg,video3.mp4,3,1235,49.4,0.628179,0.628179,2,0.6442,2,0.9242,1.6
v3_001236.jpg,video3.mp4,3,1236,49.44,0.628688,0.628688,2,0.6399,2,0.9379,1.12
v3_001238.jpg,video3.mp4,3,1238,49.52,0.629705,0.629705,2,0.641,2,0.9349,1.13
v3_001240.jpg,video3.mp4,3,1240,49.6,0.630722,0.630722,2,0.6385,2,0.9411,0.78
v3_001241.jpg,video3.mp4,3,1241,49.64,0.631231,0.631231,2,0.6316,2,0.9393,0.04
v3_001243.jpg,video3.mp4,3,1243,49.72,0.632248,0.632248,2,0.6367,2,0.9459,0.45
v3_001245.jpg,video3.mp4,3,1245,49.8,0.633266,0.633266,2,0.6374,2,0.9542,0.41
v3_001246.jpg,video3.mp4,3,1246,49.84,0.633774,0.633774,2,0.627,2,0.9588,0.68
v3_001248.jpg,video3.mp4,3,1248,49.92,0.634791,0.634791,2,0.6272,2,0.9568,0.76
v3_001249.jpg,video3.mp4,3,1249,49.96,0.6353,0.6353,2,0.628,2,0.9572,0.73
v3_001251.jpg,video3.mp4,3,1251,50.04,0.636317,0.636317,2,0.6256,2,0.947,1.07
v3_001253.jpg,video3.mp4,3,1253,50.12,0.637335,0.637335,2,0.6336,2,0.924,0.37
v3_001254.jpg,video3.mp4,3,1254,50.16,0.637843,0.637843,2,0.6358,2,0.9381,0.2
v3_001256.jpg,video3.mp4,3,1256,50.24,0.638861,0.638861,2,0.6358,2,0.9214,0.31
v3_001258.jpg,video3.mp4,3,1258,50.32,0.639878,0.639878,2,0.6363,2,0.9014,0.36
v3_001259.jpg,video3.mp4,3,1259,50.36,0.640387,0.640387,2,0.6366,2,0.8906,0.38
v3_001261.jpg,video3.mp4,3,1261,50.44,0.641404,0.641404,2,0.6387,2,0.8802,0.27
v3_001263.jpg,video3.mp4,3,1263,50.52,0.642421,0.642421,2,0.632,2,0.9051,1.04
v3_001264.jpg,video3.mp4,3,1264,50.56,0.64293,0.64293,2,0.6376,2,0.886,0.53
v3_001266.jpg,video3.mp4,3,1266,50.64,0.643947,0.643947,2,0.6443,2,0.8802,0.04
v3_001267.jpg,video3.mp4,3,1267,50.68,0.644456,0.644456,2,0.6428,2,0.875,0.17
v3_001269.jpg,video3.mp4,3,1269,50.76,0.645473,0.645473,2,0.6392,2,0.8965,0.63
v3_001271.jpg,video3.mp4,3,1271,50.84,0.64649,0.64649,2,0.64,2,0.8692,0.65
v3_001272.jpg,video3.mp4,3,1272,50.88,0.646999,0.646999,2,0.6437,2,0.7753,0.33
v3_001274.jpg,video3.mp4,3,1274,50.96,0.648016,0.648016,2,0.651,2,0.6165,0.3
v3_001276.jpg,video3.mp4,3,1276,51.04,0.649034,0.649034,2,0.6514,2,0.6767,0.24
v3_001277.jpg,video3.mp4,3,1277,51.08,0.649542,0.649542,2,0.6513,2,0.5192,0.18
v3_001279.jpg,video3.mp4,3,1279,51.16,0.65056,0.65056,3,0.6451,3,0.6294,0.55
v3_001281.jpg,video3.mp4,3,1281,51.24,0.651577,0.651577,3,0.6417,3,0.4921,0.99
v3_001282.jpg,video3.mp4,3,1282,51.28,0.652085,0.652085,3,0.647,3,0.5845,0.51
v3_001284.jpg,video3.mp4,3,1284,51.36,0.653103,0.653103,3,0.6535,3,0.8978,0.04
v3_001286.jpg,video3.mp4,3,1286,51.44,0.65412,0.65412,3,0.6589,3,0.8997,0.48
v3_001287.jpg,video3.mp4,3,1287,51.48,0.654629,0.654629,3,0.6578,3,0.9013,0.32
v3_001289.jpg,video3.mp4,3,1289,51.56,0.655646,0.655646,3,0.661,3,0.935,0.54
v3_001290.jpg,video3.mp4,3,1290,51.6,0.656155,0.656155,3,0.6605,3,0.9429,0.43
v3_001292.jpg,video3.mp4,3,1292,51.68,0.657172,0.657172,3,0.6594,3,0.9496,0.22
v3_001294.jpg,video3.mp4,3,1294,51.76,0.658189,0.658189,3,0.66,3,0.9462,0.18
v3_001295.jpg,video3.mp4,3,1295,51.8,0.658698,0.658698,3,0.6633,3,0.95,0.46
v3_001297.jpg,video3.mp4,3,1297,51.88,0.659715,0.659715,3,0.6577,3,0.9471,0.2
v3_001299.jpg,video3.mp4,3,1299,51.96,0.660732,0.660732,3,0.6603,3,0.945,0.04
v3_001300.jpg,video3.mp4,3,1300,52.0,0.661241,0.661241,3,0.6547,3,0.9407,0.65
v3_001302.jpg,video3.mp4,3,1302,52.08,0.662258,0.662258,3,0.6584,3,0.897,0.39
v3_001304.jpg,video3.mp4,3,1304,52.16,0.663276,0.663276,3,0.6596,3,0.9006,0.37
v3_001305.jpg,video3.mp4,3,1305,52.2,0.663784,0.663784,3,0.6605,3,0.895,0.33
v3_001307.jpg,video3.mp4,3,1307,52.28,0.664802,0.664802,3,0.667,3,0.9403,0.22
v3_001308.jpg,video3.mp4,3,1308,52.32,0.66531,0.66531,3,0.6629,3,0.9359,0.24
v3_001310.jpg,video3.mp4,3,1310,52.4,0.666328,0.666328,3,0.6643,3,0.9436,0.2
v3_001312.jpg,video3.mp4,3,1312,52.48,0.667345,0.667345,3,0.6635,3,0.9359,0.38
v3_001313.jpg,video3.mp4,3,1313,52.52,0.667854,0.667854,3,0.6588,3,0.9503,0.91
v3_001315.jpg,video3.mp4,3,1315,52.6,0.668871,0.668871,3,0.6603,3,0.9492,0.86
v3_001317.jpg,video3.mp4,3,1317,52.68,0.669888,0.669888,3,0.662,3,0.946,0.79
v3_001318.jpg,video3.mp4,3,1318,52.72,0.670397,0.670397,3,0.662,3,0.9471,0.84
v3_001320.jpg,video3.mp4,3,1320,52.8,0.671414,0.671414,3,0.6596,3,0.9647,1.18
v3_001322.jpg,video3.mp4,3,1322,52.88,0.672431,0.672431,3,0.6682,3,0.9629,0.42
v3_001323.jpg,video3.mp4,3,1323,52.92,0.67294,0.67294,3,0.6677,3,0.9625,0.52
v3_001325.jpg,video3.mp4,3,1325,53.0,0.673957,0.673957,3,0.668,3,0.9622,0.6
v3_001327.jpg,video3.mp4,3,1327,53.08,0.674975,0.674975,3,0.6677,3,0.9631,0.73
v3_001328.jpg,video3.mp4,3,1328,53.12,0.675483,0.675483,3,0.6687,3,0.9636,0.68
v3_001330.jpg,video3.mp4,3,1330,53.2,0.676501,0.676501,3,0.6643,3,0.9602,1.22
v3_001331.jpg,video3.mp4,3,1331,53.24,0.677009,0.677009,3,0.6631,3,0.9609,1.39
v3_001333.jpg,video3.mp4,3,1333,53.32,0.678026,0.678026,3,0.667,3,0.9591,1.1
v3_001335.jpg,video3.mp4,3,1335,53.4,0.679044,0.679044,3,0.667,3,0.9563,1.2
v3_001336.jpg,video3.mp4,3,1336,53.44,0.679552,0.679552,3,0.6607,3,0.9506,1.89
v3_001338.jpg,video3.mp4,3,1338,53.52,0.68057,0.68057,3,0.673,3,0.9572,0.76
v3_001340.jpg,video3.mp4,3,1340,53.6,0.681587,0.681587,3,0.6681,3,0.9436,1.35
v3_001341.jpg,video3.mp4,3,1341,53.64,0.682096,0.682096,3,0.6724,3,0.9483,0.97
v3_001343.jpg,video3.mp4,3,1343,53.72,0.683113,0.683113,3,0.6847,3,0.9583,0.16
v3_001345.jpg,video3.mp4,3,1345,53.8,0.68413,0.68413,3,0.6769,3,0.9556,0.72
v3_001346.jpg,video3.mp4,3,1346,53.84,0.684639,0.684639,3,0.6698,3,0.9685,1.48
v3_001348.jpg,video3.mp4,3,1348,53.92,0.685656,0.685656,3,0.6662,3,0.9614,1.95
v3_001349.jpg,video3.mp4,3,1349,53.96,0.686165,0.686165,3,0.6698,3,0.9591,1.64
v3_001351.jpg,video3.mp4,3,1351,54.04,0.687182,0.687182,3,0.6734,3,0.9516,1.38
v3_001353.jpg,video3.mp4,3,1353,54.12,0.688199,0.688199,3,0.681,3,0.9415,0.72
v3_001354.jpg,video3.mp4,3,1354,54.16,0.688708,0.688708,3,0.6793,3,0.9412,0.94
v3_001356.jpg,video3.mp4,3,1356,54.24,0.689725,0.689725,3,0.6889,3,0.9703,0.08
v3_001358.jpg,video3.mp4,3,1358,54.32,0.690743,0.690743,3,0.6898,3,0.9551,0.09
v3_001359.jpg,video3.mp4,3,1359,54.36,0.691251,0.691251,3,0.6968,3,0.9575,0.55
v3_001361.jpg,video3.mp4,3,1361,54.44,0.692269,0.692269,3,0.694,3,0.9533,0.17
v3_001363.jpg,video3.mp4,3,1363,54.52,0.693286,0.693286,3,0.6969,3,0.9529,0.36
v3_001364.jpg,video3.mp4,3,1364,54.56,0.693795,0.693795,3,0.6961,3,0.9566,0.23
v3_001366.jpg,video3.mp4,3,1366,54.64,0.694812,0.694812,3,0.7032,3,0.966,0.84
v3_001368.jpg,video3.mp4,3,1368,54.72,0.695829,0.695829,3,0.7056,3,0.9586,0.98
v3_001369.jpg,video3.mp4,3,1369,54.76,0.696338,0.696338,3,0.6997,3,0.9598,0.34
v3_001371.jpg,video3.mp4,3,1371,54.84,0.697355,0.697355,3,0.7084,3,0.9558,1.1
v3_001372.jpg,video3.mp4,3,1372,54.88,0.697864,0.697864,3,0.7048,3,0.9555,0.69
v3_001374.jpg,video3.mp4,3,1374,54.96,0.698881,0.698881,3,0.6931,3,0.9531,0.58
v3_001376.jpg,video3.mp4,3,1376,55.04,0.699898,0.699898,3,0.6959,3,0.9522,0.4
v3_001377.jpg,video3.mp4,3,1377,55.08,0.700407,0.700407,3,0.6976,3,0.9538,0.28
v3_001379.jpg,video3.mp4,3,1379,55.16,0.701424,0.701424,3,0.7008,3,0.953,0.06
v3_001381.jpg,video3.mp4,3,1381,55.24,0.702442,0.702442,3,0.7153,3,0.96,1.29
v3_001382.jpg,video3.mp4,3,1382,55.28,0.70295,0.70295,3,0.7141,3,0.9604,1.12
v3_001384.jpg,video3.mp4,3,1384,55.36,0.703967,0.703967,3,0.7213,3,0.9646,1.73
v3_001386.jpg,video3.mp4,3,1386,55.44,0.704985,0.704985,3,0.7117,3,0.9639,0.67
v3_001387.jpg,video3.mp4,3,1387,55.48,0.705493,0.705493,3,0.7109,3,0.9632,0.54
v3_001389.jpg,video3.mp4,3,1389,55.56,0.706511,0.706511,3,0.7138,3,0.9656,0.73
v3_001390.jpg,video3.mp4,3,1390,55.6,0.707019,0.707019,3,0.7111,3,0.9676,0.41
v3_001392.jpg,video3.mp4,3,1392,55.68,0.708037,0.708037,3,0.72,3,0.9672,1.2
v3_001394.jpg,video3.mp4,3,1394,55.76,0.709054,0.709054,3,0.738,3,0.9651,2.89
v3_001395.jpg,video3.mp4,3,1395,55.8,0.709563,0.709563,3,0.7348,3,0.966,2.52
v3_001397.jpg,video3.mp4,3,1397,55.88,0.71058,0.71058,3,0.7347,3,0.9667,2.41
v3_001399.jpg,video3.mp4,3,1399,55.96,0.711597,0.711597,3,0.7357,3,0.9674,2.41
v3_001400.jpg,video3.mp4,3,1400,56.0,0.712106,0.712106,3,0.7334,3,0.9699,2.13
v3_001402.jpg,video3.mp4,3,1402,56.08,0.713123,0.713123,3,0.7332,3,0.9706,2.01
v3_001404.jpg,video3.mp4,3,1404,56.16,0.71414,0.71414,3,0.7297,3,0.9666,1.56
v3_001405.jpg,video3.mp4,3,1405,56.2,0.714649,0.714649,3,0.7298,3,0.9674,1.52
v3_001407.jpg,video3.mp4,3,1407,56.28,0.715666,0.715666,3,0.7331,3,0.9684,1.74
v3_001409.jpg,video3.mp4,3,1409,56.36,0.716684,0.716684,3,0.7308,3,0.9664,1.41
v3_001410.jpg,video3.mp4,3,1410,56.4,0.717192,0.717192,3,0.7328,3,0.9668,1.56
v3_001412.jpg,video3.mp4,3,1412,56.48,0.71821,0.71821,3,0.7327,3,0.9656,1.45
v3_001413.jpg,video3.mp4,3,1413,56.52,0.718718,0.718718,3,0.7316,3,0.966,1.29
v3_001415.jpg,video3.mp4,3,1415,56.6,0.719736,0.719736,3,0.7315,3,0.9688,1.18
v3_001417.jpg,video3.mp4,3,1417,56.68,0.720753,0.720753,3,0.7387,3,0.9666,1.79
v3_001418.jpg,video3.mp4,3,1418,56.72,0.721261,0.721261,3,0.737,3,0.9655,1.57
v3_001420.jpg,video3.mp4,3,1420,56.8,0.722279,0.722279,3,0.7423,3,0.9653,2.0
v3_001422.jpg,video3.mp4,3,1422,56.88,0.723296,0.723296,3,0.7427,3,0.9652,1.94
v3_001423.jpg,video3.mp4,3,1423,56.92,0.723805,0.723805,3,0.742,3,0.9658,1.82
v3_001425.jpg,video3.mp4,3,1425,57.0,0.724822,0.724822,3,0.743,3,0.9649,1.82
v3_001427.jpg,video3.mp4,3,1427,57.08,0.725839,0.725839,3,0.742,3,0.9621,1.62
v3_001428.jpg,video3.mp4,3,1428,57.12,0.726348,0.726348,3,0.7399,3,0.9634,1.36
v3_001430.jpg,video3.mp4,3,1430,57.2,0.727365,0.727365,3,0.744,3,0.964,1.66
v3_001431.jpg,video3.mp4,3,1431,57.24,0.727874,0.727874,3,0.7391,3,0.9643,1.12
v3_001433.jpg,video3.mp4,3,1433,57.32,0.728891,0.728891,3,0.7378,3,0.9644,0.89
v3_001435.jpg,video3.mp4,3,1435,57.4,0.729908,0.729908,3,0.7363,3,0.9647,0.64
v3_001436.jpg,video3.mp4,3,1436,57.44,0.730417,0.730417,3,0.7377,3,0.9647,0.73
v3_001438.jpg,video3.mp4,3,1438,57.52,0.731434,0.731434,3,0.7346,3,0.9654,0.32
v3_001440.jpg,video3.mp4,3,1440,57.6,0.732452,0.732452,3,0.7365,3,0.9648,0.4
v3_001441.jpg,video3.mp4,3,1441,57.64,0.73296,0.73296,3,0.7348,3,0.9663,0.18
v3_001443.jpg,video3.mp4,3,1443,57.72,0.733978,0.733978,3,0.7377,3,0.966,0.37
v3_001445.jpg,video3.mp4,3,1445,57.8,0.734995,0.734995,3,0.7333,3,0.9689,0.17
v3_001446.jpg,video3.mp4,3,1446,57.84,0.735504,0.735504,3,0.734,3,0.9694,0.15
v3_001448.jpg,video3.mp4,3,1448,57.92,0.736521,0.736521,3,0.733,3,0.969,0.35
v3_001449.jpg,video3.mp4,3,1449,57.96,0.73703,0.73703,3,0.737,3,0.9677,0.0
v3_001451.jpg,video3.mp4,3,1451,58.04,0.738047,0.738047,3,0.7166,3,0.966,2.14
v3_001453.jpg,video3.mp4,3,1453,58.12,0.739064,0.739064,3,0.7258,3,0.9618,1.33
v3_001454.jpg,video3.mp4,3,1454,58.16,0.739573,0.739573,3,0.7298,3,0.9654,0.98
v3_001456.jpg,video3.mp4,3,1456,58.24,0.74059,0.74059,3,0.7248,3,0.9638,1.58
v3_001458.jpg,video3.mp4,3,1458,58.32,0.741607,0.741607,3,0.724,3,0.9664,1.76
v3_001459.jpg,video3.mp4,3,1459,58.36,0.742116,0.742116,3,0.725,3,0.9668,1.71
v3_001461.jpg,video3.mp4,3,1461,58.44,0.743133,0.743133,3,0.7234,3,0.967,1.97
v3_001463.jpg,video3.mp4,3,1463,58.52,0.744151,0.744151,3,0.7255,3,0.966,1.87
v3_001464.jpg,video3.mp4,3,1464,58.56,0.744659,0.744659,3,0.7265,3,0.967,1.82
v3_001466.jpg,video3.mp4,3,1466,58.64,0.745677,0.745677,3,0.7238,3,0.9574,2.19
v3_001468.jpg,video3.mp4,3,1468,58.72,0.746694,0.746694,3,0.735,3,0.9571,1.17
v3_001469.jpg,video3.mp4,3,1469,58.76,0.747202,0.747202,3,0.7479,3,0.9518,0.07
v3_001471.jpg,video3.mp4,3,1471,58.84,0.74822,0.74822,3,0.7519,3,0.9488,0.37
v3_001472.jpg,video3.mp4,3,1472,58.88,0.748728,0.748728,3,0.7502,3,0.9497,0.15
v3_001474.jpg,video3.mp4,3,1474,58.96,0.749746,0.749746,3,0.7475,3,0.9513,0.22
v3_001476.jpg,video3.mp4,3,1476,59.04,0.750763,0.750763,3,0.7509,3,0.9558,0.01
v3_001477.jpg,video3.mp4,3,1477,59.08,0.751272,0.751272,3,0.751,3,0.9526,0.03
v3_001479.jpg,video3.mp4,3,1479,59.16,0.752289,0.752289,3,0.7551,3,0.9596,0.28
v3_001481.jpg,video3.mp4,3,1481,59.24,0.753306,0.753306,3,0.7477,3,0.9646,0.56
v3_001482.jpg,video3.mp4,3,1482,59.28,0.753815,0.753815,3,0.7374,3,0.9685,1.64
v3_001484.jpg,video3.mp4,3,1484,59.36,0.754832,0.754832,3,0.7495,3,0.9686,0.53
v3_001486.jpg,video3.mp4,3,1486,59.44,0.755849,0.755849,3,0.746,3,0.9694,0.98
v3_001487.jpg,video3.mp4,3,1487,59.48,0.756358,0.756358,3,0.7466,3,0.9694,0.98
v3_001489.jpg,video3.mp4,3,1489,59.56,0.757375,0.757375,3,0.7469,3,0.9702,1.05
v3_001490.jpg,video3.mp4,3,1490,59.6,0.757884,0.757884,3,0.7474,3,0.9689,1.05
v3_001492.jpg,video3.mp4,3,1492,59.68,0.758901,0.758901,3,0.7516,3,0.9651,0.73
v3_001494.jpg,video3.mp4,3,1494,59.76,0.759919,0.759919,3,0.76,3,0.9662,0.01
v3_001495.jpg,video3.mp4,3,1495,59.8,0.760427,0.760427,3,0.7555,3,0.9652,0.49
v3_001497.jpg,video3.mp4,3,1497,59.88,0.761445,0.761445,3,0.7584,3,0.9666,0.3
v3_001499.jpg,video3.mp4,3,1499,59.96,0.762462,0.762462,3,0.7616,3,0.9696,0.09
v3_001500.jpg,video3.mp4,3,1500,60.0,0.76297,0.76297,3,0.7667,3,0.9675,0.37
v3_001502.jpg,video3.mp4,3,1502,60.08,0.763988,0.763988,3,0.7581,3,0.9685,0.59
v3_001504.jpg,video3.mp4,3,1504,60.16,0.765005,0.765005,3,0.7622,3,0.9658,0.28
v3_001505.jpg,video3.mp4,3,1505,60.2,0.765514,0.765514,3,0.7614,3,0.9643,0.41
v3_001507.jpg,video3.mp4,3,1507,60.28,0.766531,0.766531,3,0.7583,3,0.9659,0.82
v3_001509.jpg,video3.mp4,3,1509,60.36,0.767548,0.767548,3,0.7574,3,0.9671,1.01
v3_001510.jpg,video3.mp4,3,1510,60.4,0.768057,0.768057,3,0.7552,3,0.965,1.29
v3_001512.jpg,video3.mp4,3,1512,60.48,0.769074,0.769074,3,0.7652,3,0.9671,0.39
v3_001513.jpg,video3.mp4,3,1513,60.52,0.769583,0.769583,3,0.7675,3,0.9694,0.21
v3_001515.jpg,video3.mp4,3,1515,60.6,0.7706,0.7706,3,0.7667,3,0.9694,0.39
v3_001517.jpg,video3.mp4,3,1517,60.68,0.771617,0.771617,3,0.7737,3,0.9724,0.21
v3_001518.jpg,video3.mp4,3,1518,60.72,0.772126,0.772126,3,0.7723,3,0.973,0.02
v3_001520.jpg,video3.mp4,3,1520,60.8,0.773143,0.773143,3,0.7656,3,0.9745,0.75
v3_001522.jpg,video3.mp4,3,1522,60.88,0.774161,0.774161,3,0.7672,3,0.9724,0.7
v3_001523.jpg,video3.mp4,3,1523,60.92,0.774669,0.774669,3,0.7654,3,0.9715,0.93
v3_001525.jpg,video3.mp4,3,1525,61.0,0.775687,0.775687,3,0.768,3,0.9726,0.77
v3_001527.jpg,video3.mp4,3,1527,61.08,0.776704,0.776704,3,0.7597,3,0.9702,1.7
v3_001528.jpg,video3.mp4,3,1528,61.12,0.777213,0.777213,3,0.7567,3,0.9686,2.05
v3_001530.jpg,video3.mp4,3,1530,61.2,0.77823,0.77823,3,0.7615,3,0.9639,1.67
v3_001531.jpg,video3.mp4,3,1531,61.24,0.778739,0.778739,3,0.7609,3,0.9641,1.78
v3_001533.jpg,video3.mp4,3,1533,61.32,0.779756,0.779756,3,0.7586,3,0.9641,2.12
v3_001535.jpg,video3.mp4,3,1535,61.4,0.780773,0.780773,3,0.7551,3,0.9671,2.57
v3_001536.jpg,video3.mp4,3,1536,61.44,0.781282,0.781282,3,0.7584,3,0.9653,2.29
v3_001538.jpg,video3.mp4,3,1538,61.52,0.782299,0.782299,3,0.7604,3,0.9635,2.19
v3_001540.jpg,video3.mp4,3,1540,61.6,0.783316,0.783316,3,0.765,3,0.9646,1.83
v3_001541.jpg,video3.mp4,3,1541,61.64,0.783825,0.783825,3,0.764,3,0.9644,1.98
v3_001543.jpg,video3.mp4,3,1543,61.72,0.784842,0.784842,3,0.7668,3,0.9651,1.8
v3_001545.jpg,video3.mp4,3,1545,61.8,0.78586,0.78586,3,0.7645,3,0.9638,2.14
v3_001546.jpg,video3.mp4,3,1546,61.84,0.786368,0.786368,3,0.7676,3,0.9642,1.88
v3_001548.jpg,video3.mp4,3,1548,61.92,0.787386,0.787386,3,0.7655,3,0.9645,2.19
v3_001550.jpg,video3.mp4,3,1550,62.0,0.788403,0.788403,3,0.765,3,0.966,2.34
v3_001551.jpg,video3.mp4,3,1551,62.04,0.788911,0.788911,3,0.7627,3,0.9668,2.62
v3_001553.jpg,video3.mp4,3,1553,62.12,0.789929,0.789929,3,0.7658,3,0.9662,2.41
v3_001554.jpg,video3.mp4,3,1554,62.16,0.790437,0.790437,3,0.7665,3,0.9664,2.39
v3_001556.jpg,video3.mp4,3,1556,62.24,0.791455,0.791455,3,0.7682,3,0.9647,2.33
v3_001558.jpg,video3.mp4,3,1558,62.32,0.792472,0.792472,3,0.7784,3,0.9675,1.41
v3_001559.jpg,video3.mp4,3,1559,62.36,0.792981,0.792981,3,0.7786,3,0.9673,1.44
v3_001561.jpg,video3.mp4,3,1561,62.44,0.793998,0.793998,3,0.777,3,0.9645,1.7
v3_001563.jpg,video3.mp4,3,1563,62.52,0.795015,0.795015,3,0.7766,3,0.9633,1.84
v3_001564.jpg,video3.mp4,3,1564,62.56,0.795524,0.795524,3,0.7784,3,0.9652,1.71
v3_001566.jpg,video3.mp4,3,1566,62.64,0.796541,0.796541,3,0.7818,3,0.9656,1.47
v3_001568.jpg,video3.mp4,3,1568,62.72,0.797558,0.797558,3,0.781,3,0.9708,1.66
v3_001569.jpg,video3.mp4,3,1569,62.76,0.798067,0.798067,3,0.7821,3,0.9732,1.6
v3_001571.jpg,video3.mp4,3,1571,62.84,0.799084,0.799084,3,0.7823,3,0.9718,1.68
v3_001572.jpg,video3.mp4,3,1572,62.88,0.799593,0.799593,3,0.785,3,0.9705,1.46
v3_001574.jpg,video3.mp4,3,1574,62.96,0.80061,0.80061,3,0.788,3,0.974,1.26
v3_001576.jpg,video3.mp4,3,1576,63.04,0.801628,0.801628,3,0.7838,3,0.9776,1.78
v3_001577.jpg,video3.mp4,3,1577,63.08,0.802136,0.802136,3,0.787,3,0.9786,1.51
v3_001579.jpg,video3.mp4,3,1579,63.16,0.803154,0.803154,3,0.795,3,0.9738,0.82
v3_001581.jpg,video3.mp4,3,1581,63.24,0.804171,0.804171,3,0.7892,3,0.9749,1.5
v3_001582.jpg,video3.mp4,3,1582,63.28,0.80468,0.80468,3,0.7899,3,0.9735,1.48
v3_001584.jpg,video3.mp4,3,1584,63.36,0.805697,0.805697,3,0.7894,3,0.9728,1.63
v3_001586.jpg,video3.mp4,3,1586,63.44,0.806714,0.806714,3,0.7977,3,0.972,0.9
v3_001587.jpg,video3.mp4,3,1587,63.48,0.807223,0.807223,3,0.7979,3,0.9717,0.93
v3_001589.jpg,video3.mp4,3,1589,63.56,0.80824,0.80824,3,0.796,3,0.9764,1.22
v3_001591.jpg,video3.mp4,3,1591,63.64,0.809257,0.809257,3,0.793,3,0.9767,1.63
v3_001592.jpg,video3.mp4,3,1592,63.68,0.809766,0.809766,3,0.792,3,0.9739,1.78
v3_001594.jpg,video3.mp4,3,1594,63.76,0.810783,0.810783,3,0.795,3,0.9718,1.58
v3_001595.jpg,video3.mp4,3,1595,63.8,0.811292,0.811292,3,0.7957,3,0.9698,1.56
v3_001597.jpg,video3.mp4,3,1597,63.88,0.812309,0.812309,3,0.7977,3,0.9724,1.46
v3_001599.jpg,video3.mp4,3,1599,63.96,0.813327,0.813327,3,0.804,3,0.9732,0.93
v3_001600.jpg,video3.mp4,3,1600,64.0,0.813835,0.813835,3,0.8032,3,0.9752,1.06
v3_001602.jpg,video3.mp4,3,1602,64.08,0.814852,0.814852,3,0.8177,3,0.9712,0.28
v3_001604.jpg,video3.mp4,3,1604,64.16,0.81587,0.81587,3,0.821,3,0.9721,0.51
v3_001605.jpg,video3.mp4,3,1605,64.2,0.816378,0.816378,3,0.8169,3,0.9727,0.05
v3_001607.jpg,video3.mp4,3,1607,64.28,0.817396,0.817396,3,0.8237,3,0.9701,0.63
v3_001609.jpg,video3.mp4,3,1609,64.36,0.818413,0.818413,3,0.8269,3,0.9713,0.85
v3_001610.jpg,video3.mp4,3,1610,64.4,0.818922,0.818922,3,0.8326,3,0.9662,1.37
v3_001612.jpg,video3.mp4,3,1612,64.48,0.819939,0.819939,3,0.8363,3,0.9567,1.64
v3_001613.jpg,video3.mp4,3,1613,64.52,0.820448,0.820448,3,0.8364,3,0.9582,1.6
v3_001615.jpg,video3.mp4,3,1615,64.6,0.821465,0.821465,3,0.8369,3,0.9582,1.54
v3_001617.jpg,video3.mp4,3,1617,64.68,0.822482,0.822482,3,0.8339,3,0.9559,1.14
v3_001618.jpg,video3.mp4,3,1618,64.72,0.822991,0.822991,3,0.8341,3,0.9557,1.11
v3_001620.jpg,video3.mp4,3,1620,64.8,0.824008,0.824008,3,0.8309,3,0.9522,0.69
v3_001622.jpg,video3.mp4,3,1622,64.88,0.825025,0.825025,3,0.8318,3,0.9702,0.68
v3_001623.jpg,video3.mp4,3,1623,64.92,0.825534,0.825534,3,0.8306,3,0.9706,0.51
v3_001625.jpg,video3.mp4,3,1625,65.0,0.826551,0.826551,3,0.8292,3,0.9705,0.26
v3_001627.jpg,video3.mp4,3,1627,65.08,0.827569,0.827569,3,0.8332,3,0.9456,0.56
v3_001628.jpg,video3.mp4,3,1628,65.12,0.828077,0.828077,3,0.8326,3,0.9396,0.45
v3_001630.jpg,video3.mp4,3,1630,65.2,0.829095,0.829095,3,0.8332,3,0.9548,0.41
v3_001632.jpg,video3.mp4,3,1632,65.28,0.830112,0.830112,3,0.8267,3,0.962,0.34
v3_001633.jpg,video3.mp4,3,1633,65.32,0.830621,0.830621,3,0.8266,3,0.9639,0.4
v3_001635.jpg,video3.mp4,3,1635,65.4,0.831638,0.831638,3,0.8255,3,0.9639,0.61
v3_001636.jpg,video3.mp4,3,1636,65.44,0.832146,0.832146,3,0.827,3,0.962,0.51
v3_001638.jpg,video3.mp4,3,1638,65.52,0.833164,0.833164,3,0.8156,3,0.9764,1.76
v3_001640.jpg,video3.mp4,3,1640,65.6,0.834181,0.834181,3,0.8354,3,0.9204,0.12
v3_001641.jpg,video3.mp4,3,1641,65.64,0.83469,0.83469,3,0.8327,3,0.9217,0.2
v3_001643.jpg,video3.mp4,3,1643,65.72,0.835707,0.835707,3,0.8317,3,0.929,0.4
v3_001645.jpg,video3.mp4,3,1645,65.8,0.836724,0.836724,3,0.8287,3,0.9316,0.8
v3_001646.jpg,video3.mp4,3,1646,65.84,0.837233,0.837233,3,0.8305,3,0.9313,0.67
v3_001648.jpg,video3.mp4,3,1648,65.92,0.83825,0.83825,3,0.8272,3,0.9413,1.11
v3_001650.jpg,video3.mp4,3,1650,66.0,0.839268,0.839268,3,0.8221,3,0.943,1.72
v3_001651.jpg,video3.mp4,3,1651,66.04,0.839776,0.839776,3,0.8203,3,0.946,1.95
v3_001653.jpg,video3.mp4,3,1653,66.12,0.840793,0.840793,3,0.8252,3,0.934,1.56
v3_001654.jpg,video3.mp4,3,1654,66.16,0.841302,0.841302,3,0.8287,3,0.9162,1.26
v3_001656.jpg,video3.mp4,3,1656,66.24,0.842319,0.842319,3,0.8309,3,0.8552,1.14
v3_001658.jpg,video3.mp4,3,1658,66.32,0.843337,0.843337,3,0.8364,3,0.8425,0.69
v3_001659.jpg,video3.mp4,3,1659,66.36,0.843845,0.843845,3,0.8343,3,0.8141,0.95
v3_001661.jpg,video3.mp4,3,1661,66.44,0.844863,0.844863,3,0.8314,3,0.8803,1.35
v3_001663.jpg,video3.mp4,3,1663,66.52,0.84588,0.84588,3,0.8306,3,0.8644,1.53
v3_001664.jpg,video3.mp4,3,1664,66.56,0.846389,0.846389,3,0.8322,3,0.8191,1.42
v3_001666.jpg,video3.mp4,3,1666,66.64,0.847406,0.847406,3,0.8345,3,0.8242,1.29
v3_001668.jpg,video3.mp4,3,1668,66.72,0.848423,0.848423,3,0.8344,3,0.8597,1.4
v3_001669.jpg,video3.mp4,3,1669,66.76,0.848932,0.848932,3,0.8355,3,0.8114,1.34
v3_001671.jpg,video3.mp4,3,1671,66.84,0.849949,0.849949,3,0.835,3,0.8373,1.49
v3_001672.jpg,video3.mp4,3,1672,66.88,0.850458,0.850458,4,0.8371,3,0.6043,1.34
v3_001674.jpg,video3.mp4,3,1674,66.96,0.851475,0.851475,4,0.8395,4,0.5773,1.2
v3_001676.jpg,video3.mp4,3,1676,67.04,0.852492,0.852492,4,0.8337,4,0.8722,1.88
v3_001677.jpg,video3.mp4,3,1677,67.08,0.853001,0.853001,4,0.8348,4,0.8818,1.82
v3_001679.jpg,video3.mp4,3,1679,67.16,0.854018,0.854018,4,0.8399,4,0.9503,1.41
v3_001681.jpg,video3.mp4,3,1681,67.24,0.855036,0.855036,4,0.8413,4,0.9569,1.37
v3_001682.jpg,video3.mp4,3,1682,67.28,0.855544,0.855544,4,0.8444,4,0.9514,1.11
v3_001684.jpg,video3.mp4,3,1684,67.36,0.856562,0.856562,4,0.8353,4,0.9422,2.13
v3_001686.jpg,video3.mp4,3,1686,67.44,0.857579,0.857579,4,0.8326,4,0.9481,2.5
v3_001687.jpg,video3.mp4,3,1687,67.48,0.858087,0.858087,4,0.8475,4,0.9618,1.06
v3_001689.jpg,video3.mp4,3,1689,67.56,0.859105,0.859105,4,0.831,4,0.9437,2.81
v3_001691.jpg,video3.mp4,3,1691,67.64,0.860122,0.860122,4,0.8379,4,0.9608,2.22
v3_001692.jpg,video3.mp4,3,1692,67.68,0.860631,0.860631,4,0.8435,4,0.9634,1.71
v3_001694.jpg,video3.mp4,3,1694,67.76,0.861648,0.861648,4,0.8639,4,0.9646,0.23
v3_001695.jpg,video3.mp4,3,1695,67.8,0.862157,0.862157,4,0.8632,4,0.968,0.1
v3_001697.jpg,video3.mp4,3,1697,67.88,0.863174,0.863174,4,0.8757,4,0.9642,1.25
v3_001699.jpg,video3.mp4,3,1699,67.96,0.864191,0.864191,4,0.9022,4,0.9626,3.8
v3_001700.jpg,video3.mp4,3,1700,68.0,0.8647,0.8647,4,0.8935,4,0.9676,2.88
v3_001702.jpg,video3.mp4,3,1702,68.08,0.865717,0.865717,4,0.8694,4,0.9672,0.37
v3_001704.jpg,video3.mp4,3,1704,68.16,0.866734,0.866734,4,0.8983,4,0.9678,3.16
v3_001705.jpg,video3.mp4,3,1705,68.2,0.867243,0.867243,4,0.887,4,0.9658,1.98
v3_001707.jpg,video3.mp4,3,1707,68.28,0.86826,0.86826,4,0.8818,4,0.9659,1.35
v3_001709.jpg,video3.mp4,3,1709,68.36,0.869278,0.869278,4,0.8759,4,0.9665,0.66
v3_001710.jpg,video3.mp4,3,1710,68.4,0.869786,0.869786,4,0.8888,4,0.9657,1.9
v3_001712.jpg,video3.mp4,3,1712,68.48,0.870804,0.870804,4,0.8772,4,0.9641,0.64
v3_001713.jpg,video3.mp4,3,1713,68.52,0.871312,0.871312,4,0.8843,4,0.9643,1.3
v3_001715.jpg,video3.mp4,3,1715,68.6,0.87233,0.87233,4,0.8684,4,0.965,0.39
v3_001717.jpg,video3.mp4,3,1717,68.68,0.873347,0.873347,4,0.8904,4,0.9661,1.71
v3_001718.jpg,video3.mp4,3,1718,68.72,0.873856,0.873856,4,0.8849,4,0.9647,1.1
v3_001720.jpg,video3.mp4,3,1720,68.8,0.874873,0.874873,4,0.8915,4,0.9621,1.66
v3_001722.jpg,video3.mp4,3,1722,68.88,0.87589,0.87589,4,0.8937,4,0.964,1.78
v3_001723.jpg,video3.mp4,3,1723,68.92,0.876399,0.876399,4,0.8964,4,0.9678,2.0
v3_001725.jpg,video3.mp4,3,1725,69.0,0.877416,0.877416,4,0.8936,4,0.9687,1.62
v3_001727.jpg,video3.mp4,3,1727,69.08,0.878433,0.878433,4,0.9052,4,0.9681,2.68
v3_001728.jpg,video3.mp4,3,1728,69.12,0.878942,0.878942,4,0.8712,4,0.9645,0.77
v3_001730.jpg,video3.mp4,3,1730,69.2,0.879959,0.879959,4,0.8709,4,0.9652,0.91
v3_001732.jpg,video3.mp4,3,1732,69.28,0.880977,0.880977,4,0.8905,4,0.967,0.95
v3_001733.jpg,video3.mp4,3,1733,69.32,0.881485,0.881485,4,0.8902,4,0.9663,0.87
v3_001735.jpg,video3.mp4,3,1735,69.4,0.882503,0.882503,4,0.8979,4,0.9582,1.54
v3_001736.jpg,video3.mp4,3,1736,69.44,0.883011,0.883011,4,0.9081,4,0.9578,2.51
v3_001738.jpg,video3.mp4,3,1738,69.52,0.884028,0.884028,4,0.9243,4,0.9623,4.03
v3_001740.jpg,video3.mp4,3,1740,69.6,0.885046,0.885046,4,0.918,4,0.9677,3.3
v3_001741.jpg,video3.mp4,3,1741,69.64,0.885554,0.885554,4,0.9143,4,0.9665,2.87
v3_001743.jpg,video3.mp4,3,1743,69.72,0.886572,0.886572,4,0.8959,4,0.969,0.93
v3_001745.jpg,video3.mp4,3,1745,69.8,0.887589,0.887589,4,0.9055,4,0.9662,1.79
v3_001746.jpg,video3.mp4,3,1746,69.84,0.888098,0.888098,4,0.8999,4,0.9663,1.18
v3_001748.jpg,video3.mp4,3,1748,69.92,0.889115,0.889115,4,0.8963,4,0.9681,0.72
v3_001750.jpg,video3.mp4,3,1750,70.0,0.890132,0.890132,4,0.9001,4,0.9668,1.0
v3_001751.jpg,video3.mp4,3,1751,70.04,0.890641,0.890641,4,0.9021,4,0.9675,1.15
v3_001753.jpg,video3.mp4,3,1753,70.12,0.891658,0.891658,4,0.9005,4,0.9664,0.88
v3_001754.jpg,video3.mp4,3,1754,70.16,0.892167,0.892167,4,0.9116,4,0.9682,1.94
v3_001756.jpg,video3.mp4,3,1756,70.24,0.893184,0.893184,4,0.9176,4,0.966,2.44
v3_001758.jpg,video3.mp4,3,1758,70.32,0.894201,0.894201,4,0.9028,4,0.9645,0.86
v3_001759.jpg,video3.mp4,3,1759,70.36,0.89471,0.89471,4,0.8846,4,0.9605,1.01
v3_001761.jpg,video3.mp4,3,1761,70.44,0.895727,0.895727,4,0.8976,4,0.969,0.19
v3_001763.jpg,video3.mp4,3,1763,70.52,0.896745,0.896745,4,0.9079,4,0.9646,1.12
v3_001764.jpg,video3.mp4,3,1764,70.56,0.897253,0.897253,4,0.9042,4,0.9623,0.69
v3_001766.jpg,video3.mp4,3,1766,70.64,0.898271,0.898271,4,0.8835,4,0.9613,1.48
v3_001768.jpg,video3.mp4,3,1768,70.72,0.899288,0.899288,4,0.9084,4,0.9604,0.91
v3_001769.jpg,video3.mp4,3,1769,70.76,0.899797,0.899797,4,0.9218,4,0.9621,2.2
v3_001771.jpg,video3.mp4,3,1771,70.84,0.900814,0.900814,4,0.9107,4,0.9642,0.99
v3_001773.jpg,video3.mp4,3,1773,70.92,0.901831,0.901831,4,0.8953,4,0.964,0.65
v3_001774.jpg,video3.mp4,3,1774,70.96,0.90234,0.90234,4,0.8991,4,0.9626,0.32
v3_001776.jpg,video3.mp4,3,1776,71.04,0.903357,0.903357,4,0.8983,4,0.9611,0.51
v3_001777.jpg,video3.mp4,3,1777,71.08,0.903866,0.903866,4,0.9026,4,0.9607,0.13
v3_001779.jpg,video3.mp4,3,1779,71.16,0.904883,0.904883,4,0.9138,4,0.9701,0.89
v3_001781.jpg,video3.mp4,3,1781,71.24,0.9059,0.9059,4,0.9214,4,0.9661,1.55
v3_001782.jpg,video3.mp4,3,1782,71.28,0.906409,0.906409,4,0.924,4,0.9665,1.76
v3_001784.jpg,video3.mp4,3,1784,71.36,0.907426,0.907426,4,0.8879,4,0.9614,1.95
v3_001786.jpg,video3.mp4,3,1786,71.44,0.908444,0.908444,4,0.9055,4,0.9635,0.29
v3_001787.jpg,video3.mp4,3,1787,71.48,0.908952,0.908952,4,0.901,4,0.9652,0.8
v3_001789.jpg,video3.mp4,3,1789,71.56,0.909969,0.909969,4,0.9035,4,0.9621,0.65
v3_001791.jpg,video3.mp4,3,1791,71.64,0.910987,0.910987,4,0.9012,4,0.9647,0.98
v3_001792.jpg,video3.mp4,3,1792,71.68,0.911495,0.911495,4,0.8981,4,0.9631,1.34
v3_001794.jpg,video3.mp4,3,1794,71.76,0.912513,0.912513,4,0.8884,4,0.9607,2.41
v3_001795.jpg,video3.mp4,3,1795,71.8,0.913021,0.913021,4,0.8919,4,0.9621,2.11
v3_001797.jpg,video3.mp4,3,1797,71.88,0.914039,0.914039,4,0.8983,4,0.9635,1.57
v3_001799.jpg,video3.mp4,3,1799,71.96,0.915056,0.915056,4,0.8663,4,0.9478,4.88
v3_001800.jpg,video3.mp4,3,1800,72.0,0.915565,0.915565,4,0.8679,4,0.9517,4.77
v3_001802.jpg,video3.mp4,3,1802,72.08,0.916582,0.916582,4,0.9101,4,0.9591,0.65
v3_001804.jpg,video3.mp4,3,1804,72.16,0.917599,0.917599,4,0.9207,4,0.9602,0.31
v3_001805.jpg,video3.mp4,3,1805,72.2,0.918108,0.918108,4,0.9235,4,0.9628,0.54
v3_001807.jpg,video3.mp4,3,1807,72.28,0.919125,0.919125,4,0.9291,4,0.9624,1.0
v3_001809.jpg,video3.mp4,3,1809,72.36,0.920142,0.920142,4,0.9309,4,0.9671,1.08
v3_001810.jpg,video3.mp4,3,1810,72.4,0.920651,0.920651,4,0.932,4,0.9665,1.13
v3_001812.jpg,video3.mp4,3,1812,72.48,0.921668,0.921668,4,0.923,4,0.9678,0.13
v3_001814.jpg,video3.mp4,3,1814,72.56,0.922686,0.922686,4,0.923,4,0.9657,0.03
v3_001815.jpg,video3.mp4,3,1815,72.6,0.923194,0.923194,4,0.9282,4,0.964,0.5
v3_001817.jpg,video3.mp4,3,1817,72.68,0.924212,0.924212,4,0.9317,4,0.9633,0.75
v3_001818.jpg,video3.mp4,3,1818,72.72,0.92472,0.92472,4,0.936,4,0.9609,1.13
v3_001820.jpg,video3.mp4,3,1820,72.8,0.925738,0.925738,4,0.9239,4,0.9592,0.18
v3_001822.jpg,video3.mp4,3,1822,72.88,0.926755,0.926755,4,0.9151,4,0.955,1.17
v3_001823.jpg,video3.mp4,3,1823,72.92,0.927263,0.927263,4,0.9286,4,0.9551,0.13
v3_001825.jpg,video3.mp4,3,1825,73.0,0.928281,0.928281,4,0.9401,4,0.9566,1.18
v3_001827.jpg,video3.mp4,3,1827,73.08,0.929298,0.929298,4,0.9442,4,0.9567,1.49
v3_001828.jpg,video3.mp4,3,1828,73.12,0.929807,0.929807,4,0.9392,4,0.9553,0.94
v3_001830.jpg,video3.mp4,3,1830,73.2,0.930824,0.930824,4,0.9335,4,0.958,0.27
v3_001832.jpg,video3.mp4,3,1832,73.28,0.931841,0.931841,4,0.9292,4,0.9587,0.26
v3_001833.jpg,video3.mp4,3,1833,73.32,0.93235,0.93235,4,0.927,4,0.9614,0.54
v3_001835.jpg,video3.mp4,3,1835,73.4,0.933367,0.933367,4,0.9274,4,0.964,0.6
v3_001836.jpg,video3.mp4,3,1836,73.44,0.933876,0.933876,4,0.9249,4,0.9626,0.9
v3_001838.jpg,video3.mp4,3,1838,73.52,0.934893,0.934893,4,0.9239,4,0.9664,1.1
v3_001840.jpg,video3.mp4,3,1840,73.6,0.93591,0.93591,4,0.9229,4,0.9647,1.3
v3_001841.jpg,video3.mp4,3,1841,73.64,0.936419,0.936419,4,0.9218,4,0.9646,1.46
v3_001843.jpg,video3.mp4,3,1843,73.72,0.937436,0.937436,4,0.9205,4,0.9635,1.69
v3_001845.jpg,video3.mp4,3,1845,73.8,0.938454,0.938454,4,0.9175,4,0.9613,2.1
v3_001846.jpg,video3.mp4,3,1846,73.84,0.938962,0.938962,4,0.9132,4,0.9623,2.58
v3_001848.jpg,video3.mp4,3,1848,73.92,0.93998,0.93998,4,0.9249,4,0.9624,1.51
v3_001850.jpg,video3.mp4,3,1850,74.0,0.940997,0.940997,4,0.9353,4,0.9614,0.57
v3_001851.jpg,video3.mp4,3,1851,74.04,0.941506,0.941506,4,0.9339,4,0.9617,0.76
v3_001853.jpg,video3.mp4,3,1853,74.12,0.942523,0.942523,4,0.9303,4,0.9626,1.22
v3_001855.jpg,video3.mp4,3,1855,74.2,0.94354,0.94354,4,0.9339,4,0.9617,0.96
v3_001856.jpg,video3.mp4,3,1856,74.24,0.944049,0.944049,4,0.9343,4,0.9612,0.97
v3_001858.jpg,video3.mp4,3,1858,74.32,0.945066,0.945066,4,0.9302,4,0.9608,1.49
v3_001859.jpg,video3.mp4,3,1859,74.36,0.945575,0.945575,4,0.9404,4,0.9616,0.52
v3_001861.jpg,video3.mp4,3,1861,74.44,0.946592,0.946592,4,0.9388,4,0.9623,0.78
v3_001863.jpg,video3.mp4,3,1863,74.52,0.947609,0.947609,4,0.9388,4,0.9606,0.88
v3_001864.jpg,video3.mp4,3,1864,74.56,0.948118,0.948118,4,0.9423,4,0.96,0.58
v3_001866.jpg,video3.mp4,3,1866,74.64,0.949135,0.949135,4,0.9368,4,0.962,1.23
v3_001868.jpg,video3.mp4,3,1868,74.72,0.950153,0.950153,4,0.9386,4,0.961,1.16
v3_001869.jpg,video3.mp4,3,1869,74.76,0.950661,0.950661,4,0.9435,4,0.9617,0.72
v3_001871.jpg,video3.mp4,3,1871,74.84,0.951679,0.951679,4,0.9445,4,0.9609,0.72
v3_001873.jpg,video3.mp4,3,1873,74.92,0.952696,0.952696,4,0.9357,4,0.9584,1.7
v3_001874.jpg,video3.mp4,3,1874,74.96,0.953204,0.953204,4,0.934,4,0.9588,1.92
v3_001876.jpg,video3.mp4,3,1876,75.04,0.954222,0.954222,4,0.9308,4,0.9581,2.34
v3_001877.jpg,video3.mp4,3,1877,75.08,0.95473,0.95473,4,0.931,4,0.9596,2.37
v3_001879.jpg,video3.mp4,3,1879,75.16,0.955748,0.955748,4,0.939,4,0.9578,1.67
v3_001881.jpg,video3.mp4,3,1881,75.24,0.956765,0.956765,4,0.9301,4,0.9595,2.67
v3_001882.jpg,video3.mp4,3,1882,75.28,0.957274,0.957274,4,0.937,4,0.9584,2.03
v3_001884.jpg,video3.mp4,3,1884,75.36,0.958291,0.958291,4,0.9526,4,0.9641,0.57
v3_001886.jpg,video3.mp4,3,1886,75.44,0.959308,0.959308,4,0.9582,4,0.9637,0.11
v3_001887.jpg,video3.mp4,3,1887,75.48,0.959817,0.959817,4,0.9629,4,0.9646,0.31
v3_001889.jpg,video3.mp4,3,1889,75.56,0.960834,0.960834,4,0.9554,4,0.9591,0.54
v3_001891.jpg,video3.mp4,3,1891,75.64,0.961851,0.961851,4,0.9605,4,0.9611,0.14
v3_001892.jpg,video3.mp4,3,1892,75.68,0.96236,0.96236,4,0.9632,4,0.9642,0.08
v3_001894.jpg,video3.mp4,3,1894,75.76,0.963377,0.963377,4,0.9721,4,0.9673,0.87
v3_001895.jpg,video3.mp4,3,1895,75.8,0.963886,0.963886,4,0.9747,4,0.9683,1.08
v3_001897.jpg,video3.mp4,3,1897,75.88,0.964903,0.964903,4,0.9735,4,0.9682,0.86
v3_001899.jpg,video3.mp4,3,1899,75.96,0.965921,0.965921,4,0.9727,4,0.9686,0.68
v3_001900.jpg,video3.mp4,3,1900,76.0,0.966429,0.966429,4,0.9739,4,0.9695,0.75
v3_001902.jpg,video3.mp4,3,1902,76.08,0.967447,0.967447,4,0.9741,4,0.9698,0.67
v3_001904.jpg,video3.mp4,3,1904,76.16,0.968464,0.968464,4,0.9791,4,0.9757,1.06
v3_001905.jpg,video3.mp4,3,1905,76.2,0.968973,0.968973,4,0.9794,4,0.9761,1.04
v3_001907.jpg,video3.mp4,3,1907,76.28,0.96999,0.96999,4,0.9828,4,0.9753,1.28
v3_001909.jpg,video3.mp4,3,1909,76.36,0.971007,0.971007,4,0.983,4,0.9747,1.2
v3_001910.jpg,video3.mp4,3,1910,76.4,0.971516,0.971516,4,0.9833,4,0.9737,1.18
v3_001912.jpg,video3.mp4,3,1912,76.48,0.972533,0.972533,4,0.9813,4,0.968,0.88
v3_001914.jpg,video3.mp4,3,1914,76.56,0.97355,0.97355,4,0.9812,4,0.969,0.76
v3_001915.jpg,video3.mp4,3,1915,76.6,0.974059,0.974059,4,0.9829,4,0.9716,0.88
v3_001917.jpg,video3.mp4,3,1917,76.68,0.975076,0.975076,4,0.977,4,0.9695,0.19
v3_001918.jpg,video3.mp4,3,1918,76.72,0.975585,0.975585,4,0.9766,4,0.9608,0.1
v3_001920.jpg,video3.mp4,3,1920,76.8,0.976602,0.976602,4,0.981,4,0.9534,0.44
v3_001922.jpg,video3.mp4,3,1922,76.88,0.97762,0.97762,4,0.9821,4,0.9544,0.45
v3_001923.jpg,video3.mp4,3,1923,76.92,0.978128,0.978128,4,0.9815,4,0.9557,0.34
v3_001925.jpg,video3.mp4,3,1925,77.0,0.979145,0.979145,4,0.9814,4,0.9538,0.23
v3_001927.jpg,video3.mp4,3,1927,77.08,0.980163,0.980163,4,0.9822,4,0.9546,0.2
v3_001928.jpg,video3.mp4,3,1928,77.12,0.980671,0.980671,4,0.9835,4,0.9563,0.28
v3_001930.jpg,video3.mp4,3,1930,77.2,0.981689,0.981689,4,0.9818,4,0.9524,0.01
v3_001932.jpg,video3.mp4,3,1932,77.28,0.982706,0.982706,4,0.981,4,0.9542,0.17
v3_001933.jpg,video3.mp4,3,1933,77.32,0.983215,0.983215,4,0.9805,4,0.9524,0.27
v3_001935.jpg,video3.mp4,3,1935,77.4,0.984232,0.984232,4,0.9807,4,0.9523,0.35
v3_001936.jpg,video3.mp4,3,1936,77.44,0.984741,0.984741,4,0.9819,4,0.9568,0.28
v3_001938.jpg,video3.mp4,3,1938,77.52,0.985758,0.985758,4,0.9802,4,0.9508,0.56
v3_001940.jpg,video3.mp4,3,1940,77.6,0.986775,0.986775,4,0.9775,4,0.9485,0.93
v3_001941.jpg,video3.mp4,3,1941,77.64,0.987284,0.987284,4,0.9781,4,0.9496,0.92
v3_001943.jpg,video3.mp4,3,1943,77.72,0.988301,0.988301,4,0.9804,4,0.9535,0.79
v3_001945.jpg,video3.mp4,3,1945,77.8,0.989318,0.989318,4,0.98,4,0.9531,0.93
v3_001946.jpg,video3.mp4,3,1946,77.84,0.989827,0.989827,4,0.9798,4,0.9561,1.0
v3_001948.jpg,video3.mp4,3,1948,77.92,0.990844,0.990844,4,0.9789,4,0.9536,1.19
v3_001950.jpg,video3.mp4,3,1950,78.0,0.991862,0.991862,4,0.9768,4,0.9556,1.51
v3_001951.jpg,video3.mp4,3,1951,78.04,0.99237,0.99237,4,0.9778,4,0.9539,1.46
v3_001953.jpg,video3.mp4,3,1953,78.12,0.993388,0.993388,4,0.9801,4,0.9566,1.33
v3_001955.jpg,video3.mp4,3,1955,78.2,0.994405,0.994405,4,0.9819,4,0.9615,1.25
v3_001956.jpg,video3.mp4,3,1956,78.24,0.994914,0.994914,4,0.9806,4,0.959,1.43
v3_001958.jpg,video3.mp4,3,1958,78.32,0.995931,0.995931,4,0.9807,4,0.9579,1.52
v3_001959.jpg,video3.mp4,3,1959,78.36,0.996439,0.996439,4,0.9807,4,0.9579,1.57
v3_001961.jpg,video3.mp4,3,1961,78.44,0.997457,0.997457,4,0.981,4,0.9563,1.65
v3_001963.jpg,video3.mp4,3,1963,78.52,0.998474,0.998474,4,0.9803,4,0.9568,1.82
v3_001964.jpg,video3.mp4,3,1964,78.56,0.998983,0.998983,4,0.9793,4,0.9538,1.97
v3_001966.jpg,video3.mp4,3,1966,78.64,1.0,1.0,4,0.9786,4,0.951,2.14
v4_000000.jpg,video4.mp4,4,0,0.0,0.0,0.0,0,0.0388,0,0.9723,3.88
v4_000001.jpg,video4.mp4,4,1,0.04,0.000917,0.000917,0,0.0395,0,0.9716,3.86
v4_000002.jpg,video4.mp4,4,2,0.08,0.001833,0.001833,0,0.0396,0,0.9716,3.78
v4_000003.jpg,video4.mp4,4,3,0.12,0.00275,0.00275,0,0.0515,0,0.9678,4.88
v4_000004.jpg,video4.mp4,4,4,0.16,0.003666,0.003666,0,0.0515,0,0.9677,4.78
v4_000005.jpg,video4.mp4,4,5,0.2,0.004583,0.004583,0,0.0402,0,0.9703,3.56
v4_000006.jpg,video4.mp4,4,6,0.24,0.0055,0.0055,0,0.0404,0,0.9698,3.49
v4_000007.jpg,video4.mp4,4,7,0.28,0.006416,0.006416,0,0.0433,0,0.9775,3.69
v4_000008.jpg,video4.mp4,4,8,0.32,0.007333,0.007333,0,0.0423,0,0.9779,3.5
v4_000009.jpg,video4.mp4,4,9,0.36,0.008249,0.008249,0,0.0459,0,0.9654,3.77
v4_000010.jpg,video4.mp4,4,10,0.4,0.009166,0.009166,0,0.0451,0,0.9667,3.59
v4_000011.jpg,video4.mp4,4,11,0.44,0.010082,0.010082,0,0.0475,0,0.9698,3.74
v4_000012.jpg,video4.mp4,4,12,0.48,0.010999,0.010999,0,0.0476,0,0.9701,3.66
v4_000013.jpg,video4.mp4,4,13,0.52,0.011916,0.011916,0,0.0413,0,0.9755,2.94
v4_000014.jpg,video4.mp4,4,14,0.56,0.012832,0.012832,0,0.0446,0,0.9749,3.18
v4_000015.jpg,video4.mp4,4,15,0.6,0.013749,0.013749,0,0.0569,0,0.9602,4.32
v4_000016.jpg,video4.mp4,4,16,0.64,0.014665,0.014665,0,0.0582,0,0.9605,4.35
v4_000017.jpg,video4.mp4,4,17,0.68,0.015582,0.015582,0,0.0454,0,0.9682,2.98
v4_000018.jpg,video4.mp4,4,18,0.72,0.016499,0.016499,0,0.0442,0,0.9689,2.77
v4_000019.jpg,video4.mp4,4,19,0.76,0.017415,0.017415,0,0.0548,0,0.964,3.74
v4_000020.jpg,video4.mp4,4,20,0.8,0.018332,0.018332,0,0.0517,0,0.9664,3.34
v4_000021.jpg,video4.mp4,4,21,0.84,0.019248,0.019248,0,0.0513,0,0.9697,3.21
v4_000022.jpg,video4.mp4,4,22,0.88,0.020165,0.020165,0,0.0515,0,0.9697,3.13
v4_000023.jpg,video4.mp4,4,23,0.92,0.021082,0.021082,0,0.0525,0,0.9706,3.14
v4_000024.jpg,video4.mp4,4,24,0.96,0.021998,0.021998,0,0.0471,0,0.9723,2.51
v4_000025.jpg,video4.mp4,4,25,1.0,0.022915,0.022915,0,0.0569,0,0.9705,3.4
v4_000026.jpg,video4.mp4,4,26,1.04,0.023831,0.023831,0,0.0585,0,0.9707,3.47
v4_000027.jpg,video4.mp4,4,27,1.08,0.024748,0.024748,0,0.0578,0,0.9712,3.31
v4_000028.jpg,video4.mp4,4,28,1.12,0.025665,0.025665,0,0.0554,0,0.9662,2.97
v4_000029.jpg,video4.mp4,4,29,1.16,0.026581,0.026581,0,0.0557,0,0.9653,2.91
v4_000030.jpg,video4.mp4,4,30,1.2,0.027498,0.027498,0,0.0523,0,0.9689,2.48
v4_000031.jpg,video4.mp4,4,31,1.24,0.028414,0.028414,0,0.0502,0,0.9694,2.18
v4_000032.jpg,video4.mp4,4,32,1.28,0.029331,0.029331,0,0.0433,0,0.9726,1.4
v4_000033.jpg,video4.mp4,4,33,1.32,0.030247,0.030247,0,0.0459,0,0.9706,1.57
v4_000034.jpg,video4.mp4,4,34,1.36,0.031164,0.031164,0,0.0493,0,0.9634,1.81
v4_000035.jpg,video4.mp4,4,35,1.4,0.032081,0.032081,0,0.0507,0,0.9637,1.86
v4_000036.jpg,video4.mp4,4,36,1.44,0.032997,0.032997,0,0.0441,0,0.9625,1.11
v4_000037.jpg,video4.mp4,4,37,1.48,0.033914,0.033914,0,0.0448,0,0.963,1.09
v4_000038.jpg,video4.mp4,4,38,1.52,0.03483,0.03483,0,0.0607,0,0.952,2.59
v4_000039.jpg,video4.mp4,4,39,1.56,0.035747,0.035747,0,0.0652,0,0.9494,2.95
v4_000040.jpg,video4.mp4,4,40,1.6,0.036664,0.036664,0,0.0473,0,0.9745,1.06
v4_000041.jpg,video4.mp4,4,41,1.64,0.03758,0.03758,0,0.0471,0,0.9738,0.95
v4_000042.jpg,video4.mp4,4,42,1.68,0.038497,0.038497,0,0.0394,0,0.9747,0.09
v4_000043.jpg,video4.mp4,4,43,1.72,0.039413,0.039413,0,0.0405,0,0.9747,0.11
v4_000044.jpg,video4.mp4,4,44,1.76,0.04033,0.04033,0,0.0757,0,0.9565,3.54
v4_000045.jpg,video4.mp4,4,45,1.8,0.041247,0.041247,0,0.0685,0,0.9551,2.73
v4_000046.jpg,video4.mp4,4,46,1.84,0.042163,0.042163,0,0.04,0,0.9661,0.22
v4_000047.jpg,video4.mp4,4,47,1.88,0.04308,0.04308,0,0.0416,0,0.9646,0.15
v4_000048.jpg,video4.mp4,4,48,1.92,0.043996,0.043996,0,0.0682,0,0.9681,2.42
v4_000049.jpg,video4.mp4,4,49,1.96,0.044913,0.044913,0,0.0704,0,0.9678,2.55
v4_000050.jpg,video4.mp4,4,50,2.0,0.04583,0.04583,0,0.0362,0,0.9724,0.96
v4_000051.jpg,video4.mp4,4,51,2.04,0.046746,0.046746,0,0.0362,0,0.973,1.05
v4_000052.jpg,video4.mp4,4,52,2.08,0.047663,0.047663,0,0.0368,0,0.9724,1.09
v4_000053.jpg,video4.mp4,4,53,2.12,0.048579,0.048579,0,0.0341,0,0.9751,1.45
v4_000054.jpg,video4.mp4,4,54,2.16,0.049496,0.049496,0,0.0351,0,0.9733,1.44
v4_000055.jpg,video4.mp4,4,55,2.2,0.050412,0.050412,0,0.0359,0,0.9692,1.45
v4_000056.jpg,video4.mp4,4,56,2.24,0.051329,0.051329,0,0.0368,0,0.9685,1.45
v4_000057.jpg,video4.mp4,4,57,2.28,0.052246,0.052246,0,0.0385,0,0.9725,1.37
v4_000058.jpg,video4.mp4,4,58,2.32,0.053162,0.053162,0,0.0377,0,0.9743,1.55
v4_000059.jpg,video4.mp4,4,59,2.36,0.054079,0.054079,0,0.0676,0,0.9647,1.35
v4_000060.jpg,video4.mp4,4,60,2.4,0.054995,0.054995,0,0.0667,0,0.9654,1.17
v4_000061.jpg,video4.mp4,4,61,2.44,0.055912,0.055912,0,0.0322,0,0.9658,2.37
v4_000062.jpg,video4.mp4,4,62,2.48,0.056829,0.056829,0,0.0316,0,0.9664,2.52
v4_000063.jpg,video4.mp4,4,63,2.52,0.057745,0.057745,0,0.0422,0,0.9664,1.55
v4_000064.jpg,video4.mp4,4,64,2.56,0.058662,0.058662,0,0.043,0,0.967,1.57
v4_000065.jpg,video4.mp4,4,65,2.6,0.059578,0.059578,0,0.0457,0,0.9719,1.39
v4_000066.jpg,video4.mp4,4,66,2.64,0.060495,0.060495,0,0.0472,0,0.9716,1.33
v4_000067.jpg,video4.mp4,4,67,2.68,0.061412,0.061412,0,0.0378,0,0.9583,2.36
v4_000068.jpg,video4.mp4,4,68,2.72,0.062328,0.062328,0,0.0394,0,0.9577,2.29
v4_000069.jpg,video4.mp4,4,69,2.76,0.063245,0.063245,0,0.0546,0,0.9536,0.86
v4_000070.jpg,video4.mp4,4,70,2.8,0.064161,0.064161,0,0.055,0,0.9535,0.92
v4_000071.jpg,video4.mp4,4,71,2.84,0.065078,0.065078,0,0.0441,0,0.9532,2.1
v4_000072.jpg,video4.mp4,4,72,2.88,0.065995,0.065995,0,0.0438,0,0.9506,2.22
v4_000073.jpg,video4.mp4,4,73,2.92,0.066911,0.066911,0,0.0749,0,0.955,0.8
v4_000074.jpg,video4.mp4,4,74,2.96,0.067828,0.067828,0,0.0729,0,0.9552,0.51
v4_000075.jpg,video4.mp4,4,75,3.0,0.068744,0.068744,0,0.0768,0,0.952,0.81
v4_000076.jpg,video4.mp4,4,76,3.04,0.069661,0.069661,0,0.0766,0,0.9509,0.69
v4_000077.jpg,video4.mp4,4,77,3.08,0.070577,0.070577,0,0.0778,0,0.9512,0.72
v4_000078.jpg,video4.mp4,4,78,3.12,0.071494,0.071494,0,0.0381,0,0.9673,3.34
v4_000079.jpg,video4.mp4,4,79,3.16,0.072411,0.072411,0,0.0385,0,0.9665,3.39
v4_000080.jpg,video4.mp4,4,80,3.2,0.073327,0.073327,0,0.0598,0,0.9557,1.35
v4_000081.jpg,video4.mp4,4,81,3.24,0.074244,0.074244,0,0.0595,0,0.9563,1.47
v4_000082.jpg,video4.mp4,4,82,3.28,0.07516,0.07516,0,0.0873,0,0.9601,1.21
v4_000083.jpg,video4.mp4,4,83,3.32,0.076077,0.076077,0,0.0866,0,0.9589,1.05
v4_000084.jpg,video4.mp4,4,84,3.36,0.076994,0.076994,0,0.0711,0,0.9561,0.59
v4_000085.jpg,video4.mp4,4,85,3.4,0.07791,0.07791,0,0.0747,0,0.9567,0.32
v4_000086.jpg,video4.mp4,4,86,3.44,0.078827,0.078827,0,0.0547,0,0.9531,2.41
v4_000087.jpg,video4.mp4,4,87,3.48,0.079743,0.079743,0,0.0504,0,0.9558,2.93
v4_000088.jpg,video4.mp4,4,88,3.52,0.08066,0.08066,0,0.0476,0,0.9596,3.31
v4_000089.jpg,video4.mp4,4,89,3.56,0.081577,0.081577,0,0.0479,0,0.9595,3.37
v4_000090.jpg,video4.mp4,4,90,3.6,0.082493,0.082493,0,0.067,0,0.95,1.55
v4_000091.jpg,video4.mp4,4,91,3.64,0.08341,0.08341,0,0.0678,0,0.9484,1.56
v4_000092.jpg,video4.mp4,4,92,3.68,0.084326,0.084326,0,0.0912,0,0.953,0.69
v4_000093.jpg,video4.mp4,4,93,3.72,0.085243,0.085243,0,0.0894,0,0.9541,0.42
v4_000094.jpg,video4.mp4,4,94,3.76,0.086159,0.086159,0,0.0608,0,0.9592,2.54
v4_000095.jpg,video4.mp4,4,95,3.8,0.087076,0.087076,0,0.0602,0,0.9613,2.69
v4_000096.jpg,video4.mp4,4,96,3.84,0.087993,0.087993,0,0.0897,0,0.9457,0.17
v4_000097.jpg,video4.mp4,4,97,3.88,0.088909,0.088909,0,0.088,0,0.9454,0.09
v4_000098.jpg,video4.mp4,4,98,3.92,0.089826,0.089826,0,0.1063,0,0.9498,1.65
v4_000099.jpg,video4.mp4,4,99,3.96,0.090742,0.090742,0,0.1066,0,0.9493,1.59
v4_000100.jpg,video4.mp4,4,100,4.0,0.091659,0.091659,0,0.065,0,0.9618,2.67
v4_000101.jpg,video4.mp4,4,101,4.04,0.092576,0.092576,0,0.0715,0,0.959,2.11
v4_000102.jpg,video4.mp4,4,102,4.08,0.093492,0.093492,0,0.0701,0,0.9589,2.34
v4_000103.jpg,video4.mp4,4,103,4.12,0.094409,0.094409,0,0.0978,0,0.964,0.34
v4_000104.jpg,video4.mp4,4,104,4.16,0.095325,0.095325,0,0.0962,0,0.9642,0.09
v4_000105.jpg,video4.mp4,4,105,4.2,0.096242,0.096242,0,0.0726,0,0.9476,2.36
v4_000106.jpg,video4.mp4,4,106,4.24,0.097159,0.097159,0,0.0726,0,0.9481,2.46
v4_000107.jpg,video4.mp4,4,107,4.28,0.098075,0.098075,0,0.0747,0,0.9486,2.34
v4_000108.jpg,video4.mp4,4,108,4.32,0.098992,0.098992,0,0.0746,0,0.9492,2.44
v4_000109.jpg,video4.mp4,4,109,4.36,0.099908,0.099908,0,0.0879,0,0.952,1.2
v4_000110.jpg,video4.mp4,4,110,4.4,0.100825,0.100825,0,0.0859,0,0.9505,1.49
v4_000111.jpg,video4.mp4,4,111,4.44,0.101742,0.101742,0,0.116,0,0.9266,1.43
v4_000112.jpg,video4.mp4,4,112,4.48,0.102658,0.102658,0,0.1122,0,0.9226,0.95
v4_000113.jpg,video4.mp4,4,113,4.52,0.103575,0.103575,0,0.0766,0,0.9423,2.7
v4_000114.jpg,video4.mp4,4,114,4.56,0.104491,0.104491,0,0.0768,0,0.9436,2.77
v4_000115.jpg,video4.mp4,4,115,4.6,0.105408,0.105408,0,0.0648,0,0.9564,4.06
v4_000116.jpg,video4.mp4,4,116,4.64,0.106324,0.106324,0,0.0644,0,0.9565,4.19
v4_000117.jpg,video4.mp4,4,117,4.68,0.107241,0.107241,0,0.0855,0,0.9396,2.17
v4_000118.jpg,video4.mp4,4,118,4.72,0.108158,0.108158,0,0.0894,0,0.9389,1.88
v4_000119.jpg,video4.mp4,4,119,4.76,0.109074,0.109074,0,0.0697,0,0.9591,3.94
v4_000120.jpg,video4.mp4,4,120,4.8,0.109991,0.109991,0,0.074,0,0.9598,3.6
v4_000121.jpg,video4.mp4,4,121,4.84,0.110907,0.110907,0,0.0728,0,0.9586,3.81
v4_000122.jpg,video4.mp4,4,122,4.88,0.111824,0.111824,0,0.0699,0,0.9585,4.19
v4_000123.jpg,video4.mp4,4,123,4.92,0.112741,0.112741,0,0.134,0,0.9363,2.13
v4_000124.jpg,video4.mp4,4,124,4.96,0.113657,0.113657,0,0.1343,0,0.9359,2.06
v4_000125.jpg,video4.mp4,4,125,5.0,0.114574,0.114574,0,0.1004,0,0.9436,1.42
v4_000126.jpg,video4.mp4,4,126,5.04,0.11549,0.11549,0,0.0921,0,0.9441,2.34
v4_000127.jpg,video4.mp4,4,127,5.08,0.116407,0.116407,0,0.1013,0,0.9405,1.51
v4_000128.jpg,video4.mp4,4,128,5.12,0.117324,0.117324,0,0.0948,0,0.9356,2.25
v4_000129.jpg,video4.mp4,4,129,5.16,0.11824,0.11824,0,0.0947,0,0.9354,2.35
v4_000130.jpg,video4.mp4,4,130,5.2,0.119157,0.119157,0,0.1185,0,0.9369,0.07
v4_000131.jpg,video4.mp4,4,131,5.24,0.120073,0.120073,0,0.1204,0,0.9354,0.03
v4_000132.jpg,video4.mp4,4,132,5.28,0.12099,0.12099,0,0.0797,0,0.9431,4.13
v4_000133.jpg,video4.mp4,4,133,5.32,0.121907,0.121907,0,0.1065,0,0.9544,1.54
v4_000134.jpg,video4.mp4,4,134,5.36,0.122823,0.122823,0,0.1067,0,0.955,1.61
v4_000135.jpg,video4.mp4,4,135,5.4,0.12374,0.12374,0,0.104,0,0.955,1.97
v4_000136.jpg,video4.mp4,4,136,5.44,0.124656,0.124656,0,0.1219,0,0.9545,0.28
v4_000137.jpg,video4.mp4,4,137,5.48,0.125573,0.125573,0,0.1243,0,0.9552,0.13
v4_000138.jpg,video4.mp4,4,138,5.52,0.126489,0.126489,0,0.1288,0,0.9587,0.23
v4_000139.jpg,video4.mp4,4,139,5.56,0.127406,0.127406,0,0.1158,0,0.9571,1.16
v4_000140.jpg,video4.mp4,4,140,5.6,0.128323,0.128323,0,0.1372,0,0.9322,0.89
v4_000141.jpg,video4.mp4,4,141,5.64,0.129239,0.129239,0,0.1368,0,0.9351,0.76
v4_000142.jpg,video4.mp4,4,142,5.68,0.130156,0.130156,0,0.1304,0,0.9476,0.02
v4_000143.jpg,video4.mp4,4,143,5.72,0.131072,0.131072,0,0.1307,0,0.946,0.04
v4_000144.jpg,video4.mp4,4,144,5.76,0.131989,0.131989,0,0.132,0,0.955,0.0
v4_000145.jpg,video4.mp4,4,145,5.8,0.132906,0.132906,0,0.1342,0,0.9539,0.13
v4_000146.jpg,video4.mp4,4,146,5.84,0.133822,0.133822,0,0.1333,0,0.9475,0.05
v4_000147.jpg,video4.mp4,4,147,5.88,0.134739,0.134739,0,0.1316,0,0.9485,0.31
v4_000148.jpg,video4.mp4,4,148,5.92,0.135655,0.135655,0,0.1032,0,0.9566,3.25
v4_000149.jpg,video4.mp4,4,149,5.96,0.136572,0.136572,0,0.1059,0,0.9563,3.07
v4_000150.jpg,video4.mp4,4,150,6.0,0.137489,0.137489,0,0.1542,0,0.9224,1.67
v4_000151.jpg,video4.mp4,4,151,6.04,0.138405,0.138405,0,0.1552,0,0.9195,1.68
v4_000152.jpg,video4.mp4,4,152,6.08,0.139322,0.139322,0,0.1533,0,0.8738,1.4
v4_000153.jpg,video4.mp4,4,153,6.12,0.140238,0.140238,0,0.153,0,0.8788,1.28
v4_000154.jpg,video4.mp4,4,154,6.16,0.141155,0.141155,0,0.1515,0,0.9193,1.03
v4_000155.jpg,video4.mp4,4,155,6.2,0.142071,0.142071,0,0.151,0,0.9204,0.89
v4_000156.jpg,video4.mp4,4,156,6.24,0.142988,0.142988,0,0.1405,0,0.7869,0.25
v4_000157.jpg,video4.mp4,4,157,6.28,0.143905,0.143905,0,0.1412,0,0.772,0.27
v4_000158.jpg,video4.mp4,4,158,6.32,0.144821,0.144821,0,0.1518,0,0.8981,0.7
v4_000159.jpg,video4.mp4,4,159,6.36,0.145738,0.145738,0,0.1494,0,0.8831,0.37
v4_000160.jpg,video4.mp4,4,160,6.4,0.146654,0.146654,0,0.1498,0,0.8961,0.31
v4_000161.jpg,video4.mp4,4,161,6.44,0.147571,0.147571,0,0.1421,0,0.8479,0.55
v4_000162.jpg,video4.mp4,4,162,6.48,0.148488,0.148488,0,0.1415,0,0.8625,0.7
v4_000163.jpg,video4.mp4,4,163,6.52,0.149404,0.149404,0,0.1695,1,0.4815,2.01
v4_000164.jpg,video4.mp4,4,164,6.56,0.150321,0.150321,1,0.1669,0,0.7263,1.66
v4_000165.jpg,video4.mp4,4,165,6.6,0.151237,0.151237,1,0.1412,1,0.6753,1.0
v4_000166.jpg,video4.mp4,4,166,6.64,0.152154,0.152154,1,0.1405,1,0.6938,1.17
v4_000167.jpg,video4.mp4,4,167,6.68,0.153071,0.153071,1,0.1621,1,0.9155,0.9
v4_000168.jpg,video4.mp4,4,168,6.72,0.153987,0.153987,1,0.16,1,0.9167,0.6
v4_000169.jpg,video4.mp4,4,169,6.76,0.154904,0.154904,1,0.1598,1,0.8809,0.49
v4_000170.jpg,video4.mp4,4,170,6.8,0.15582,0.15582,1,0.1512,1,0.8337,0.46
v4_000171.jpg,video4.mp4,4,171,6.84,0.156737,0.156737,1,0.1668,1,0.9742,1.01
v4_000172.jpg,video4.mp4,4,172,6.88,0.157654,0.157654,1,0.1667,1,0.9742,0.9
v4_000173.jpg,video4.mp4,4,173,6.92,0.15857,0.15857,1,0.1587,1,0.9578,0.01
v4_000174.jpg,video4.mp4,4,174,6.96,0.159487,0.159487,1,0.1606,1,0.9638,0.11
v4_000175.jpg,video4.mp4,4,175,7.0,0.160403,0.160403,1,0.1566,1,0.9771,0.38
v4_000176.jpg,video4.mp4,4,176,7.04,0.16132,0.16132,1,0.1566,1,0.9758,0.47
v4_000177.jpg,video4.mp4,4,177,7.08,0.162236,0.162236,1,0.1863,1,0.9674,2.41
v4_000178.jpg,video4.mp4,4,178,7.12,0.163153,0.163153,1,0.1876,1,0.9681,2.44
v4_000179.jpg,video4.mp4,4,179,7.16,0.16407,0.16407,1,0.1616,1,0.9851,0.25
v4_000180.jpg,video4.mp4,4,180,7.2,0.164986,0.164986,1,0.1645,1,0.9808,0.05
v4_000181.jpg,video4.mp4,4,181,7.24,0.165903,0.165903,1,0.1941,1,0.9719,2.82
v4_000182.jpg,video4.mp4,4,182,7.28,0.166819,0.166819,1,0.1937,1,0.9722,2.69
v4_000183.jpg,video4.mp4,4,183,7.32,0.167736,0.167736,1,0.1653,1,0.9822,0.24
v4_000184.jpg,video4.mp4,4,184,7.36,0.168653,0.168653,1,0.166,1,0.9825,0.27
v4_000185.jpg,video4.mp4,4,185,7.4,0.169569,0.169569,1,0.1658,1,0.9834,0.38
v4_000186.jpg,video4.mp4,4,186,7.44,0.170486,0.170486,1,0.1658,1,0.9772,0.47
v4_000187.jpg,video4.mp4,4,187,7.48,0.171402,0.171402,1,0.1654,1,0.9799,0.6
v4_000188.jpg,video4.mp4,4,188,7.52,0.172319,0.172319,1,0.1807,1,0.9731,0.84
v4_000189.jpg,video4.mp4,4,189,7.56,0.173236,0.173236,1,0.1777,1,0.9686,0.45
v4_000190.jpg,video4.mp4,4,190,7.6,0.174152,0.174152,1,0.1796,1,0.9794,0.54
v4_000191.jpg,video4.mp4,4,191,7.64,0.175069,0.175069,1,0.1814,1,0.9791,0.63
v4_000192.jpg,video4.mp4,4,192,7.68,0.175985,0.175985,1,0.1927,1,0.9613,1.67
v4_000193.jpg,video4.mp4,4,193,7.72,0.176902,0.176902,1,0.1933,1,0.9596,1.64
v4_000194.jpg,video4.mp4,4,194,7.76,0.177819,0.177819,1,0.1972,1,0.9785,1.94
v4_000195.jpg,video4.mp4,4,195,7.8,0.178735,0.178735,1,0.1941,1,0.9791,1.54
v4_000196.jpg,video4.mp4,4,196,7.84,0.179652,0.179652,1,0.2079,1,0.9729,2.82
v4_000197.jpg,video4.mp4,4,197,7.88,0.180568,0.180568,1,0.2087,1,0.9723,2.81
v4_000198.jpg,video4.mp4,4,198,7.92,0.181485,0.181485,1,0.2011,1,0.9774,1.96
v4_000199.jpg,video4.mp4,4,199,7.96,0.182401,0.182401,1,0.198,1,0.9796,1.56
v4_000200.jpg,video4.mp4,4,200,8.0,0.183318,0.183318,1,0.173,1,0.9878,1.03
v4_000201.jpg,video4.mp4,4,201,8.04,0.184235,0.184235,1,0.1759,1,0.9871,0.83
v4_000202.jpg,video4.mp4,4,202,8.08,0.185151,0.185151,1,0.1981,1,0.9809,1.29
v4_000203.jpg,video4.mp4,4,203,8.12,0.186068,0.186068,1,0.1993,1,0.9808,1.32
v4_000204.jpg,video4.mp4,4,204,8.16,0.186984,0.186984,1,0.1657,1,0.9663,2.13
v4_000205.jpg,video4.mp4,4,205,8.2,0.187901,0.187901,1,0.1652,1,0.9672,2.27
v4_000206.jpg,video4.mp4,4,206,8.24,0.188818,0.188818,1,0.1792,1,0.9495,0.96
v4_000207.jpg,video4.mp4,4,207,8.28,0.189734,0.189734,1,0.1828,1,0.9558,0.69
v4_000208.jpg,video4.mp4,4,208,8.32,0.190651,0.190651,1,0.1869,1,0.9676,0.38
v4_000209.jpg,video4.mp4,4,209,8.36,0.191567,0.191567,1,0.1819,1,0.9711,0.97
v4_000210.jpg,video4.mp4,4,210,8.4,0.192484,0.192484,1,0.1855,1,0.9703,0.7
v4_000211.jpg,video4.mp4,4,211,8.44,0.193401,0.193401,1,0.2086,1,0.9769,1.52
v4_000212.jpg,video4.mp4,4,212,8.48,0.194317,0.194317,1,0.2093,1,0.9765,1.5
v4_000213.jpg,video4.mp4,4,213,8.52,0.195234,0.195234,1,0.1993,1,0.9755,0.41
v4_000214.jpg,video4.mp4,4,214,8.56,0.19615,0.19615,1,0.1957,1,0.977,0.04
v4_000215.jpg,video4.mp4,4,215,8.6,0.197067,0.197067,1,0.2005,1,0.9773,0.34
v4_000216.jpg,video4.mp4,4,216,8.64,0.197984,0.197984,1,0.2001,1,0.9783,0.21
v4_000217.jpg,video4.mp4,4,217,8.68,0.1989,0.1989,1,0.2291,1,0.9598,3.02
v4_000218.jpg,video4.mp4,4,218,8.72,0.199817,0.199817,1,0.2271,1,0.9591,2.73
v4_000219.jpg,video4.mp4,4,219,8.76,0.200733,0.200733,1,0.1936,1,0.9805,0.71
v4_000220.jpg,video4.mp4,4,220,8.8,0.20165,0.20165,1,0.1914,1,0.9828,1.02
v4_000221.jpg,video4.mp4,4,221,8.84,0.202566,0.202566,1,0.1908,1,0.9731,1.18
v4_000222.jpg,video4.mp4,4,222,8.88,0.203483,0.203483,1,0.1906,1,0.9736,1.29
v4_000223.jpg,video4.mp4,4,223,8.92,0.2044,0.2044,1,0.1894,1,0.9042,1.5
v4_000224.jpg,video4.mp4,4,224,8.96,0.205316,0.205316,1,0.1857,1,0.9161,1.96
v4_000225.jpg,video4.mp4,4,225,9.0,0.206233,0.206233,1,0.1948,1,0.9623,1.14
v4_000226.jpg,video4.mp4,4,226,9.04,0.207149,0.207149,1,0.1948,1,0.9604,1.23
v4_000227.jpg,video4.mp4,4,227,9.08,0.208066,0.208066,1,0.225,1,0.9828,1.69
v4_000228.jpg,video4.mp4,4,228,9.12,0.208983,0.208983,1,0.224,1,0.9834,1.5
v4_000229.jpg,video4.mp4,4,229,9.16,0.209899,0.209899,1,0.2352,1,0.9745,2.53
v4_000230.jpg,video4.mp4,4,230,9.2,0.210816,0.210816,1,0.2352,1,0.9748,2.44
v4_000231.jpg,video4.mp4,4,231,9.24,0.211732,0.211732,1,0.2536,1,0.9363,4.19
v4_000232.jpg,video4.mp4,4,232,9.28,0.212649,0.212649,1,0.2522,1,0.9402,3.96
v4_000233.jpg,video4.mp4,4,233,9.32,0.213566,0.213566,1,0.2342,1,0.9758,2.06
v4_000234.jpg,video4.mp4,4,234,9.36,0.214482,0.214482,1,0.2331,1,0.9769,1.86
v4_000235.jpg,video4.mp4,4,235,9.4,0.215399,0.215399,1,0.2328,1,0.9775,1.74
v4_000236.jpg,video4.mp4,4,236,9.44,0.216315,0.216315,1,0.2223,1,0.9834,0.6
v4_000237.jpg,video4.mp4,4,237,9.48,0.217232,0.217232,1,0.2211,1,0.9844,0.39
v4_000238.jpg,video4.mp4,4,238,9.52,0.218148,0.218148,1,0.2093,1,0.9872,0.88
v4_000239.jpg,video4.mp4,4,239,9.56,0.219065,0.219065,1,0.2085,1,0.9874,1.06
v4_000240.jpg,video4.mp4,4,240,9.6,0.219982,0.219982,1,0.2387,1,0.9738,1.87
v4_000241.jpg,video4.mp4,4,241,9.64,0.220898,0.220898,1,0.2394,1,0.9734,1.85
v4_000242.jpg,video4.mp4,4,242,9.68,0.221815,0.221815,1,0.233,1,0.9823,1.12
v4_000243.jpg,video4.mp4,4,243,9.72,0.222731,0.222731,1,0.2313,1,0.9828,0.86
v4_000244.jpg,video4.mp4,4,244,9.76,0.223648,0.223648,1,0.2345,1,0.975,1.09
v4_000245.jpg,video4.mp4,4,245,9.8,0.224565,0.224565,1,0.2369,1,0.9725,1.23
v4_000246.jpg,video4.mp4,4,246,9.84,0.225481,0.225481,1,0.2101,1,0.9774,1.54
v4_000247.jpg,video4.mp4,4,247,9.88,0.226398,0.226398,1,0.2093,1,0.978,1.71
v4_000248.jpg,video4.mp4,4,248,9.92,0.227314,0.227314,1,0.2288,1,0.9849,0.15
v4_000249.jpg,video4.mp4,4,249,9.96,0.228231,0.228231,1,0.228,1,0.9842,0.02
v4_000250.jpg,video4.mp4,4,250,10.0,0.229148,0.229148,1,0.2298,1,0.9847,0.07
v4_000251.jpg,video4.mp4,4,251,10.04,0.230064,0.230064,1,0.2305,1,0.9844,0.04
v4_000252.jpg,video4.mp4,4,252,10.08,0.230981,0.230981,1,0.2361,1,0.9833,0.51
v4_000253.jpg,video4.mp4,4,253,10.12,0.231897,0.231897,1,0.2358,1,0.9835,0.39
v4_000254.jpg,video4.mp4,4,254,10.16,0.232814,0.232814,1,0.2535,1,0.9348,2.07
v4_000255.jpg,video4.mp4,4,255,10.2,0.233731,0.233731,1,0.2485,1,0.9597,1.48
v4_000256.jpg,video4.mp4,4,256,10.24,0.234647,0.234647,1,0.2354,1,0.9851,0.08
v4_000257.jpg,video4.mp4,4,257,10.28,0.235564,0.235564,1,0.234,1,0.9857,0.16
v4_000258.jpg,video4.mp4,4,258,10.32,0.23648,0.23648,1,0.2564,1,0.972,1.99
v4_000259.jpg,video4.mp4,4,259,10.36,0.237397,0.237397,1,0.2549,1,0.9743,1.75
v4_000260.jpg,video4.mp4,4,260,10.4,0.238313,0.238313,1,0.2546,1,0.974,1.63
v4_000261.jpg,video4.mp4,4,261,10.44,0.23923,0.23923,1,0.2493,1,0.9804,1.01
v4_000262.jpg,video4.mp4,4,262,10.48,0.240147,0.240147,1,0.2492,1,0.9807,0.91
v4_000263.jpg,video4.mp4,4,263,10.52,0.241063,0.241063,1,0.2372,1,0.9868,0.39
v4_000264.jpg,video4.mp4,4,264,10.56,0.24198,0.24198,1,0.2322,1,0.9892,0.98
v4_000265.jpg,video4.mp4,4,265,10.6,0.242896,0.242896,1,0.242,1,0.9833,0.09
v4_000266.jpg,video4.mp4,4,266,10.64,0.243813,0.243813,1,0.2421,1,0.9832,0.17
v4_000267.jpg,video4.mp4,4,267,10.68,0.24473,0.24473,1,0.2329,1,0.9881,1.18
v4_000268.jpg,video4.mp4,4,268,10.72,0.245646,0.245646,1,0.2316,1,0.9887,1.4
v4_000269.jpg,video4.mp4,4,269,10.76,0.246563,0.246563,1,0.2628,1,0.9573,1.62
v4_000270.jpg,video4.mp4,4,270,10.8,0.247479,0.247479,1,0.2577,1,0.9679,1.02
v4_000271.jpg,video4.mp4,4,271,10.84,0.248396,0.248396,1,0.2574,1,0.9736,0.9
v4_000272.jpg,video4.mp4,4,272,10.88,0.249313,0.249313,1,0.2579,1,0.9735,0.86
v4_000273.jpg,video4.mp4,4,273,10.92,0.250229,0.250229,1,0.2689,1,0.9552,1.87
v4_000274.jpg,video4.mp4,4,274,10.96,0.251146,0.251146,1,0.2685,1,0.9559,1.74
v4_000275.jpg,video4.mp4,4,275,11.0,0.252062,0.252062,1,0.2619,1,0.9565,0.98
v4_000276.jpg,video4.mp4,4,276,11.04,0.252979,0.252979,1,0.2593,1,0.9631,0.63
v4_000277.jpg,video4.mp4,4,277,11.08,0.253896,0.253896,1,0.2583,1,0.9734,0.44
v4_000278.jpg,video4.mp4,4,278,11.12,0.254812,0.254812,1,0.2597,1,0.9718,0.49
v4_000279.jpg,video4.mp4,4,279,11.16,0.255729,0.255729,1,0.2566,1,0.9769,0.09
v4_000280.jpg,video4.mp4,4,280,11.2,0.256645,0.256645,1,0.2551,1,0.9788,0.15
v4_000281.jpg,video4.mp4,4,281,11.24,0.257562,0.257562,1,0.2607,1,0.9712,0.31
v4_000282.jpg,video4.mp4,4,282,11.28,0.258478,0.258478,1,0.2617,1,0.9704,0.32
v4_000283.jpg,video4.mp4,4,283,11.32,0.259395,0.259395,1,0.2608,1,0.9732,0.14
v4_000284.jpg,video4.mp4,4,284,11.36,0.260312,0.260312,1,0.2603,1,0.9742,0.0
v4_000285.jpg,video4.mp4,4,285,11.4,0.261228,0.261228,1,0.2615,1,0.9733,0.03
v4_000286.jpg,video4.mp4,4,286,11.44,0.262145,0.262145,1,0.2774,1,0.9486,1.53
v4_000287.jpg,video4.mp4,4,287,11.48,0.263061,0.263061,1,0.2788,1,0.9434,1.57
v4_000288.jpg,video4.mp4,4,288,11.52,0.263978,0.263978,1,0.267,1,0.9692,0.3
v4_000289.jpg,video4.mp4,4,289,11.56,0.264895,0.264895,1,0.2628,1,0.9744,0.21
v4_000290.jpg,video4.mp4,4,290,11.6,0.265811,0.265811,1,0.2776,1,0.9502,1.18
v4_000291.jpg,video4.mp4,4,291,11.64,0.266728,0.266728,1,0.2749,1,0.9567,0.82
v4_000292.jpg,video4.mp4,4,292,11.68,0.267644,0.267644,1,0.2707,1,0.9563,0.31
v4_000293.jpg,video4.mp4,4,293,11.72,0.268561,0.268561,1,0.2696,1,0.9581,0.1
v4_000294.jpg,video4.mp4,4,294,11.76,0.269478,0.269478,1,0.287,1,0.8922,1.75
v4_000295.jpg,video4.mp4,4,295,11.8,0.270394,0.270394,1,0.2872,1,0.8855,1.68
v4_000296.jpg,video4.mp4,4,296,11.84,0.271311,0.271311,1,0.2879,1,0.9166,1.66
v4_000297.jpg,video4.mp4,4,297,11.88,0.272227,0.272227,1,0.2856,1,0.93,1.34
v4_000298.jpg,video4.mp4,4,298,11.92,0.273144,0.273144,1,0.2771,1,0.9587,0.4
v4_000299.jpg,video4.mp4,4,299,11.96,0.27406,0.27406,1,0.2773,1,0.9588,0.32
v4_000300.jpg,video4.mp4,4,300,12.0,0.274977,0.274977,1,0.2795,1,0.9188,0.45
v4_000301.jpg,video4.mp4,4,301,12.04,0.275894,0.275894,1,0.2802,1,0.9154,0.43
v4_000302.jpg,video4.mp4,4,302,12.08,0.27681,0.27681,1,0.2916,1,0.9138,1.48
v4_000303.jpg,video4.mp4,4,303,12.12,0.277727,0.277727,1,0.2911,1,0.9177,1.34
v4_000304.jpg,video4.mp4,4,304,12.16,0.278643,0.278643,1,0.2845,1,0.9493,0.59
v4_000305.jpg,video4.mp4,4,305,12.2,0.27956,0.27956,1,0.2846,1,0.9482,0.5
v4_000306.jpg,video4.mp4,4,306,12.24,0.280477,0.280477,1,0.2909,1,0.9116,1.04
v4_000307.jpg,video4.mp4,4,307,12.28,0.281393,0.281393,1,0.2888,1,0.9241,0.74
v4_000308.jpg,video4.mp4,4,308,12.32,0.28231,0.28231,1,0.2909,1,0.9013,0.86
v4_000309.jpg,video4.mp4,4,309,12.36,0.283226,0.283226,1,0.2936,1,0.8799,1.04
v4_000310.jpg,video4.mp4,4,310,12.4,0.284143,0.284143,1,0.2938,1,0.8729,0.97
v4_000311.jpg,video4.mp4,4,311,12.44,0.28506,0.28506,1,0.2824,1,0.9455,0.27
v4_000312.jpg,video4.mp4,4,312,12.48,0.285976,0.285976,1,0.2827,1,0.9386,0.33
v4_000313.jpg,video4.mp4,4,313,12.52,0.286893,0.286893,1,0.283,1,0.9607,0.39
v4_000314.jpg,video4.mp4,4,314,12.56,0.287809,0.287809,1,0.2832,1,0.9599,0.46
v4_000315.jpg,video4.mp4,4,315,12.6,0.288726,0.288726,1,0.278,1,0.9708,1.07
v4_000316.jpg,video4.mp4,4,316,12.64,0.289643,0.289643,1,0.2782,1,0.9707,1.14
v4_000317.jpg,video4.mp4,4,317,12.68,0.290559,0.290559,1,0.2717,1,0.9758,1.89
v4_000318.jpg,video4.mp4,4,318,12.72,0.291476,0.291476,1,0.2736,1,0.9716,1.79
v4_000319.jpg,video4.mp4,4,319,12.76,0.292392,0.292392,1,0.2878,1,0.9367,0.46
v4_000320.jpg,video4.mp4,4,320,12.8,0.293309,0.293309,1,0.2889,1,0.9228,0.44
v4_000321.jpg,video4.mp4,4,321,12.84,0.294225,0.294225,1,0.294,1,0.9151,0.02
v4_000322.jpg,video4.mp4,4,322,12.88,0.295142,0.295142,1,0.2926,1,0.9167,0.25
v4_000323.jpg,video4.mp4,4,323,12.92,0.296059,0.296059,1,0.2967,1,0.8768,0.06
v4_000324.jpg,video4.mp4,4,324,12.96,0.296975,0.296975,1,0.2967,1,0.8798,0.03
v4_000325.jpg,video4.mp4,4,325,13.0,0.297892,0.297892,1,0.3003,1,0.6849,0.24
v4_000326.jpg,video4.mp4,4,326,13.04,0.298808,0.298808,1,0.2994,1,0.7299,0.06
v4_000327.jpg,video4.mp4,4,327,13.08,0.299725,0.299725,1,0.2946,1,0.7366,0.51
v4_000328.jpg,video4.mp4,4,328,13.12,0.300642,0.300642,2,0.2965,1,0.6764,0.41
v4_000329.jpg,video4.mp4,4,329,13.16,0.301558,0.301558,2,0.3053,2,0.6085,0.37
v4_000330.jpg,video4.mp4,4,330,13.2,0.302475,0.302475,2,0.3094,2,0.729,0.69
v4_000331.jpg,video4.mp4,4,331,13.24,0.303391,0.303391,2,0.3181,2,0.8983,1.47
v4_000332.jpg,video4.mp4,4,332,13.28,0.304308,0.304308,2,0.3169,2,0.8838,1.26
v4_000333.jpg,video4.mp4,4,333,13.32,0.305225,0.305225,2,0.3157,2,0.9595,1.05
v4_000334.jpg,video4.mp4,4,334,13.36,0.306141,0.306141,2,0.3175,2,0.9622,1.14
v4_000335.jpg,video4.mp4,4,335,13.4,0.307058,0.307058,2,0.3168,2,0.9618,0.97
v4_000336.jpg,video4.mp4,4,336,13.44,0.307974,0.307974,2,0.3239,2,0.9467,1.59
v4_000337.jpg,video4.mp4,4,337,13.48,0.308891,0.308891,2,0.3256,2,0.9498,1.67
v4_000338.jpg,video4.mp4,4,338,13.52,0.309808,0.309808,2,0.3344,2,0.9695,2.46
v4_000339.jpg,video4.mp4,4,339,13.56,0.310724,0.310724,2,0.3343,2,0.9704,2.36
v4_000340.jpg,video4.mp4,4,340,13.6,0.311641,0.311641,2,0.3171,2,0.9453,0.55
v4_000341.jpg,video4.mp4,4,341,13.64,0.312557,0.312557,2,0.3133,2,0.9203,0.07
v4_000342.jpg,video4.mp4,4,342,13.68,0.313474,0.313474,2,0.3122,2,0.9054,0.13
v4_000343.jpg,video4.mp4,4,343,13.72,0.31439,0.31439,2,0.3108,2,0.9001,0.36
v4_000344.jpg,video4.mp4,4,344,13.76,0.315307,0.315307,2,0.3633,2,0.9718,4.8
v4_000345.jpg,video4.mp4,4,345,13.8,0.316224,0.316224,2,0.3616,2,0.9738,4.54
v4_000346.jpg,video4.mp4,4,346,13.84,0.31714,0.31714,2,0.3531,2,0.9754,3.6
v4_000347.jpg,video4.mp4,4,347,13.88,0.318057,0.318057,2,0.3502,2,0.9743,3.21
v4_000348.jpg,video4.mp4,4,348,13.92,0.318973,0.318973,2,0.3196,2,0.9437,0.06
v4_000349.jpg,video4.mp4,4,349,13.96,0.31989,0.31989,2,0.3192,2,0.9411,0.07
v4_000350.jpg,video4.mp4,4,350,14.0,0.320807,0.320807,2,0.3141,2,0.9256,0.67
v4_000351.jpg,video4.mp4,4,351,14.04,0.321723,0.321723,2,0.3154,2,0.929,0.63
v4_000352.jpg,video4.mp4,4,352,14.08,0.32264,0.32264,2,0.3257,2,0.9609,0.31
v4_000353.jpg,video4.mp4,4,353,14.12,0.323556,0.323556,2,0.326,2,0.9623,0.24
v4_000354.jpg,video4.mp4,4,354,14.16,0.324473,0.324473,2,0.3437,2,0.9726,1.92
v4_000355.jpg,video4.mp4,4,355,14.2,0.32539,0.32539,2,0.3443,2,0.9715,1.89
v4_000356.jpg,video4.mp4,4,356,14.24,0.326306,0.326306,2,0.3406,2,0.9313,1.43
v4_000357.jpg,video4.mp4,4,357,14.28,0.327223,0.327223,2,0.3385,2,0.9261,1.13
v4_000358.jpg,video4.mp4,4,358,14.32,0.328139,0.328139,2,0.3286,2,0.9656,0.05
v4_000359.jpg,video4.mp4,4,359,14.36,0.329056,0.329056,2,0.3307,2,0.9669,0.16
v4_000360.jpg,video4.mp4,4,360,14.4,0.329973,0.329973,2,0.3308,2,0.9689,0.08
v4_000361.jpg,video4.mp4,4,361,14.44,0.330889,0.330889,2,0.3566,2,0.9761,2.57
v4_000362.jpg,video4.mp4,4,362,14.48,0.331806,0.331806,2,0.3578,2,0.9762,2.6
v4_000363.jpg,video4.mp4,4,363,14.52,0.332722,0.332722,2,0.3456,2,0.9773,1.29
v4_000364.jpg,video4.mp4,4,364,14.56,0.333639,0.333639,2,0.345,2,0.9773,1.14
v4_000365.jpg,video4.mp4,4,365,14.6,0.334555,0.334555,2,0.348,2,0.9734,1.34
v4_000366.jpg,video4.mp4,4,366,14.64,0.335472,0.335472,2,0.3474,2,0.9735,1.19
v4_000367.jpg,video4.mp4,4,367,14.68,0.336389,0.336389,2,0.3434,2,0.9765,0.7
v4_000368.jpg,video4.mp4,4,368,14.72,0.337305,0.337305,2,0.3402,2,0.9761,0.29
v4_000369.jpg,video4.mp4,4,369,14.76,0.338222,0.338222,2,0.3439,2,0.9722,0.57
v4_000370.jpg,video4.mp4,4,370,14.8,0.339138,0.339138,2,0.341,2,0.9712,0.19
v4_000371.jpg,video4.mp4,4,371,14.84,0.340055,0.340055,2,0.3501,2,0.9763,1.0
v4_000372.jpg,video4.mp4,4,372,14.88,0.340972,0.340972,2,0.3507,2,0.9758,0.97
v4_000373.jpg,video4.mp4,4,373,14.92,0.341888,0.341888,2,0.3392,2,0.9755,0.27
v4_000374.jpg,video4.mp4,4,374,14.96,0.342805,0.342805,2,0.3399,2,0.9757,0.29
v4_000375.jpg,video4.mp4,4,375,15.0,0.343721,0.343721,2,0.3489,2,0.9755,0.52
v4_000376.jpg,video4.mp4,4,376,15.04,0.344638,0.344638,2,0.3497,2,0.976,0.51
v4_000377.jpg,video4.mp4,4,377,15.08,0.345555,0.345555,2,0.3341,2,0.9715,1.15
v4_000378.jpg,video4.mp4,4,378,15.12,0.346471,0.346471,2,0.3344,2,0.9713,1.21
v4_000379.jpg,video4.mp4,4,379,15.16,0.347388,0.347388,2,0.3477,2,0.9728,0.03
v4_000380.jpg,video4.mp4,4,380,15.2,0.348304,0.348304,2,0.3454,2,0.9724,0.29
v4_000381.jpg,video4.mp4,4,381,15.24,0.349221,0.349221,2,0.3534,2,0.9748,0.42
v4_000382.jpg,video4.mp4,4,382,15.28,0.350137,0.350137,2,0.3532,2,0.9751,0.31
v4_000383.jpg,video4.mp4,4,383,15.32,0.351054,0.351054,2,0.3396,2,0.9755,1.15
v4_000384.jpg,video4.mp4,4,384,15.36,0.351971,0.351971,2,0.3392,2,0.9748,1.28
v4_000385.jpg,video4.mp4,4,385,15.4,0.352887,0.352887,2,0.3391,2,0.9752,1.38
v4_000386.jpg,video4.mp4,4,386,15.44,0.353804,0.353804,2,0.35,2,0.9794,0.38
v4_000387.jpg,video4.mp4,4,387,15.48,0.35472,0.35472,2,0.344,2,0.9783,1.07
v4_000388.jpg,video4.mp4,4,388,15.52,0.355637,0.355637,2,0.3387,2,0.9801,1.69
v4_000389.jpg,video4.mp4,4,389,15.56,0.356554,0.356554,2,0.337,2,0.9812,1.96
v4_000390.jpg,video4.mp4,4,390,15.6,0.35747,0.35747,2,0.3465,2,0.9774,1.1
v4_000391.jpg,video4.mp4,4,391,15.64,0.358387,0.358387,2,0.3483,2,0.9774,1.01
v4_000392.jpg,video4.mp4,4,392,15.68,0.359303,0.359303,2,0.3425,2,0.9754,1.68
v4_000393.jpg,video4.mp4,4,393,15.72,0.36022,0.36022,2,0.3433,2,0.9752,1.69
v4_000394.jpg,video4.mp4,4,394,15.76,0.361137,0.361137,2,0.3522,2,0.9677,0.89
v4_000395.jpg,video4.mp4,4,395,15.8,0.362053,0.362053,2,0.3525,2,0.9649,0.96
v4_000396.jpg,video4.mp4,4,396,15.84,0.36297,0.36297,2,0.3737,2,0.966,1.07
v4_000397.jpg,video4.mp4,4,397,15.88,0.363886,0.363886,2,0.3759,2,0.9666,1.2
v4_000398.jpg,video4.mp4,4,398,15.92,0.364803,0.364803,2,0.3542,2,0.939,1.06
v4_000399.jpg,video4.mp4,4,399,15.96,0.36572,0.36572,2,0.353,2,0.9372,1.27
v4_000400.jpg,video4.mp4,4,400,16.0,0.366636,0.366636,2,0.3843,2,0.9622,1.77
v4_000401.jpg,video4.mp4,4,401,16.04,0.367553,0.367553,2,0.3846,2,0.9612,1.7
v4_000402.jpg,video4.mp4,4,402,16.08,0.368469,0.368469,2,0.3592,2,0.9314,0.93
v4_000403.jpg,video4.mp4,4,403,16.12,0.369386,0.369386,2,0.3599,2,0.9295,0.95
v4_000404.jpg,video4.mp4,4,404,16.16,0.370302,0.370302,2,0.3736,2,0.9485,0.33
v4_000405.jpg,video4.mp4,4,405,16.2,0.371219,0.371219,2,0.3711,2,0.947,0.01
v4_000406.jpg,video4.mp4,4,406,16.24,0.372136,0.372136,2,0.3776,2,0.9712,0.55
v4_000407.jpg,video4.mp4,4,407,16.28,0.373052,0.373052,2,0.3789,2,0.9698,0.58
v4_000408.jpg,video4.mp4,4,408,16.32,0.373969,0.373969,2,0.3559,2,0.9666,1.81
v4_000409.jpg,video4.mp4,4,409,16.36,0.374885,0.374885,2,0.3551,2,0.9671,1.98
v4_000410.jpg,video4.mp4,4,410,16.4,0.375802,0.375802,2,0.3535,2,0.9662,2.23
v4_000411.jpg,video4.mp4,4,411,16.44,0.376719,0.376719,2,0.3572,2,0.9655,1.95
v4_000412.jpg,video4.mp4,4,412,16.48,0.377635,0.377635,2,0.355,2,0.9627,2.26
v4_000413.jpg,video4.mp4,4,413,16.52,0.378552,0.378552,2,0.3511,2,0.9304,2.75
v4_000414.jpg,video4.mp4,4,414,16.56,0.379468,0.379468,2,0.3502,2,0.9256,2.93
v4_000415.jpg,video4.mp4,4,415,16.6,0.380385,0.380385,2,0.3479,2,0.961,3.25
v4_000416.jpg,video4.mp4,4,416,16.64,0.381302,0.381302,2,0.3494,2,0.9623,3.19
v4_000417.jpg,video4.mp4,4,417,16.68,0.382218,0.382218,2,0.355,2,0.9667,2.72
v4_000418.jpg,video4.mp4,4,418,16.72,0.383135,0.383135,2,0.3555,2,0.9663,2.76
v4_000419.jpg,video4.mp4,4,419,16.76,0.384051,0.384051,2,0.3535,2,0.9524,3.06
v4_000420.jpg,video4.mp4,4,420,16.8,0.384968,0.384968,2,0.3538,2,0.9512,3.12
v4_000421.jpg,video4.mp4,4,421,16.84,0.385885,0.385885,2,0.3649,2,0.9599,2.1
v4_000422.jpg,video4.mp4,4,422,16.88,0.386801,0.386801,2,0.3634,2,0.9574,2.34
v4_000423.jpg,video4.mp4,4,423,16.92,0.387718,0.387718,2,0.3766,2,0.9727,1.11
v4_000424.jpg,video4.mp4,4,424,16.96,0.388634,0.388634,2,0.3743,2,0.9716,1.43
v4_000425.jpg,video4.mp4,4,425,17.0,0.389551,0.389551,2,0.3792,2,0.9683,1.04
v4_000426.jpg,video4.mp4,4,426,17.04,0.390467,0.390467,2,0.3781,2,0.9682,1.24
v4_000427.jpg,video4.mp4,4,427,17.08,0.391384,0.391384,2,0.3725,2,0.9567,1.89
v4_000428.jpg,video4.mp4,4,428,17.12,0.392301,0.392301,2,0.371,2,0.9567,2.13
v4_000429.jpg,video4.mp4,4,429,17.16,0.393217,0.393217,2,0.3833,2,0.9684,0.99
v4_000430.jpg,video4.mp4,4,430,17.2,0.394134,0.394134,2,0.3822,2,0.9682,1.19
v4_000431.jpg,video4.mp4,4,431,17.24,0.39505,0.39505,2,0.3909,2,0.973,0.42
v4_000432.jpg,video4.mp4,4,432,17.28,0.395967,0.395967,2,0.3985,2,0.9727,0.25
v4_000433.jpg,video4.mp4,4,433,17.32,0.396884,0.396884,2,0.4158,2,0.9743,1.89
v4_000434.jpg,video4.mp4,4,434,17.36,0.3978,0.3978,2,0.42,2,0.9746,2.22
v4_000435.jpg,video4.mp4,4,435,17.4,0.398717,0.398717,2,0.4182,2,0.9737,1.95
v4_000436.jpg,video4.mp4,4,436,17.44,0.399633,0.399633,2,0.4221,2,0.9694,2.25
v4_000437.jpg,video4.mp4,4,437,17.48,0.40055,0.40055,2,0.4251,2,0.9636,2.45
v4_000438.jpg,video4.mp4,4,438,17.52,0.401467,0.401467,2,0.4233,2,0.9693,2.18
v4_000439.jpg,video4.mp4,4,439,17.56,0.402383,0.402383,2,0.4246,2,0.9694,2.22
v4_000440.jpg,video4.mp4,4,440,17.6,0.4033,0.4033,2,0.3857,2,0.9537,1.76
v4_000441.jpg,video4.mp4,4,441,17.64,0.404216,0.404216,2,0.3883,2,0.9561,1.59
v4_000442.jpg,video4.mp4,4,442,17.68,0.405133,0.405133,2,0.394,2,0.9575,1.11
v4_000443.jpg,video4.mp4,4,443,17.72,0.406049,0.406049,2,0.3746,2,0.943,3.14
v4_000444.jpg,video4.mp4,4,444,17.76,0.406966,0.406966,2,0.4189,2,0.9632,1.19
v4_000445.jpg,video4.mp4,4,445,17.8,0.407883,0.407883,2,0.4195,2,0.9618,1.16
v4_000446.jpg,video4.mp4,4,446,17.84,0.408799,0.408799,2,0.4198,2,0.958,1.1
v4_000447.jpg,video4.mp4,4,447,17.88,0.409716,0.409716,2,0.4159,2,0.9559,0.62
v4_000448.jpg,video4.mp4,4,448,17.92,0.410632,0.410632,2,0.3978,2,0.9556,1.28
v4_000449.jpg,video4.mp4,4,449,17.96,0.411549,0.411549,2,0.3955,2,0.9545,1.6
v4_000450.jpg,video4.mp4,4,450,18.0,0.412466,0.412466,2,0.4315,2,0.9644,1.9
v4_000451.jpg,video4.mp4,4,451,18.04,0.413382,0.413382,2,0.4294,2,0.9641,1.6
v4_000452.jpg,video4.mp4,4,452,18.08,0.414299,0.414299,2,0.4365,2,0.9571,2.22
v4_000453.jpg,video4.mp4,4,453,18.12,0.415215,0.415215,2,0.434,2,0.9566,1.88
v4_000454.jpg,video4.mp4,4,454,18.16,0.416132,0.416132,2,0.4466,2,0.9604,3.05
v4_000455.jpg,video4.mp4,4,455,18.2,0.417049,0.417049,2,0.443,2,0.9603,2.6
v4_000456.jpg,video4.mp4,4,456,18.24,0.417965,0.417965,2,0.4586,2,0.9672,4.06
v4_000457.jpg,video4.mp4,4,457,18.28,0.418882,0.418882,2,0.4526,2,0.9686,3.37
v4_000458.jpg,video4.mp4,4,458,18.32,0.419798,0.419798,2,0.4219,2,0.9591,0.21
v4_000459.jpg,video4.mp4,4,459,18.36,0.420715,0.420715,2,0.4253,2,0.9588,0.46
v4_000460.jpg,video4.mp4,4,460,18.4,0.421632,0.421632,2,0.4312,2,0.9587,0.96
v4_000461.jpg,video4.mp4,4,461,18.44,0.422548,0.422548,2,0.4707,2,0.9599,4.82
v4_000462.jpg,video4.mp4,4,462,18.48,0.423465,0.423465,2,0.4597,2,0.9613,3.62
v4_000463.jpg,video4.mp4,4,463,18.52,0.424381,0.424381,2,0.4533,2,0.9676,2.89
v4_000464.jpg,video4.mp4,4,464,18.56,0.425298,0.425298,2,0.4537,2,0.9679,2.84
v4_000465.jpg,video4.mp4,4,465,18.6,0.426214,0.426214,2,0.4634,2,0.9546,3.72
v4_000466.jpg,video4.mp4,4,466,18.64,0.427131,0.427131,2,0.4758,2,0.9512,4.87
v4_000467.jpg,video4.mp4,4,467,18.68,0.428048,0.428048,2,0.4136,2,0.9451,1.44
v4_000468.jpg,video4.mp4,4,468,18.72,0.428964,0.428964,2,0.4175,2,0.9451,1.15
v4_000469.jpg,video4.mp4,4,469,18.76,0.429881,0.429881,2,0.465,2,0.9454,3.51
v4_000470.jpg,video4.mp4,4,470,18.8,0.430797,0.430797,2,0.4623,2,0.9456,3.15
v4_000471.jpg,video4.mp4,4,471,18.84,0.431714,0.431714,2,0.4505,2,0.9553,1.88
v4_000472.jpg,video4.mp4,4,472,18.88,0.432631,0.432631,2,0.4518,2,0.9535,1.92
v4_000473.jpg,video4.mp4,4,473,18.92,0.433547,0.433547,2,0.4519,2,0.9582,1.84
v4_000474.jpg,video4.mp4,4,474,18.96,0.434464,0.434464,2,0.4476,2,0.9592,1.31
v4_000475.jpg,video4.mp4,4,475,19.0,0.43538,0.43538,2,0.4195,2,0.9706,1.59
v4_000476.jpg,video4.mp4,4,476,19.04,0.436297,0.436297,2,0.4141,2,0.969,2.22
v4_000477.jpg,video4.mp4,4,477,19.08,0.437214,0.437214,2,0.4489,2,0.9685,1.17
v4_000478.jpg,video4.mp4,4,478,19.12,0.43813,0.43813,2,0.4465,2,0.9677,0.84
v4_000479.jpg,video4.mp4,4,479,19.16,0.439047,0.439047,2,0.4325,2,0.9611,0.65
v4_000480.jpg,video4.mp4,4,480,19.2,0.439963,0.439963,2,0.4355,2,0.9632,0.45
v4_000481.jpg,video4.mp4,4,481,19.24,0.44088,0.44088,2,0.4527,2,0.965,1.18
v4_000482.jpg,video4.mp4,4,482,19.28,0.441797,0.441797,2,0.4544,2,0.9653,1.26
v4_000483.jpg,video4.mp4,4,483,19.32,0.442713,0.442713,2,0.4249,2,0.969,1.78
v4_000484.jpg,video4.mp4,4,484,19.36,0.44363,0.44363,2,0.4278,2,0.9689,1.58
v4_000485.jpg,video4.mp4,4,485,19.4,0.444546,0.444546,2,0.4279,2,0.9689,1.66
v4_000486.jpg,video4.mp4,4,486,19.44,0.445463,0.445463,2,0.4496,2,0.9708,0.41
v4_000487.jpg,video4.mp4,4,487,19.48,0.446379,0.446379,2,0.4437,2,0.9725,0.27
v4_000488.jpg,video4.mp4,4,488,19.52,0.447296,0.447296,2,0.4443,2,0.9753,0.3
v4_000489.jpg,video4.mp4,4,489,19.56,0.448213,0.448213,2,0.4459,2,0.975,0.23
v4_000490.jpg,video4.mp4,4,490,19.6,0.449129,0.449129,2,0.436,2,0.9749,1.31
v4_000491.jpg,video4.mp4,4,491,19.64,0.450046,0.450046,2,0.4365,2,0.9748,1.35
v4_000492.jpg,video4.mp4,4,492,19.68,0.450962,0.450962,2,0.4608,2,0.9696,0.98
v4_000493.jpg,video4.mp4,4,493,19.72,0.451879,0.451879,2,0.4617,2,0.9697,0.98
v4_000494.jpg,video4.mp4,4,494,19.76,0.452796,0.452796,2,0.4521,2,0.9711,0.07
v4_000495.jpg,video4.mp4,4,495,19.8,0.453712,0.453712,2,0.4549,2,0.9701,0.12
v4_000496.jpg,video4.mp4,4,496,19.84,0.454629,0.454629,2,0.4532,2,0.9691,0.14
v4_000497.jpg,video4.mp4,4,497,19.88,0.455545,0.455545,2,0.4544,2,0.9689,0.11
v4_000498.jpg,video4.mp4,4,498,19.92,0.456462,0.456462,2,0.458,2,0.9703,0.15
v4_000499.jpg,video4.mp4,4,499,19.96,0.457379,0.457379,2,0.4565,2,0.9697,0.09
v4_000500.jpg,video4.mp4,4,500,20.0,0.458295,0.458295,2,0.4684,2,0.9661,1.01
v4_000501.jpg,video4.mp4,4,501,20.04,0.459212,0.459212,2,0.4675,2,0.9662,0.83
v4_000502.jpg,video4.mp4,4,502,20.08,0.460128,0.460128,2,0.4644,2,0.9667,0.43
v4_000503.jpg,video4.mp4,4,503,20.12,0.461045,0.461045,2,0.4618,2,0.9673,0.08
v4_000504.jpg,video4.mp4,4,504,20.16,0.461962,0.461962,2,0.4738,2,0.9693,1.18
v4_000505.jpg,video4.mp4,4,505,20.2,0.462878,0.462878,2,0.4741,2,0.9686,1.12
v4_000506.jpg,video4.mp4,4,506,20.24,0.463795,0.463795,2,0.4602,2,0.9633,0.36
v4_000507.jpg,video4.mp4,4,507,20.28,0.464711,0.464711,2,0.4605,2,0.963,0.42
v4_000508.jpg,video4.mp4,4,508,20.32,0.465628,0.465628,2,0.4504,2,0.9677,1.52
v4_000509.jpg,video4.mp4,4,509,20.36,0.466544,0.466544,2,0.4477,2,0.9671,1.88
v4_000510.jpg,video4.mp4,4,510,20.4,0.467461,0.467461,2,0.4509,2,0.9673,1.66
v4_000511.jpg,video4.mp4,4,511,20.44,0.468378,0.468378,2,0.4498,2,0.964,1.86
v4_000512.jpg,video4.mp4,4,512,20.48,0.469294,0.469294,2,0.4599,2,0.9634,0.94
v4_000513.jpg,video4.mp4,4,513,20.52,0.470211,0.470211,2,0.4623,2,0.9632,0.79
v4_000514.jpg,video4.mp4,4,514,20.56,0.471127,0.471127,2,0.4635,2,0.9619,0.76
v4_000515.jpg,video4.mp4,4,515,20.6,0.472044,0.472044,2,0.4557,2,0.962,1.63
v4_000516.jpg,video4.mp4,4,516,20.64,0.472961,0.472961,2,0.4539,2,0.9631,1.91
v4_000517.jpg,video4.mp4,4,517,20.68,0.473877,0.473877,2,0.4751,2,0.957,0.12
v4_000518.jpg,video4.mp4,4,518,20.72,0.474794,0.474794,2,0.474,2,0.9571,0.08
v4_000519.jpg,video4.mp4,4,519,20.76,0.47571,0.47571,2,0.4849,2,0.9581,0.92
v4_000520.jpg,video4.mp4,4,520,20.8,0.476627,0.476627,2,0.4856,2,0.9579,0.9
v4_000521.jpg,video4.mp4,4,521,20.84,0.477544,0.477544,2,0.503,2,0.9598,2.55
v4_000522.jpg,video4.mp4,4,522,20.88,0.47846,0.47846,2,0.5041,2,0.9593,2.56
v4_000523.jpg,video4.mp4,4,523,20.92,0.479377,0.479377,2,0.4943,2,0.9201,1.49
v4_000524.jpg,video4.mp4,4,524,20.96,0.480293,0.480293,2,0.4926,2,0.9217,1.23
v4_000525.jpg,video4.mp4,4,525,21.0,0.48121,0.48121,2,0.4753,2,0.9481,0.59
v4_000526.jpg,video4.mp4,4,526,21.04,0.482126,0.482126,2,0.4768,2,0.9472,0.53
v4_000527.jpg,video4.mp4,4,527,21.08,0.483043,0.483043,2,0.4709,2,0.9525,1.21
v4_000528.jpg,video4.mp4,4,528,21.12,0.48396,0.48396,2,0.462,2,0.9543,2.2
v4_000529.jpg,video4.mp4,4,529,21.16,0.484876,0.484876,2,0.4721,2,0.9651,1.28
v4_000530.jpg,video4.mp4,4,530,21.2,0.485793,0.485793,2,0.4731,2,0.9653,1.27
v4_000531.jpg,video4.mp4,4,531,21.24,0.486709,0.486709,2,0.4941,2,0.9655,0.74
v4_000532.jpg,video4.mp4,4,532,21.28,0.487626,0.487626,2,0.494,2,0.9655,0.64
v4_000533.jpg,video4.mp4,4,533,21.32,0.488543,0.488543,2,0.4774,2,0.9626,1.11
v4_000534.jpg,video4.mp4,4,534,21.36,0.489459,0.489459,2,0.4713,2,0.9654,1.82
v4_000535.jpg,video4.mp4,4,535,21.4,0.490376,0.490376,2,0.4732,2,0.9656,1.72
v4_000536.jpg,video4.mp4,4,536,21.44,0.491292,0.491292,2,0.5027,2,0.955,1.14
v4_000537.jpg,video4.mp4,4,537,21.48,0.492209,0.492209,2,0.514,2,0.951,2.18
v4_000538.jpg,video4.mp4,4,538,21.52,0.493126,0.493126,2,0.4822,2,0.9632,1.09
v4_000539.jpg,video4.mp4,4,539,21.56,0.494042,0.494042,2,0.4835,2,0.9635,1.05
v4_000540.jpg,video4.mp4,4,540,21.6,0.494959,0.494959,2,0.4942,2,0.9638,0.08
v4_000541.jpg,video4.mp4,4,541,21.64,0.495875,0.495875,2,0.496,2,0.9623,0.01
v4_000542.jpg,video4.mp4,4,542,21.68,0.496792,0.496792,2,0.4776,2,0.9654,1.92
v4_000543.jpg,video4.mp4,4,543,21.72,0.497709,0.497709,2,0.4781,2,0.9654,1.96
v4_000544.jpg,video4.mp4,4,544,21.76,0.498625,0.498625,2,0.5112,2,0.9621,1.26
v4_000545.jpg,video4.mp4,4,545,21.8,0.499542,0.499542,2,0.5129,2,0.9618,1.34
v4_000546.jpg,video4.mp4,4,546,21.84,0.500458,0.500458,2,0.484,2,0.965,1.65
v4_000547.jpg,video4.mp4,4,547,21.88,0.501375,0.501375,2,0.4868,2,0.9649,1.46
v4_000548.jpg,video4.mp4,4,548,21.92,0.502291,0.502291,2,0.4947,2,0.9633,0.76
v4_000549.jpg,video4.mp4,4,549,21.96,0.503208,0.503208,2,0.4948,2,0.9639,0.84
v4_000550.jpg,video4.mp4,4,550,22.0,0.504125,0.504125,2,0.5113,2,0.9618,0.72
v4_000551.jpg,video4.mp4,4,551,22.04,0.505041,0.505041,2,0.5115,2,0.9609,0.65
v4_000552.jpg,video4.mp4,4,552,22.08,0.505958,0.505958,2,0.5118,2,0.9686,0.58
v4_000553.jpg,video4.mp4,4,553,22.12,0.506874,0.506874,2,0.513,2,0.9694,0.61
v4_000554.jpg,video4.mp4,4,554,22.16,0.507791,0.507791,2,0.5422,2,0.9609,3.44
v4_000555.jpg,video4.mp4,4,555,22.2,0.508708,0.508708,2,0.5416,2,0.9624,3.29
v4_000556.jpg,video4.mp4,4,556,22.24,0.509624,0.509624,2,0.5071,2,0.9564,0.25
v4_000557.jpg,video4.mp4,4,557,22.28,0.510541,0.510541,2,0.5061,2,0.9577,0.44
v4_000558.jpg,video4.mp4,4,558,22.32,0.511457,0.511457,2,0.508,2,0.9661,0.35
v4_000559.jpg,video4.mp4,4,559,22.36,0.512374,0.512374,2,0.5085,2,0.9661,0.39
v4_000560.jpg,video4.mp4,4,560,22.4,0.513291,0.513291,2,0.5118,2,0.9653,0.15
v4_000561.jpg,video4.mp4,4,561,22.44,0.514207,0.514207,2,0.5126,2,0.9661,0.16
v4_000562.jpg,video4.mp4,4,562,22.48,0.515124,0.515124,2,0.5136,2,0.9675,0.15
v4_000563.jpg,video4.mp4,4,563,22.52,0.51604,0.51604,2,0.5158,2,0.9697,0.02
v4_000564.jpg,video4.mp4,4,564,22.56,0.516957,0.516957,2,0.5128,2,0.9696,0.42
v4_000565.jpg,video4.mp4,4,565,22.6,0.517874,0.517874,2,0.4939,2,0.9606,2.4
v4_000566.jpg,video4.mp4,4,566,22.64,0.51879,0.51879,2,0.493,2,0.9567,2.58
v4_000567.jpg,video4.mp4,4,567,22.68,0.519707,0.519707,2,0.5391,2,0.9544,1.94
v4_000568.jpg,video4.mp4,4,568,22.72,0.520623,0.520623,2,0.5392,2,0.9529,1.86
v4_000569.jpg,video4.mp4,4,569,22.76,0.52154,0.52154,2,0.4951,2,0.9624,2.64
v4_000570.jpg,video4.mp4,4,570,22.8,0.522456,0.522456,2,0.4952,2,0.9667,2.73
v4_000571.jpg,video4.mp4,4,571,22.84,0.523373,0.523373,2,0.5085,2,0.9701,1.49
v4_000572.jpg,video4.mp4,4,572,22.88,0.52429,0.52429,2,0.5105,2,0.9705,1.38
v4_000573.jpg,video4.mp4,4,573,22.92,0.525206,0.525206,2,0.4812,2,0.968,4.4
v4_000574.jpg,video4.mp4,4,574,22.96,0.526123,0.526123,2,0.4831,2,0.9659,4.3
v4_000575.jpg,video4.mp4,4,575,23.0,0.527039,0.527039,2,0.5157,2,0.9685,1.13
v4_000576.jpg,video4.mp4,4,576,23.04,0.527956,0.527956,2,0.5178,2,0.9685,1.02
v4_000577.jpg,video4.mp4,4,577,23.08,0.528873,0.528873,2,0.4897,2,0.9558,3.92
v4_000578.jpg,video4.mp4,4,578,23.12,0.529789,0.529789,2,0.4906,2,0.956,3.92
v4_000579.jpg,video4.mp4,4,579,23.16,0.530706,0.530706,2,0.5172,2,0.9588,1.35
v4_000580.jpg,video4.mp4,4,580,23.2,0.531622,0.531622,2,0.5187,2,0.9571,1.29
v4_000581.jpg,video4.mp4,4,581,23.24,0.532539,0.532539,2,0.5489,2,0.957,1.64
v4_000582.jpg,video4.mp4,4,582,23.28,0.533456,0.533456,2,0.5474,2,0.957,1.39
v4_000583.jpg,video4.mp4,4,583,23.32,0.534372,0.534372,2,0.5404,2,0.9561,0.6
v4_000584.jpg,video4.mp4,4,584,23.36,0.535289,0.535289,2,0.5398,2,0.956,0.45
v4_000585.jpg,video4.mp4,4,585,23.4,0.536205,0.536205,2,0.5343,2,0.9553,0.19
v4_000586.jpg,video4.mp4,4,586,23.44,0.537122,0.537122,2,0.551,2,0.9544,1.39
v4_000587.jpg,video4.mp4,4,587,23.48,0.538038,0.538038,2,0.5515,2,0.9541,1.35
v4_000588.jpg,video4.mp4,4,588,23.52,0.538955,0.538955,2,0.5431,2,0.9366,0.41
v4_000589.jpg,video4.mp4,4,589,23.56,0.539872,0.539872,2,0.5434,2,0.9362,0.35
v4_000590.jpg,video4.mp4,4,590,23.6,0.540788,0.540788,2,0.5521,2,0.9591,1.13
v4_000591.jpg,video4.mp4,4,591,23.64,0.541705,0.541705,2,0.5526,2,0.9595,1.09
v4_000592.jpg,video4.mp4,4,592,23.68,0.542621,0.542621,2,0.5627,2,0.964,2.01
v4_000593.jpg,video4.mp4,4,593,23.72,0.543538,0.543538,2,0.5651,2,0.9632,2.16
v4_000594.jpg,video4.mp4,4,594,23.76,0.544455,0.544455,2,0.5354,2,0.969,0.91
v4_000595.jpg,video4.mp4,4,595,23.8,0.545371,0.545371,2,0.534,2,0.9694,1.14
v4_000596.jpg,video4.mp4,4,596,23.84,0.546288,0.546288,2,0.5339,2,0.9714,1.24
v4_000597.jpg,video4.mp4,4,597,23.88,0.547204,0.547204,2,0.5361,2,0.9717,1.11
v4_000598.jpg,video4.mp4,4,598,23.92,0.548121,0.548121,2,0.5143,2,0.9756,3.38
v4_000599.jpg,video4.mp4,4,599,23.96,0.549038,0.549038,2,0.5136,2,0.9759,3.54
v4_000600.jpg,video4.mp4,4,600,24.0,0.549954,0.549954,2,0.5365,2,0.97,1.35
v4_000601.jpg,video4.mp4,4,601,24.04,0.550871,0.550871,2,0.5342,2,0.969,1.67
v4_000602.jpg,video4.mp4,4,602,24.08,0.551787,0.551787,2,0.5338,2,0.9647,1.8
v4_000603.jpg,video4.mp4,4,603,24.12,0.552704,0.552704,2,0.5355,2,0.9648,1.72
v4_000604.jpg,video4.mp4,4,604,24.16,0.553621,0.553621,2,0.5444,2,0.9687,0.92
v4_000605.jpg,video4.mp4,4,605,24.2,0.554537,0.554537,2,0.5427,2,0.9685,1.18
v4_000606.jpg,video4.mp4,4,606,24.24,0.555454,0.555454,2,0.5572,2,0.9669,0.17
v4_000607.jpg,video4.mp4,4,607,24.28,0.55637,0.55637,2,0.5591,2,0.9666,0.27
v4_000608.jpg,video4.mp4,4,608,24.32,0.557287,0.557287,2,0.5632,2,0.9694,0.59
v4_000609.jpg,video4.mp4,4,609,24.36,0.558203,0.558203,2,0.5626,2,0.9693,0.44
v4_000610.jpg,video4.mp4,4,610,24.4,0.55912,0.55912,2,0.5634,2,0.9691,0.43
v4_000611.jpg,video4.mp4,4,611,24.44,0.560037,0.560037,2,0.5585,2,0.9768,0.15
v4_000612.jpg,video4.mp4,4,612,24.48,0.560953,0.560953,2,0.5569,2,0.9773,0.41
v4_000613.jpg,video4.mp4,4,613,24.52,0.56187,0.56187,2,0.5553,2,0.974,0.66
v4_000614.jpg,video4.mp4,4,614,24.56,0.562786,0.562786,2,0.5545,2,0.9744,0.83
v4_000615.jpg,video4.mp4,4,615,24.6,0.563703,0.563703,2,0.572,2,0.9663,0.83
v4_000616.jpg,video4.mp4,4,616,24.64,0.56462,0.56462,2,0.5711,2,0.9664,0.65
v4_000617.jpg,video4.mp4,4,617,24.68,0.565536,0.565536,2,0.5564,2,0.9744,0.91
v4_000618.jpg,video4.mp4,4,618,24.72,0.566453,0.566453,2,0.5536,2,0.9744,1.29
v4_000619.jpg,video4.mp4,4,619,24.76,0.567369,0.567369,2,0.5866,2,0.9563,1.92
v4_000620.jpg,video4.mp4,4,620,24.8,0.568286,0.568286,2,0.5829,2,0.9586,1.46
v4_000621.jpg,video4.mp4,4,621,24.84,0.569203,0.569203,2,0.5659,2,0.9675,0.33
v4_000622.jpg,video4.mp4,4,622,24.88,0.570119,0.570119,2,0.5695,2,0.9669,0.06
v4_000623.jpg,video4.mp4,4,623,24.92,0.571036,0.571036,2,0.5613,2,0.9657,0.97
v4_000624.jpg,video4.mp4,4,624,24.96,0.571952,0.571952,2,0.5621,2,0.9651,0.99
v4_000625.jpg,video4.mp4,4,625,25.0,0.572869,0.572869,2,0.5611,2,0.9628,1.18
v4_000626.jpg,video4.mp4,4,626,25.04,0.573786,0.573786,2,0.5624,2,0.9632,1.14
v4_000627.jpg,video4.mp4,4,627,25.08,0.574702,0.574702,2,0.5792,2,0.9673,0.45
v4_000628.jpg,video4.mp4,4,628,25.12,0.575619,0.575619,2,0.5778,2,0.9672,0.22
v4_000629.jpg,video4.mp4,4,629,25.16,0.576535,0.576535,2,0.5824,2,0.9705,0.59
v4_000630.jpg,video4.mp4,4,630,25.2,0.577452,0.577452,2,0.5819,2,0.9713,0.44
v4_000631.jpg,video4.mp4,4,631,25.24,0.578368,0.578368,2,0.5674,2,0.9695,1.1
v4_000632.jpg,video4.mp4,4,632,25.28,0.579285,0.579285,2,0.5689,2,0.9703,1.04
v4_000633.jpg,video4.mp4,4,633,25.32,0.580202,0.580202,2,0.572,2,0.973,0.82
v4_000634.jpg,video4.mp4,4,634,25.36,0.581118,0.581118,2,0.572,2,0.9729,0.91
v4_000635.jpg,video4.mp4,4,635,25.4,0.582035,0.582035,2,0.5737,2,0.9732,0.83
v4_000636.jpg,video4.mp4,4,636,25.44,0.582951,0.582951,2,0.5803,2,0.9692,0.27
v4_000637.jpg,video4.mp4,4,637,25.48,0.583868,0.583868,2,0.584,2,0.9691,0.01
v4_000638.jpg,video4.mp4,4,638,25.52,0.584785,0.584785,2,0.5801,2,0.9715,0.47
v4_000639.jpg,video4.mp4,4,639,25.56,0.585701,0.585701,2,0.5809,2,0.9713,0.48
v4_000640.jpg,video4.mp4,4,640,25.6,0.586618,0.586618,2,0.5738,2,0.9772,1.28
v4_000641.jpg,video4.mp4,4,641,25.64,0.587534,0.587534,2,0.5753,2,0.9771,1.22
v4_000642.jpg,video4.mp4,4,642,25.68,0.588451,0.588451,2,0.576,2,0.9733,1.25
v4_000643.jpg,video4.mp4,4,643,25.72,0.589368,0.589368,2,0.5996,2,0.9655,1.02
v4_000644.jpg,video4.mp4,4,644,25.76,0.590284,0.590284,2,0.598,2,0.9663,0.77
v4_000645.jpg,video4.mp4,4,645,25.8,0.591201,0.591201,2,0.5992,2,0.9641,0.8
v4_000646.jpg,video4.mp4,4,646,25.84,0.592117,0.592117,2,0.5971,2,0.9715,0.5
v4_000647.jpg,video4.mp4,4,647,25.88,0.593034,0.593034,2,0.5959,2,0.9691,0.29
v4_000648.jpg,video4.mp4,4,648,25.92,0.593951,0.593951,2,0.6094,2,0.9512,1.54
v4_000649.jpg,video4.mp4,4,649,25.96,0.594867,0.594867,2,0.6099,2,0.9488,1.5
v4_000650.jpg,video4.mp4,4,650,26.0,0.595784,0.595784,2,0.6067,2,0.9518,1.09
v4_000651.jpg,video4.mp4,4,651,26.04,0.5967,0.5967,2,0.6062,2,0.9492,0.95
v4_000652.jpg,video4.mp4,4,652,26.08,0.597617,0.597617,2,0.6183,2,0.9465,2.07
v4_000653.jpg,video4.mp4,4,653,26.12,0.598533,0.598533,2,0.6171,2,0.948,1.86
v4_000654.jpg,video4.mp4,4,654,26.16,0.59945,0.59945,2,0.5989,2,0.9617,0.05
v4_000655.jpg,video4.mp4,4,655,26.2,0.600367,0.600367,2,0.5978,2,0.962,0.26
v4_000656.jpg,video4.mp4,4,656,26.24,0.601283,0.601283,2,0.6275,2,0.9523,2.62
v4_000657.jpg,video4.mp4,4,657,26.28,0.6022,0.6022,2,0.6288,2,0.951,2.66
v4_000658.jpg,video4.mp4,4,658,26.32,0.603116,0.603116,2,0.5919,2,0.967,1.12
v4_000659.jpg,video4.mp4,4,659,26.36,0.604033,0.604033,2,0.594,2,0.9667,1.0
v4_000660.jpg,video4.mp4,4,660,26.4,0.60495,0.60495,2,0.6073,2,0.9689,0.23
v4_000661.jpg,video4.mp4,4,661,26.44,0.605866,0.605866,2,0.6067,2,0.9693,0.08
v4_000662.jpg,video4.mp4,4,662,26.48,0.606783,0.606783,2,0.6036,2,0.9689,0.32
v4_000663.jpg,video4.mp4,4,663,26.52,0.607699,0.607699,2,0.605,2,0.9692,0.27
v4_000664.jpg,video4.mp4,4,664,26.56,0.608616,0.608616,2,0.614,2,0.9709,0.54
v4_000665.jpg,video4.mp4,4,665,26.6,0.609533,0.609533,2,0.6138,2,0.9708,0.43
v4_000666.jpg,video4.mp4,4,666,26.64,0.610449,0.610449,2,0.5937,2,0.9758,1.67
v4_000667.jpg,video4.mp4,4,667,26.68,0.611366,0.611366,2,0.5914,2,0.9756,2.0
v4_000668.jpg,video4.mp4,4,668,26.72,0.612282,0.612282,2,0.6104,2,0.9692,0.19
v4_000669.jpg,video4.mp4,4,669,26.76,0.613199,0.613199,2,0.6087,2,0.9693,0.45
v4_000670.jpg,video4.mp4,4,670,26.8,0.614115,0.614115,2,0.608,2,0.9693,0.61
v4_000671.jpg,video4.mp4,4,671,26.84,0.615032,0.615032,2,0.608,2,0.9778,0.7
v4_000672.jpg,video4.mp4,4,672,26.88,0.615949,0.615949,2,0.6084,2,0.9784,0.75
v4_000673.jpg,video4.mp4,4,673,26.92,0.616865,0.616865,2,0.5934,2,0.9776,2.35
v4_000674.jpg,video4.mp4,4,674,26.96,0.617782,0.617782,2,0.5945,2,0.9776,2.33
v4_000675.jpg,video4.mp4,4,675,27.0,0.618698,0.618698,2,0.5995,2,0.9818,1.92
v4_000676.jpg,video4.mp4,4,676,27.04,0.619615,0.619615,2,0.5977,2,0.9819,2.19
v4_000677.jpg,video4.mp4,4,677,27.08,0.620532,0.620532,2,0.5951,2,0.9791,2.54
v4_000678.jpg,video4.mp4,4,678,27.12,0.621448,0.621448,2,0.5945,2,0.9792,2.69
v4_000679.jpg,video4.mp4,4,679,27.16,0.622365,0.622365,2,0.6075,2,0.9784,1.49
v4_000680.jpg,video4.mp4,4,680,27.2,0.623281,0.623281,2,0.607,2,0.978,1.63
v4_000681.jpg,video4.mp4,4,681,27.24,0.624198,0.624198,2,0.6303,2,0.9665,0.61
v4_000682.jpg,video4.mp4,4,682,27.28,0.625115,0.625115,2,0.6307,2,0.9661,0.56
v4_000683.jpg,video4.mp4,4,683,27.32,0.626031,0.626031,2,0.6339,2,0.9431,0.79
v4_000684.jpg,video4.mp4,4,684,27.36,0.626948,0.626948,2,0.6341,2,0.9421,0.72
v4_000685.jpg,video4.mp4,4,685,27.4,0.627864,0.627864,2,0.6155,2,0.9724,1.24
v4_000686.jpg,video4.mp4,4,686,27.44,0.628781,0.628781,2,0.6155,2,0.9735,1.33
v4_000687.jpg,video4.mp4,4,687,27.48,0.629698,0.629698,2,0.61,2,0.9715,1.97
v4_000688.jpg,video4.mp4,4,688,27.52,0.630614,0.630614,2,0.6097,2,0.9712,2.09
v4_000689.jpg,video4.mp4,4,689,27.56,0.631531,0.631531,2,0.6476,2,0.9497,1.61
v4_000690.jpg,video4.mp4,4,690,27.6,0.632447,0.632447,2,0.6506,2,0.9416,1.82
v4_000691.jpg,video4.mp4,4,691,27.64,0.633364,0.633364,2,0.6569,2,0.9292,2.35
v4_000692.jpg,video4.mp4,4,692,27.68,0.63428,0.63428,2,0.6566,2,0.932,2.23
v4_000693.jpg,video4.mp4,4,693,27.72,0.635197,0.635197,2,0.6219,2,0.962,1.33
v4_000694.jpg,video4.mp4,4,694,27.76,0.636114,0.636114,2,0.621,2,0.9631,1.51
v4_000695.jpg,video4.mp4,4,695,27.8,0.63703,0.63703,2,0.6201,2,0.9633,1.69
v4_000696.jpg,video4.mp4,4,696,27.84,0.637947,0.637947,2,0.6456,2,0.8511,0.77
v4_000697.jpg,video4.mp4,4,697,27.88,0.638863,0.638863,2,0.6436,2,0.8816,0.47
v4_000698.jpg,video4.mp4,4,698,27.92,0.63978,0.63978,2,0.6426,2,0.89,0.28
v4_000699.jpg,video4.mp4,4,699,27.96,0.640697,0.640697,2,0.6436,2,0.872,0.29
v4_000700.jpg,video4.mp4,4,700,28.0,0.641613,0.641613,2,0.6408,2,0.8578,0.08
v4_000701.jpg,video4.mp4,4,701,28.04,0.64253,0.64253,2,0.6406,2,0.872,0.19
v4_000702.jpg,video4.mp4,4,702,28.08,0.643446,0.643446,2,0.6511,2,0.7157,0.77
v4_000703.jpg,video4.mp4,4,703,28.12,0.644363,0.644363,2,0.6539,2,0.6512,0.95
v4_000704.jpg,video4.mp4,4,704,28.16,0.64528,0.64528,2,0.6396,2,0.7528,0.57
v4_000705.jpg,video4.mp4,4,705,28.2,0.646196,0.646196,2,0.6432,2,0.7771,0.3
v4_000706.jpg,video4.mp4,4,706,28.24,0.647113,0.647113,2,0.6291,2,0.8829,1.8
v4_000707.jpg,video4.mp4,4,707,28.28,0.648029,0.648029,2,0.6293,2,0.8834,1.87
v4_000708.jpg,video4.mp4,4,708,28.32,0.648946,0.648946,2,0.6472,2,0.5484,0.17
v4_000709.jpg,video4.mp4,4,709,28.36,0.649863,0.649863,2,0.6467,2,0.6203,0.32
v4_000710.jpg,video4.mp4,4,710,28.4,0.650779,0.650779,3,0.6408,3,0.6991,1.0
v4_000711.jpg,video4.mp4,4,711,28.44,0.651696,0.651696,3,0.6423,3,0.7205,0.94
v4_000712.jpg,video4.mp4,4,712,28.48,0.652612,0.652612,3,0.652,3,0.6551,0.06
v4_000713.jpg,video4.mp4,4,713,28.52,0.653529,0.653529,3,0.6534,3,0.6362,0.01
v4_000714.jpg,video4.mp4,4,714,28.56,0.654445,0.654445,3,0.6386,3,0.6948,1.58
v4_000715.jpg,video4.mp4,4,715,28.6,0.655362,0.655362,3,0.6358,3,0.6136,1.96
v4_000716.jpg,video4.mp4,4,716,28.64,0.656279,0.656279,3,0.6401,3,0.9128,1.62
v4_000717.jpg,video4.mp4,4,717,28.68,0.657195,0.657195,3,0.6416,3,0.9049,1.56
v4_000718.jpg,video4.mp4,4,718,28.72,0.658112,0.658112,3,0.6559,3,0.9041,0.22
v4_000719.jpg,video4.mp4,4,719,28.76,0.659028,0.659028,3,0.6551,3,0.8912,0.39
v4_000720.jpg,video4.mp4,4,720,28.8,0.659945,0.659945,3,0.6555,3,0.8866,0.44
v4_000721.jpg,video4.mp4,4,721,28.84,0.660862,0.660862,3,0.6572,3,0.8062,0.37
v4_000722.jpg,video4.mp4,4,722,28.88,0.661778,0.661778,3,0.6575,3,0.8029,0.43
v4_000723.jpg,video4.mp4,4,723,28.92,0.662695,0.662695,3,0.6728,3,0.9717,1.01
v4_000724.jpg,video4.mp4,4,724,28.96,0.663611,0.663611,3,0.6736,3,0.9727,1.0
v4_000725.jpg,video4.mp4,4,725,29.0,0.664528,0.664528,3,0.6672,3,0.9783,0.27
v4_000726.jpg,video4.mp4,4,726,29.04,0.665445,0.665445,3,0.6647,3,0.9773,0.07
v4_000727.jpg,video4.mp4,4,727,29.08,0.666361,0.666361,3,0.6477,3,0.9634,1.87
v4_000728.jpg,video4.mp4,4,728,29.12,0.667278,0.667278,3,0.649,3,0.9652,1.83
v4_000729.jpg,video4.mp4,4,729,29.16,0.668194,0.668194,3,0.6579,3,0.9652,1.03
v4_000730.jpg,video4.mp4,4,730,29.2,0.669111,0.669111,3,0.6571,3,0.965,1.2
v4_000731.jpg,video4.mp4,4,731,29.24,0.670027,0.670027,3,0.6572,3,0.9719,1.28
v4_000732.jpg,video4.mp4,4,732,29.28,0.670944,0.670944,3,0.655,3,0.972,1.59
v4_000733.jpg,video4.mp4,4,733,29.32,0.671861,0.671861,3,0.6648,3,0.9665,0.71
v4_000734.jpg,video4.mp4,4,734,29.36,0.672777,0.672777,3,0.6681,3,0.968,0.47
v4_000735.jpg,video4.mp4,4,735,29.4,0.673694,0.673694,3,0.6677,3,0.9659,0.6
v4_000736.jpg,video4.mp4,4,736,29.44,0.67461,0.67461,3,0.6677,3,0.9667,0.69
v4_000737.jpg,video4.mp4,4,737,29.48,0.675527,0.675527,3,0.6917,3,0.9707,1.62
v4_000738.jpg,video4.mp4,4,738,29.52,0.676444,0.676444,3,0.6937,3,0.9737,1.73
v4_000739.jpg,video4.mp4,4,739,29.56,0.67736,0.67736,3,0.6704,3,0.9557,0.7
v4_000740.jpg,video4.mp4,4,740,29.6,0.678277,0.678277,3,0.672,3,0.9585,0.63
v4_000741.jpg,video4.mp4,4,741,29.64,0.679193,0.679193,3,0.6763,3,0.9659,0.29
v4_000742.jpg,video4.mp4,4,742,29.68,0.68011,0.68011,3,0.6775,3,0.9668,0.26
v4_000743.jpg,video4.mp4,4,743,29.72,0.681027,0.681027,3,0.6637,3,0.9265,1.73
v4_000744.jpg,video4.mp4,4,744,29.76,0.681943,0.681943,3,0.6625,3,0.9118,1.94
v4_000745.jpg,video4.mp4,4,745,29.8,0.68286,0.68286,3,0.6627,3,0.9202,2.02
v4_000746.jpg,video4.mp4,4,746,29.84,0.683776,0.683776,3,0.6646,3,0.949,1.92
v4_000747.jpg,video4.mp4,4,747,29.88,0.684693,0.684693,3,0.6699,3,0.9498,1.48
v4_000748.jpg,video4.mp4,4,748,29.92,0.68561,0.68561,3,0.6676,3,0.9491,1.8
v4_000749.jpg,video4.mp4,4,749,29.96,0.686526,0.686526,3,0.6673,3,0.9493,1.92
v4_000750.jpg,video4.mp4,4,750,30.0,0.687443,0.687443,3,0.6767,3,0.9649,1.07
v4_000751.jpg,video4.mp4,4,751,30.04,0.688359,0.688359,3,0.6773,3,0.9643,1.11
v4_000752.jpg,video4.mp4,4,752,30.08,0.689276,0.689276,3,0.6825,3,0.967,0.68
v4_000753.jpg,video4.mp4,4,753,30.12,0.690192,0.690192,3,0.6814,3,0.965,0.88
v4_000754.jpg,video4.mp4,4,754,30.16,0.691109,0.691109,3,0.7008,3,0.9867,0.97
v4_000755.jpg,video4.mp4,4,755,30.2,0.692026,0.692026,3,0.7009,3,0.9864,0.89
v4_000756.jpg,video4.mp4,4,756,30.24,0.692942,0.692942,3,0.6901,3,0.9639,0.28
v4_000757.jpg,video4.mp4,4,757,30.28,0.693859,0.693859,3,0.6894,3,0.9626,0.45
v4_000758.jpg,video4.mp4,4,758,30.32,0.694775,0.694775,3,0.7139,3,0.9695,1.91
v4_000759.jpg,video4.mp4,4,759,30.36,0.695692,0.695692,3,0.7148,3,0.9681,1.91
v4_000760.jpg,video4.mp4,4,760,30.4,0.696609,0.696609,3,0.7135,3,0.9413,1.69
v4_000761.jpg,video4.mp4,4,761,30.44,0.697525,0.697525,3,0.711,3,0.9339,1.35
v4_000762.jpg,video4.mp4,4,762,30.48,0.698442,0.698442,3,0.7267,3,0.974,2.83
v4_000763.jpg,video4.mp4,4,763,30.52,0.699358,0.699358,3,0.7282,3,0.9733,2.88
v4_000764.jpg,video4.mp4,4,764,30.56,0.700275,0.700275,3,0.7225,3,0.9717,2.22
v4_000765.jpg,video4.mp4,4,765,30.6,0.701192,0.701192,3,0.7237,3,0.9724,2.25
v4_000766.jpg,video4.mp4,4,766,30.64,0.702108,0.702108,3,0.6999,3,0.9182,0.22
v4_000767.jpg,video4.mp4,4,767,30.68,0.703025,0.703025,3,0.7021,3,0.9252,0.09
v4_000768.jpg,video4.mp4,4,768,30.72,0.703941,0.703941,3,0.7075,3,0.9468,0.36
v4_000769.jpg,video4.mp4,4,769,30.76,0.704858,0.704858,3,0.7063,3,0.9493,0.14
v4_000770.jpg,video4.mp4,4,770,30.8,0.705775,0.705775,3,0.708,3,0.9487,0.22
v4_000771.jpg,video4.mp4,4,771,30.84,0.706691,0.706691,3,0.7339,3,0.9331,2.72
v4_000772.jpg,video4.mp4,4,772,30.88,0.707608,0.707608,3,0.7363,3,0.9318,2.87
v4_000773.jpg,video4.mp4,4,773,30.92,0.708524,0.708524,3,0.7395,3,0.9806,3.1
v4_000774.jpg,video4.mp4,4,774,30.96,0.709441,0.709441,3,0.7393,3,0.9809,2.99
v4_000775.jpg,video4.mp4,4,775,31.0,0.710357,0.710357,3,0.7304,3,0.9205,2.0
v4_000776.jpg,video4.mp4,4,776,31.04,0.711274,0.711274,3,0.7299,3,0.9195,1.86
v4_000777.jpg,video4.mp4,4,777,31.08,0.712191,0.712191,3,0.7139,3,0.988,0.17
v4_000778.jpg,video4.mp4,4,778,31.12,0.713107,0.713107,3,0.7125,3,0.9876,0.06
v4_000779.jpg,video4.mp4,4,779,31.16,0.714024,0.714024,3,0.732,3,0.9621,1.8
v4_000780.jpg,video4.mp4,4,780,31.2,0.71494,0.71494,3,0.7291,3,0.9637,1.42
v4_000781.jpg,video4.mp4,4,781,31.24,0.715857,0.715857,3,0.7386,3,0.9612,2.27
v4_000782.jpg,video4.mp4,4,782,31.28,0.716774,0.716774,3,0.7408,3,0.9611,2.4
v4_000783.jpg,video4.mp4,4,783,31.32,0.71769,0.71769,3,0.7378,3,0.9879,2.01
v4_000784.jpg,video4.mp4,4,784,31.36,0.718607,0.718607,3,0.7381,3,0.9876,1.95
v4_000785.jpg,video4.mp4,4,785,31.4,0.719523,0.719523,3,0.7589,3,0.9798,3.94
v4_000786.jpg,video4.mp4,4,786,31.44,0.72044,0.72044,3,0.7607,3,0.9801,4.03
v4_000787.jpg,video4.mp4,4,787,31.48,0.721357,0.721357,3,0.7346,3,0.979,1.32
v4_000788.jpg,video4.mp4,4,788,31.52,0.722273,0.722273,3,0.7348,3,0.9799,1.25
v4_000789.jpg,video4.mp4,4,789,31.56,0.72319,0.72319,3,0.7502,3,0.9452,2.7
v4_000790.jpg,video4.mp4,4,790,31.6,0.724106,0.724106,3,0.7535,3,0.9429,2.94
v4_000791.jpg,video4.mp4,4,791,31.64,0.725023,0.725023,3,0.7255,3,0.9635,0.05
v4_000792.jpg,video4.mp4,4,792,31.68,0.72594,0.72594,3,0.7228,3,0.9603,0.31
v4_000793.jpg,video4.mp4,4,793,31.72,0.726856,0.726856,3,0.7471,3,0.9647,2.02
v4_000794.jpg,video4.mp4,4,794,31.76,0.727773,0.727773,3,0.7479,3,0.9655,2.01
v4_000795.jpg,video4.mp4,4,795,31.8,0.728689,0.728689,3,0.7445,3,0.9637,1.58
v4_000796.jpg,video4.mp4,4,796,31.84,0.729606,0.729606,3,0.7411,3,0.9643,1.15
v4_000797.jpg,video4.mp4,4,797,31.88,0.730522,0.730522,3,0.7421,3,0.9607,1.16
v4_000798.jpg,video4.mp4,4,798,31.92,0.731439,0.731439,3,0.7397,3,0.9585,0.83
v4_000799.jpg,video4.mp4,4,799,31.96,0.732356,0.732356,3,0.7387,3,0.9622,0.63
v4_000800.jpg,video4.mp4,4,800,32.0,0.733272,0.733272,3,0.7307,3,0.9766,0.26
v4_000801.jpg,video4.mp4,4,801,32.04,0.734189,0.734189,3,0.7295,3,0.9758,0.47
v4_000802.jpg,video4.mp4,4,802,32.08,0.735105,0.735105,3,0.7352,3,0.9558,0.01
v4_000803.jpg,video4.mp4,4,803,32.12,0.736022,0.736022,3,0.733,3,0.9558,0.3
v4_000804.jpg,video4.mp4,4,804,32.16,0.736939,0.736939,3,0.7273,3,0.9625,0.96
v4_000805.jpg,video4.mp4,4,805,32.2,0.737855,0.737855,3,0.7259,3,0.9616,1.2
v4_000806.jpg,video4.mp4,4,806,32.24,0.738772,0.738772,3,0.7363,3,0.9883,0.25
v4_000807.jpg,video4.mp4,4,807,32.28,0.739688,0.739688,3,0.7364,3,0.988,0.33
v4_000808.jpg,video4.mp4,4,808,32.32,0.740605,0.740605,3,0.7361,3,0.9595,0.45
v4_000809.jpg,video4.mp4,4,809,32.36,0.741522,0.741522,3,0.7358,3,0.9587,0.57
v4_000810.jpg,video4.mp4,4,810,32.4,0.742438,0.742438,3,0.7239,3,0.9531,1.85
v4_000811.jpg,video4.mp4,4,811,32.44,0.743355,0.743355,3,0.7236,3,0.9527,1.98
v4_000812.jpg,video4.mp4,4,812,32.48,0.744271,0.744271,3,0.7172,3,0.9793,2.71
v4_000813.jpg,video4.mp4,4,813,32.52,0.745188,0.745188,3,0.7179,3,0.9772,2.73
v4_000814.jpg,video4.mp4,4,814,32.56,0.746104,0.746104,3,0.7211,3,0.9833,2.5
v4_000815.jpg,video4.mp4,4,815,32.6,0.747021,0.747021,3,0.718,3,0.9826,2.9
v4_000816.jpg,video4.mp4,4,816,32.64,0.747938,0.747938,3,0.7225,3,0.9795,2.54
v4_000817.jpg,video4.mp4,4,817,32.68,0.748854,0.748854,3,0.7249,3,0.9827,2.4
v4_000818.jpg,video4.mp4,4,818,32.72,0.749771,0.749771,3,0.7387,3,0.979,1.11
v4_000819.jpg,video4.mp4,4,819,32.76,0.750687,0.750687,3,0.7394,3,0.9796,1.13
v4_000820.jpg,video4.mp4,4,820,32.8,0.751604,0.751604,3,0.74,3,0.9793,1.16
v4_000821.jpg,video4.mp4,4,821,32.84,0.752521,0.752521,3,0.7436,3,0.9874,0.89
v4_000822.jpg,video4.mp4,4,822,32.88,0.753437,0.753437,3,0.7436,3,0.9869,0.98
v4_000823.jpg,video4.mp4,4,823,32.92,0.754354,0.754354,3,0.7379,3,0.9811,1.65
v4_000824.jpg,video4.mp4,4,824,32.96,0.75527,0.75527,3,0.7374,3,0.9809,1.79
v4_000825.jpg,video4.mp4,4,825,33.0,0.756187,0.756187,3,0.7444,3,0.9662,1.18
v4_000826.jpg,video4.mp4,4,826,33.04,0.757104,0.757104,3,0.7459,3,0.9654,1.12
v4_000827.jpg,video4.mp4,4,827,33.08,0.75802,0.75802,3,0.7558,3,0.9745,0.22
v4_000828.jpg,video4.mp4,4,828,33.12,0.758937,0.758937,3,0.7542,3,0.975,0.47
v4_000829.jpg,video4.mp4,4,829,33.16,0.759853,0.759853,3,0.7461,3,0.9859,1.38
v4_000830.jpg,video4.mp4,4,830,33.2,0.76077,0.76077,3,0.7512,3,0.9853,0.96
v4_000831.jpg,video4.mp4,4,831,33.24,0.761687,0.761687,3,0.7484,3,0.9815,1.33
v4_000832.jpg,video4.mp4,4,832,33.28,0.762603,0.762603,3,0.7499,3,0.9826,1.27
v4_000833.jpg,video4.mp4,4,833,33.32,0.76352,0.76352,3,0.7506,3,0.984,1.29
v4_000834.jpg,video4.mp4,4,834,33.36,0.764436,0.764436,3,0.7489,3,0.9823,1.55
v4_000835.jpg,video4.mp4,4,835,33.4,0.765353,0.765353,3,0.7433,3,0.9798,2.21
v4_000836.jpg,video4.mp4,4,836,33.44,0.766269,0.766269,3,0.7453,3,0.9803,2.1
v4_000837.jpg,video4.mp4,4,837,33.48,0.767186,0.767186,3,0.7581,3,0.9755,0.91
v4_000838.jpg,video4.mp4,4,838,33.52,0.768103,0.768103,3,0.7594,3,0.9778,0.87
v4_000839.jpg,video4.mp4,4,839,33.56,0.769019,0.769019,3,0.7841,3,0.974,1.51
v4_000840.jpg,video4.mp4,4,840,33.6,0.769936,0.769936,3,0.7815,3,0.9738,1.16
v4_000841.jpg,video4.mp4,4,841,33.64,0.770852,0.770852,3,0.7687,3,0.9521,0.22
v4_000842.jpg,video4.mp4,4,842,33.68,0.771769,0.771769,3,0.7705,3,0.9519,0.13
v4_000843.jpg,video4.mp4,4,843,33.72,0.772686,0.772686,3,0.768,3,0.9808,0.47
v4_000844.jpg,video4.mp4,4,844,33.76,0.773602,0.773602,3,0.7694,3,0.9798,0.42
v4_000845.jpg,video4.mp4,4,845,33.8,0.774519,0.774519,3,0.7681,3,0.9794,0.64
v4_000846.jpg,video4.mp4,4,846,33.84,0.775435,0.775435,3,0.7677,3,0.9771,0.77
v4_000847.jpg,video4.mp4,4,847,33.88,0.776352,0.776352,3,0.7679,3,0.9764,0.85
v4_000848.jpg,video4.mp4,4,848,33.92,0.777269,0.777269,3,0.7712,3,0.9799,0.61
v4_000849.jpg,video4.mp4,4,849,33.96,0.778185,0.778185,3,0.777,3,0.9765,0.12
v4_000850.jpg,video4.mp4,4,850,34.0,0.779102,0.779102,3,0.7619,3,0.9634,1.72
v4_000851.jpg,video4.mp4,4,851,34.04,0.780018,0.780018,3,0.762,3,0.9648,1.8
v4_000852.jpg,video4.mp4,4,852,34.08,0.780935,0.780935,3,0.7511,3,0.9626,2.98
v4_000853.jpg,video4.mp4,4,853,34.12,0.781852,0.781852,3,0.7563,3,0.9661,2.56
v4_000854.jpg,video4.mp4,4,854,34.16,0.782768,0.782768,3,0.7579,3,0.9623,2.49
v4_000855.jpg,video4.mp4,4,855,34.2,0.783685,0.783685,3,0.7603,3,0.9553,2.34
v4_000856.jpg,video4.mp4,4,856,34.24,0.784601,0.784601,3,0.7626,3,0.9793,2.2
v4_000857.jpg,video4.mp4,4,857,34.28,0.785518,0.785518,3,0.7638,3,0.9807,2.17
v4_000858.jpg,video4.mp4,4,858,34.32,0.786434,0.786434,3,0.7914,3,0.9693,0.5
v4_000859.jpg,video4.mp4,4,859,34.36,0.787351,0.787351,3,0.7896,3,0.9738,0.22
v4_000860.jpg,video4.mp4,4,860,34.4,0.788268,0.788268,3,0.7721,3,0.9774,1.62
v4_000861.jpg,video4.mp4,4,861,34.44,0.789184,0.789184,3,0.7738,3,0.977,1.54
v4_000862.jpg,video4.mp4,4,862,34.48,0.790101,0.790101,3,0.773,3,0.9811,1.71
v4_000863.jpg,video4.mp4,4,863,34.52,0.791017,0.791017,3,0.7739,3,0.9813,1.71
v4_000864.jpg,video4.mp4,4,864,34.56,0.791934,0.791934,3,0.7934,3,0.9749,0.15
v4_000865.jpg,video4.mp4,4,865,34.6,0.792851,0.792851,3,0.7878,3,0.9829,0.51
v4_000866.jpg,video4.mp4,4,866,34.64,0.793767,0.793767,3,0.8005,3,0.9803,0.67
v4_000867.jpg,video4.mp4,4,867,34.68,0.794684,0.794684,3,0.803,3,0.9823,0.83
v4_000868.jpg,video4.mp4,4,868,34.72,0.7956,0.7956,3,0.7815,3,0.9731,1.41
v4_000869.jpg,video4.mp4,4,869,34.76,0.796517,0.796517,3,0.7871,3,0.9732,0.94
v4_000870.jpg,video4.mp4,4,870,34.8,0.797434,0.797434,3,0.7873,3,0.9748,1.01
v4_000871.jpg,video4.mp4,4,871,34.84,0.79835,0.79835,3,0.7974,3,0.953,0.1
v4_000872.jpg,video4.mp4,4,872,34.88,0.799267,0.799267,3,0.8003,3,0.9517,0.1
v4_000873.jpg,video4.mp4,4,873,34.92,0.800183,0.800183,3,0.7977,3,0.9568,0.25
v4_000874.jpg,video4.mp4,4,874,34.96,0.8011,0.8011,3,0.804,3,0.9525,0.29
v4_000875.jpg,video4.mp4,4,875,35.0,0.802016,0.802016,3,0.7732,3,0.9491,2.88
v4_000876.jpg,video4.mp4,4,876,35.04,0.802933,0.802933,3,0.7746,3,0.9541,2.83
v4_000877.jpg,video4.mp4,4,877,35.08,0.80385,0.80385,3,0.7887,3,0.9598,1.52
v4_000878.jpg,video4.mp4,4,878,35.12,0.804766,0.804766,3,0.7893,3,0.963,1.55
v4_000879.jpg,video4.mp4,4,879,35.16,0.805683,0.805683,3,0.802,3,0.9122,0.37
v4_000880.jpg,video4.mp4,4,880,35.2,0.806599,0.806599,3,0.8052,3,0.919,0.14
v4_000881.jpg,video4.mp4,4,881,35.24,0.807516,0.807516,3,0.8026,3,0.9311,0.49
v4_000882.jpg,video4.mp4,4,882,35.28,0.808433,0.808433,3,0.8023,3,0.931,0.61
v4_000883.jpg,video4.mp4,4,883,35.32,0.809349,0.809349,3,0.7879,3,0.9749,2.14
v4_000884.jpg,video4.mp4,4,884,35.36,0.810266,0.810266,3,0.7908,3,0.9733,1.95
v4_000885.jpg,video4.mp4,4,885,35.4,0.811182,0.811182,3,0.7941,3,0.9685,1.71
v4_000886.jpg,video4.mp4,4,886,35.44,0.812099,0.812099,3,0.791,3,0.9667,2.11
v4_000887.jpg,video4.mp4,4,887,35.48,0.813016,0.813016,3,0.7992,3,0.9408,1.38
v4_000888.jpg,video4.mp4,4,888,35.52,0.813932,0.813932,3,0.7982,3,0.9387,1.57
v4_000889.jpg,video4.mp4,4,889,35.56,0.814849,0.814849,3,0.8044,3,0.9842,1.04
v4_000890.jpg,video4.mp4,4,890,35.6,0.815765,0.815765,3,0.8068,3,0.9841,0.9
v4_000891.jpg,video4.mp4,4,891,35.64,0.816682,0.816682,3,0.8036,3,0.9698,1.31
v4_000892.jpg,video4.mp4,4,892,35.68,0.817599,0.817599,3,0.8065,3,0.9696,1.11
v4_000893.jpg,video4.mp4,4,893,35.72,0.818515,0.818515,3,0.8289,3,0.9607,1.04
v4_000894.jpg,video4.mp4,4,894,35.76,0.819432,0.819432,3,0.8277,3,0.9621,0.83
v4_000895.jpg,video4.mp4,4,895,35.8,0.820348,0.820348,3,0.8248,3,0.9623,0.45
v4_000896.jpg,video4.mp4,4,896,35.84,0.821265,0.821265,3,0.8269,3,0.9196,0.56
v4_000897.jpg,video4.mp4,4,897,35.88,0.822181,0.822181,3,0.8264,3,0.9159,0.42
v4_000898.jpg,video4.mp4,4,898,35.92,0.823098,0.823098,3,0.8081,3,0.9849,1.5
v4_000899.jpg,video4.mp4,4,899,35.96,0.824015,0.824015,3,0.8078,3,0.9842,1.62
v4_000900.jpg,video4.mp4,4,900,36.0,0.824931,0.824931,3,0.7926,3,0.9808,3.23
v4_000901.jpg,video4.mp4,4,901,36.04,0.825848,0.825848,3,0.7906,3,0.9802,3.52
v4_000902.jpg,video4.mp4,4,902,36.08,0.826764,0.826764,3,0.8137,3,0.9606,1.31
v4_000903.jpg,video4.mp4,4,903,36.12,0.827681,0.827681,3,0.8153,3,0.9561,1.24
v4_000904.jpg,video4.mp4,4,904,36.16,0.828598,0.828598,3,0.8202,3,0.926,0.84
v4_000905.jpg,video4.mp4,4,905,36.2,0.829514,0.829514,3,0.8163,3,0.9085,1.32
v4_000906.jpg,video4.mp4,4,906,36.24,0.830431,0.830431,3,0.8239,3,0.9587,0.65
v4_000907.jpg,video4.mp4,4,907,36.28,0.831347,0.831347,3,0.8232,3,0.9606,0.81
v4_000908.jpg,video4.mp4,4,908,36.32,0.832264,0.832264,3,0.8101,3,0.9654,2.22
v4_000909.jpg,video4.mp4,4,909,36.36,0.833181,0.833181,3,0.8054,3,0.967,2.78
v4_000910.jpg,video4.mp4,4,910,36.4,0.834097,0.834097,3,0.8351,3,0.7831,0.1
v4_000911.jpg,video4.mp4,4,911,36.44,0.835014,0.835014,3,0.8332,3,0.8012,0.18
v4_000912.jpg,video4.mp4,4,912,36.48,0.83593,0.83593,3,0.8193,3,0.8372,1.66
v4_000913.jpg,video4.mp4,4,913,36.52,0.836847,0.836847,3,0.82,3,0.8332,1.68
v4_000914.jpg,video4.mp4,4,914,36.56,0.837764,0.837764,3,0.827,3,0.8837,1.08
v4_000915.jpg,video4.mp4,4,915,36.6,0.83868,0.83868,3,0.8279,3,0.8303,1.08
v4_000916.jpg,video4.mp4,4,916,36.64,0.839597,0.839597,3,0.8215,3,0.9279,1.81
v4_000917.jpg,video4.mp4,4,917,36.68,0.840513,0.840513,3,0.8218,3,0.9191,1.87
v4_000918.jpg,video4.mp4,4,918,36.72,0.84143,0.84143,3,0.8395,3,0.7854,0.19
v4_000919.jpg,video4.mp4,4,919,36.76,0.842346,0.842346,3,0.839,3,0.7907,0.33
v4_000920.jpg,video4.mp4,4,920,36.8,0.843263,0.843263,3,0.8372,3,0.8004,0.61
v4_000921.jpg,video4.mp4,4,921,36.84,0.84418,0.84418,3,0.8377,3,0.7449,0.65
v4_000922.jpg,video4.mp4,4,922,36.88,0.845096,0.845096,3,0.8383,3,0.7582,0.68
v4_000923.jpg,video4.mp4,4,923,36.92,0.846013,0.846013,3,0.8356,3,0.9013,1.04
v4_000924.jpg,video4.mp4,4,924,36.96,0.846929,0.846929,3,0.8344,3,0.9071,1.25
v4_000925.jpg,video4.mp4,4,925,37.0,0.847846,0.847846,3,0.8418,3,0.8364,0.6
v4_000926.jpg,video4.mp4,4,926,37.04,0.848763,0.848763,3,0.8417,3,0.8337,0.71
v4_000927.jpg,video4.mp4,4,927,37.08,0.849679,0.849679,3,0.8368,3,0.6576,1.29
v4_000928.jpg,video4.mp4,4,928,37.12,0.850596,0.850596,4,0.8382,3,0.6226,1.24
v4_000929.jpg,video4.mp4,4,929,37.16,0.851512,0.851512,4,0.8329,4,0.7274,1.86
v4_000930.jpg,video4.mp4,4,930,37.2,0.852429,0.852429,4,0.8383,4,0.8014,1.41
v4_000931.jpg,video4.mp4,4,931,37.24,0.853346,0.853346,4,0.8486,4,0.9004,0.47
v4_000932.jpg,video4.mp4,4,932,37.28,0.854262,0.854262,4,0.8496,4,0.9068,0.47
v4_000933.jpg,video4.mp4,4,933,37.32,0.855179,0.855179,4,0.8602,4,0.7626,0.5
v4_000934.jpg,video4.mp4,4,934,37.36,0.856095,0.856095,4,0.8606,4,0.7633,0.45
v4_000935.jpg,video4.mp4,4,935,37.4,0.857012,0.857012,4,0.8319,4,0.6893,2.51
v4_000936.jpg,video4.mp4,4,936,37.44,0.857929,0.857929,4,0.8315,4,0.6686,2.64
v4_000937.jpg,video4.mp4,4,937,37.48,0.858845,0.858845,4,0.8631,4,0.9338,0.43
v4_000938.jpg,video4.mp4,4,938,37.52,0.859762,0.859762,4,0.863,4,0.9344,0.32
v4_000939.jpg,video4.mp4,4,939,37.56,0.860678,0.860678,4,0.8338,4,0.7428,2.69
v4_000940.jpg,video4.mp4,4,940,37.6,0.861595,0.861595,4,0.8347,4,0.7629,2.69
v4_000941.jpg,video4.mp4,4,941,37.64,0.862511,0.862511,4,0.8661,4,0.9502,0.36
v4_000942.jpg,video4.mp4,4,942,37.68,0.863428,0.863428,4,0.8688,4,0.9517,0.54
v4_000943.jpg,video4.mp4,4,943,37.72,0.864345,0.864345,4,0.8767,4,0.9606,1.24
v4_000944.jpg,video4.mp4,4,944,37.76,0.865261,0.865261,4,0.8825,4,0.9642,1.72
v4_000945.jpg,video4.mp4,4,945,37.8,0.866178,0.866178,4,0.8879,4,0.9659,2.17
v4_000946.jpg,video4.mp4,4,946,37.84,0.867094,0.867094,4,0.8654,4,0.946,0.17
v4_000947.jpg,video4.mp4,4,947,37.88,0.868011,0.868011,4,0.8672,4,0.9475,0.08
v4_000948.jpg,video4.mp4,4,948,37.92,0.868928,0.868928,4,0.8387,4,0.8756,3.02
v4_000949.jpg,video4.mp4,4,949,37.96,0.869844,0.869844,4,0.8409,4,0.8856,2.89
v4_000950.jpg,video4.mp4,4,950,38.0,0.870761,0.870761,4,0.9064,4,0.9641,3.56
v4_000951.jpg,video4.mp4,4,951,38.04,0.871677,0.871677,4,0.8945,4,0.958,2.28
v4_000952.jpg,video4.mp4,4,952,38.08,0.872594,0.872594,4,0.8636,4,0.9244,0.9
v4_000953.jpg,video4.mp4,4,953,38.12,0.873511,0.873511,4,0.8574,4,0.9129,1.61
v4_000954.jpg,video4.mp4,4,954,38.16,0.874427,0.874427,4,0.8753,4,0.9512,0.09
v4_000955.jpg,video4.mp4,4,955,38.2,0.875344,0.875344,4,0.8789,4,0.9529,0.36
v4_000956.jpg,video4.mp4,4,956,38.24,0.87626,0.87626,4,0.8902,4,0.9481,1.39
v4_000957.jpg,video4.mp4,4,957,38.28,0.877177,0.877177,4,0.8831,4,0.9484,0.59
v4_000958.jpg,video4.mp4,4,958,38.32,0.878093,0.878093,4,0.9037,4,0.9597,2.56
v4_000959.jpg,video4.mp4,4,959,38.36,0.87901,0.87901,4,0.9026,4,0.959,2.36
v4_000960.jpg,video4.mp4,4,960,38.4,0.879927,0.879927,4,0.8786,4,0.9625,0.13
v4_000961.jpg,video4.mp4,4,961,38.44,0.880843,0.880843,4,0.8807,4,0.9626,0.01
v4_000962.jpg,video4.mp4,4,962,38.48,0.88176,0.88176,4,0.8798,4,0.9656,0.2
v4_000963.jpg,video4.mp4,4,963,38.52,0.882676,0.882676,4,0.8669,4,0.9596,1.58
v4_000964.jpg,video4.mp4,4,964,38.56,0.883593,0.883593,4,0.8733,4,0.9611,1.03
v4_000965.jpg,video4.mp4,4,965,38.6,0.88451,0.88451,4,0.8733,4,0.9613,1.12
v4_000966.jpg,video4.mp4,4,966,38.64,0.885426,0.885426,4,0.8615,4,0.9631,2.39
v4_000967.jpg,video4.mp4,4,967,38.68,0.886343,0.886343,4,0.8561,4,0.9593,3.02
v4_000968.jpg,video4.mp4,4,968,38.72,0.887259,0.887259,4,0.9039,4,0.9711,1.66
v4_000969.jpg,video4.mp4,4,969,38.76,0.888176,0.888176,4,0.8977,4,0.9697,0.95
v4_000970.jpg,video4.mp4,4,970,38.8,0.889093,0.889093,4,0.8977,4,0.9699,0.86
v4_000971.jpg,video4.mp4,4,971,38.84,0.890009,0.890009,4,0.9079,4,0.9632,1.79
v4_000972.jpg,video4.mp4,4,972,38.88,0.890926,0.890926,4,0.905,4,0.9621,1.41
v4_000973.jpg,video4.mp4,4,973,38.92,0.891842,0.891842,4,0.9043,4,0.9608,1.25
v4_000974.jpg,video4.mp4,4,974,38.96,0.892759,0.892759,4,0.8989,4,0.9587,0.61
v4_000975.jpg,video4.mp4,4,975,39.0,0.893676,0.893676,4,0.9134,4,0.9598,1.97
v4_000976.jpg,video4.mp4,4,976,39.04,0.894592,0.894592,4,0.9173,4,0.9618,2.27
v4_000977.jpg,video4.mp4,4,977,39.08,0.895509,0.895509,4,0.9089,4,0.9638,1.34
v4_000978.jpg,video4.mp4,4,978,39.12,0.896425,0.896425,4,0.9061,4,0.9615,0.97
v4_000979.jpg,video4.mp4,4,979,39.16,0.897342,0.897342,4,0.8964,4,0.9532,0.09
v4_000980.jpg,video4.mp4,4,980,39.2,0.898258,0.898258,4,0.8987,4,0.955,0.04
v4_000981.jpg,video4.mp4,4,981,39.24,0.899175,0.899175,4,0.8973,4,0.9653,0.19
v4_000982.jpg,video4.mp4,4,982,39.28,0.900092,0.900092,4,0.9048,4,0.9668,0.47
v4_000983.jpg,video4.mp4,4,983,39.32,0.901008,0.901008,4,0.9037,4,0.9592,0.27
v4_000984.jpg,video4.mp4,4,984,39.36,0.901925,0.901925,4,0.9027,4,0.9583,0.08
v4_000985.jpg,video4.mp4,4,985,39.4,0.902841,0.902841,4,0.8954,4,0.9562,0.74
v4_000986.jpg,video4.mp4,4,986,39.44,0.903758,0.903758,4,0.8992,4,0.9569,0.46
v4_000987.jpg,video4.mp4,4,987,39.48,0.904675,0.904675,4,0.8933,4,0.9571,1.14
v4_000988.jpg,video4.mp4,4,988,39.52,0.905591,0.905591,4,0.8937,4,0.957,1.19
v4_000989.jpg,video4.mp4,4,989,39.56,0.906508,0.906508,4,0.9114,4,0.9511,0.49
v4_000990.jpg,video4.mp4,4,990,39.6,0.907424,0.907424,4,0.9153,4,0.9537,0.79
v4_000991.jpg,video4.mp4,4,991,39.64,0.908341,0.908341,4,0.8885,4,0.9236,1.98
v4_000992.jpg,video4.mp4,4,992,39.68,0.909258,0.909258,4,0.8903,4,0.9142,1.9
v4_000993.jpg,video4.mp4,4,993,39.72,0.910174,0.910174,4,0.9384,4,0.9644,2.82
v4_000994.jpg,video4.mp4,4,994,39.76,0.911091,0.911091,4,0.9377,4,0.9647,2.66
v4_000995.jpg,video4.mp4,4,995,39.8,0.912007,0.912007,4,0.9383,4,0.9644,2.63
v4_000996.jpg,video4.mp4,4,996,39.84,0.912924,0.912924,4,0.947,4,0.9608,3.41
v4_000997.jpg,video4.mp4,4,997,39.88,0.913841,0.913841,4,0.9492,4,0.9612,3.54
v4_000998.jpg,video4.mp4,4,998,39.92,0.914757,0.914757,4,0.9101,4,0.9522,0.47
v4_000999.jpg,video4.mp4,4,999,39.96,0.915674,0.915674,4,0.9164,4,0.9575,0.07
v4_001000.jpg,video4.mp4,4,1000,40.0,0.91659,0.91659,4,0.9258,4,0.9651,0.92
v4_001001.jpg,video4.mp4,4,1001,40.04,0.917507,0.917507,4,0.9283,4,0.9648,1.08
v4_001002.jpg,video4.mp4,4,1002,40.08,0.918423,0.918423,4,0.9345,4,0.9638,1.61
v4_001003.jpg,video4.mp4,4,1003,40.12,0.91934,0.91934,4,0.9333,4,0.9628,1.4
v4_001004.jpg,video4.mp4,4,1004,40.16,0.920257,0.920257,4,0.8995,4,0.9461,2.08
v4_001005.jpg,video4.mp4,4,1005,40.2,0.921173,0.921173,4,0.9061,4,0.9478,1.51
v4_001006.jpg,video4.mp4,4,1006,40.24,0.92209,0.92209,4,0.9519,4,0.9676,2.98
v4_001007.jpg,video4.mp4,4,1007,40.28,0.923006,0.923006,4,0.9508,4,0.966,2.78
v4_001008.jpg,video4.mp4,4,1008,40.32,0.923923,0.923923,4,0.9246,4,0.9633,0.07
v4_001009.jpg,video4.mp4,4,1009,40.36,0.92484,0.92484,4,0.9268,4,0.9637,0.2
v4_001010.jpg,video4.mp4,4,1010,40.4,0.925756,0.925756,4,0.9405,4,0.964,1.47
v4_001011.jpg,video4.mp4,4,1011,40.44,0.926673,0.926673,4,0.9446,4,0.9655,1.79
v4_001012.jpg,video4.mp4,4,1012,40.48,0.927589,0.927589,4,0.9623,4,0.9711,3.47
v4_001013.jpg,video4.mp4,4,1013,40.52,0.928506,0.928506,4,0.9623,4,0.971,3.38
v4_001014.jpg,video4.mp4,4,1014,40.56,0.929423,0.929423,4,0.9354,4,0.9614,0.6
v4_001015.jpg,video4.mp4,4,1015,40.6,0.930339,0.930339,4,0.935,4,0.9614,0.47
v4_001016.jpg,video4.mp4,4,1016,40.64,0.931256,0.931256,4,0.9445,4,0.9635,1.32
v4_001017.jpg,video4.mp4,4,1017,40.68,0.932172,0.932172,4,0.9421,4,0.9614,0.99
v4_001018.jpg,video4.mp4,4,1018,40.72,0.933089,0.933089,4,0.9536,4,0.9618,2.05
v4_001019.jpg,video4.mp4,4,1019,40.76,0.934005,0.934005,4,0.9528,4,0.9612,1.88
v4_001020.jpg,video4.mp4,4,1020,40.8,0.934922,0.934922,4,0.9528,4,0.9617,1.79
v4_001021.jpg,video4.mp4,4,1021,40.84,0.935839,0.935839,4,0.9401,4,0.9613,0.43
v4_001022.jpg,video4.mp4,4,1022,40.88,0.936755,0.936755,4,0.9398,4,0.9617,0.3
v4_001023.jpg,video4.mp4,4,1023,40.92,0.937672,0.937672,4,0.9555,4,0.9645,1.78
v4_001024.jpg,video4.mp4,4,1024,40.96,0.938588,0.938588,4,0.9566,4,0.9655,1.8
v4_001025.jpg,video4.mp4,4,1025,41.0,0.939505,0.939505,4,0.9518,4,0.9642,1.23
v4_001026.jpg,video4.mp4,4,1026,41.04,0.940422,0.940422,4,0.9525,4,0.9647,1.21
v4_001027.jpg,video4.mp4,4,1027,41.08,0.941338,0.941338,4,0.9481,4,0.9634,0.68
v4_001028.jpg,video4.mp4,4,1028,41.12,0.942255,0.942255,4,0.9507,4,0.9649,0.84
v4_001029.jpg,video4.mp4,4,1029,41.16,0.943171,0.943171,4,0.9561,4,0.9679,1.29
v4_001030.jpg,video4.mp4,4,1030,41.2,0.944088,0.944088,4,0.9521,4,0.9667,0.8
v4_001031.jpg,video4.mp4,4,1031,41.24,0.945005,0.945005,4,0.9711,4,0.9744,2.61
v4_001032.jpg,video4.mp4,4,1032,41.28,0.945921,0.945921,4,0.9709,4,0.975,2.5
v4_001033.jpg,video4.mp4,4,1033,41.32,0.946838,0.946838,4,0.9458,4,0.962,0.1
v4_001034.jpg,video4.mp4,4,1034,41.36,0.947754,0.947754,4,0.9434,4,0.9617,0.44
v4_001035.jpg,video4.mp4,4,1035,41.4,0.948671,0.948671,4,0.9407,4,0.9624,0.8
v4_001036.jpg,video4.mp4,4,1036,41.44,0.949588,0.949588,4,0.9422,4,0.9632,0.74
v4_001037.jpg,video4.mp4,4,1037,41.48,0.950504,0.950504,4,0.9525,4,0.9671,0.2
v4_001038.jpg,video4.mp4,4,1038,41.52,0.951421,0.951421,4,0.9526,4,0.9676,0.12
v4_001039.jpg,video4.mp4,4,1039,41.56,0.952337,0.952337,4,0.9633,4,0.975,1.1
v4_001040.jpg,video4.mp4,4,1040,41.6,0.953254,0.953254,4,0.9621,4,0.9748,0.88
v4_001041.jpg,video4.mp4,4,1041,41.64,0.95417,0.95417,4,0.9541,4,0.9698,0.01
v4_001042.jpg,video4.mp4,4,1042,41.68,0.955087,0.955087,4,0.9555,4,0.9691,0.04
v4_001043.jpg,video4.mp4,4,1043,41.72,0.956004,0.956004,4,0.9609,4,0.9659,0.49
v4_001044.jpg,video4.mp4,4,1044,41.76,0.95692,0.95692,4,0.961,4,0.9657,0.41
v4_001045.jpg,video4.mp4,4,1045,41.8,0.957837,0.957837,4,0.9602,4,0.9658,0.24
v4_001046.jpg,video4.mp4,4,1046,41.84,0.958753,0.958753,4,0.959,4,0.9699,0.02
v4_001047.jpg,video4.mp4,4,1047,41.88,0.95967,0.95967,4,0.9586,4,0.9684,0.11
v4_001048.jpg,video4.mp4,4,1048,41.92,0.960587,0.960587,4,0.9376,4,0.9549,2.3
v4_001049.jpg,video4.mp4,4,1049,41.96,0.961503,0.961503,4,0.9346,4,0.9583,2.69
v4_001050.jpg,video4.mp4,4,1050,42.0,0.96242,0.96242,4,0.948,4,0.9615,1.44
v4_001051.jpg,video4.mp4,4,1051,42.04,0.963336,0.963336,4,0.9477,4,0.9613,1.56
v4_001052.jpg,video4.mp4,4,1052,42.08,0.964253,0.964253,4,0.9382,4,0.9646,2.61
v4_001053.jpg,video4.mp4,4,1053,42.12,0.96517,0.96517,4,0.9402,4,0.965,2.5
v4_001054.jpg,video4.mp4,4,1054,42.16,0.966086,0.966086,4,0.9554,4,0.966,1.07
v4_001055.jpg,video4.mp4,4,1055,42.2,0.967003,0.967003,4,0.9523,4,0.9644,1.47
v4_001056.jpg,video4.mp4,4,1056,42.24,0.967919,0.967919,4,0.951,4,0.9707,1.69
v4_001057.jpg,video4.mp4,4,1057,42.28,0.968836,0.968836,4,0.951,4,0.9707,1.78
v4_001058.jpg,video4.mp4,4,1058,42.32,0.969753,0.969753,4,0.9601,4,0.967,0.97
v4_001059.jpg,video4.mp4,4,1059,42.36,0.970669,0.970669,4,0.9603,4,0.9687,1.04
v4_001060.jpg,video4.mp4,4,1060,42.4,0.971586,0.971586,4,0.961,4,0.9674,1.06
v4_001061.jpg,video4.mp4,4,1061,42.44,0.972502,0.972502,4,0.9639,4,0.9682,0.86
v4_001062.jpg,video4.mp4,4,1062,42.48,0.973419,0.973419,4,0.9626,4,0.9705,1.08
v4_001063.jpg,video4.mp4,4,1063,42.52,0.974335,0.974335,4,0.9627,4,0.9703,1.16
v4_001064.jpg,video4.mp4,4,1064,42.56,0.975252,0.975252,4,0.9574,4,0.9699,1.79
v4_001065.jpg,video4.mp4,4,1065,42.6,0.976169,0.976169,4,0.958,4,0.9692,1.82
v4_001066.jpg,video4.mp4,4,1066,42.64,0.977085,0.977085,4,0.9631,4,0.9703,1.4
v4_001067.jpg,video4.mp4,4,1067,42.68,0.978002,0.978002,4,0.9634,4,0.9697,1.46
v4_001068.jpg,video4.mp4,4,1068,42.72,0.978918,0.978918,4,0.9547,4,0.9669,2.42
v4_001069.jpg,video4.mp4,4,1069,42.76,0.979835,0.979835,4,0.9548,4,0.9665,2.5
v4_001070.jpg,video4.mp4,4,1070,42.8,0.980752,0.980752,4,0.9541,4,0.9673,2.67
v4_001071.jpg,video4.mp4,4,1071,42.84,0.981668,0.981668,4,0.9627,4,0.9713,1.9
v4_001072.jpg,video4.mp4,4,1072,42.88,0.982585,0.982585,4,0.9618,4,0.9705,2.08
v4_001073.jpg,video4.mp4,4,1073,42.92,0.983501,0.983501,4,0.9648,4,0.9677,1.87
v4_001074.jpg,video4.mp4,4,1074,42.96,0.984418,0.984418,4,0.9654,4,0.9684,1.9
v4_001075.jpg,video4.mp4,4,1075,43.0,0.985335,0.985335,4,0.9691,4,0.9717,1.62
v4_001076.jpg,video4.mp4,4,1076,43.04,0.986251,0.986251,4,0.9684,4,0.9713,1.79
v4_001077.jpg,video4.mp4,4,1077,43.08,0.987168,0.987168,4,0.9693,4,0.9705,1.79
v4_001078.jpg,video4.mp4,4,1078,43.12,0.988084,0.988084,4,0.9697,4,0.9709,1.84
v4_001079.jpg,video4.mp4,4,1079,43.16,0.989001,0.989001,4,0.959,4,0.9499,3.0
v4_001080.jpg,video4.mp4,4,1080,43.2,0.989918,0.989918,4,0.9592,4,0.9535,3.07
v4_001081.jpg,video4.mp4,4,1081,43.24,0.990834,0.990834,4,0.9632,4,0.9671,2.76
v4_001082.jpg,video4.mp4,4,1082,43.28,0.991751,0.991751,4,0.9634,4,0.9666,2.84
v4_001083.jpg,video4.mp4,4,1083,43.32,0.992667,0.992667,4,0.9645,4,0.9655,2.82
v4_001084.jpg,video4.mp4,4,1084,43.36,0.993584,0.993584,4,0.965,4,0.9661,2.86
v4_001085.jpg,video4.mp4,4,1085,43.4,0.9945,0.9945,4,0.966,4,0.9588,2.85
v4_001086.jpg,video4.mp4,4,1086,43.44,0.995417,0.995417,4,0.9665,4,0.9603,2.89
v4_001087.jpg,video4.mp4,4,1087,43.48,0.996334,0.996334,4,0.9329,4,0.9529,6.34
v4_001088.jpg,video4.mp4,4,1088,43.52,0.99725,0.99725,4,0.931,4,0.9513,6.63
v4_001089.jpg,video4.mp4,4,1089,43.56,0.998167,0.998167,4,0.9593,4,0.9651,3.89
v4_001090.jpg,video4.mp4,4,1090,43.6,0.999083,0.999083,4,0.9613,4,0.966,3.78
v4_001091.jpg,video4.mp4,4,1091,43.64,1.0,1.0,4,0.9521,4,0.9464,4.79
v5_000000.jpg,video5.mp4,5,0,0.0,0.0,0.0,0,0.0255,0,0.964,2.55
v5_000015.jpg,video5.mp4,5,15,0.25,0.000827,0.000827,0,0.025,0,0.9616,2.42
v5_000030.jpg,video5.mp4,5,30,0.5,0.001653,0.001653,0,0.025,0,0.9638,2.33
v5_000045.jpg,video5.mp4,5,45,0.75,0.00248,0.00248,0,0.0252,0,0.9638,2.27
v5_000061.jpg,video5.mp4,5,61,1.017,0.003362,0.003362,0,0.0264,0,0.9627,2.3
v5_000076.jpg,video5.mp4,5,76,1.267,0.004188,0.004188,0,0.0264,0,0.9628,2.22
v5_000091.jpg,video5.mp4,5,91,1.517,0.005015,0.005015,0,0.025,0,0.9644,2.0
v5_000106.jpg,video5.mp4,5,106,1.767,0.005842,0.005842,0,0.033,0,0.9562,2.72
v5_000121.jpg,video5.mp4,5,121,2.017,0.006668,0.006668,0,0.0362,0,0.9577,2.95
v5_000136.jpg,video5.mp4,5,136,2.267,0.007495,0.007495,0,0.0375,0,0.9538,3.0
v5_000151.jpg,video5.mp4,5,151,2.517,0.008321,0.008321,0,0.0374,0,0.9534,2.91
v5_000166.jpg,video5.mp4,5,166,2.767,0.009148,0.009148,0,0.0391,0,0.9533,3.0
v5_000182.jpg,video5.mp4,5,182,3.033,0.01003,0.01003,0,0.0389,0,0.9528,2.89
v5_000197.jpg,video5.mp4,5,197,3.283,0.010856,0.010856,0,0.0383,0,0.9548,2.74
v5_000212.jpg,video5.mp4,5,212,3.533,0.011683,0.011683,0,0.0395,0,0.9549,2.78
v5_000227.jpg,video5.mp4,5,227,3.783,0.01251,0.01251,0,0.0382,0,0.9542,2.57
v5_000242.jpg,video5.mp4,5,242,4.033,0.013336,0.013336,0,0.0387,0,0.9542,2.54
v5_000257.jpg,video5.mp4,5,257,4.283,0.014163,0.014163,0,0.0385,0,0.9538,2.43
v5_000272.jpg,video5.mp4,5,272,4.533,0.01499,0.01499,0,0.0491,0,0.9536,3.41
v5_000288.jpg,video5.mp4,5,288,4.8,0.015871,0.015871,0,0.0361,0,0.9606,2.02
v5_000303.jpg,video5.mp4,5,303,5.05,0.016698,0.016698,0,0.0358,0,0.9613,1.91
v5_000318.jpg,video5.mp4,5,318,5.3,0.017525,0.017525,0,0.0374,0,0.9615,1.99
v5_000333.jpg,video5.mp4,5,333,5.55,0.018351,0.018351,0,0.0337,0,0.9624,1.53
v5_000348.jpg,video5.mp4,5,348,5.8,0.019178,0.019178,0,0.0336,0,0.9614,1.44
v5_000363.jpg,video5.mp4,5,363,6.05,0.020004,0.020004,0,0.0326,0,0.9615,1.26
v5_000378.jpg,video5.mp4,5,378,6.3,0.020831,0.020831,0,0.0327,0,0.9622,1.19
v5_000393.jpg,video5.mp4,5,393,6.55,0.021658,0.021658,0,0.0322,0,0.9621,1.05
v5_000409.jpg,video5.mp4,5,409,6.817,0.022539,0.022539,0,0.0408,0,0.9501,1.83
v5_000424.jpg,video5.mp4,5,424,7.067,0.023366,0.023366,0,0.0299,0,0.9651,0.65
v5_000439.jpg,video5.mp4,5,439,7.317,0.024193,0.024193,0,0.0275,0,0.9656,0.33
v5_000454.jpg,video5.mp4,5,454,7.567,0.025019,0.025019,0,0.026,0,0.9646,0.1
v5_000469.jpg,video5.mp4,5,469,7.817,0.025846,0.025846,0,0.0254,0,0.9643,0.04
v5_000484.jpg,video5.mp4,5,484,8.067,0.026673,0.026673,0,0.0269,0,0.9636,0.02
v5_000499.jpg,video5.mp4,5,499,8.317,0.027499,0.027499,0,0.0259,0,0.9636,0.16
v5_000515.jpg,video5.mp4,5,515,8.583,0.028381,0.028381,0,0.0253,0,0.9647,0.31
v5_000530.jpg,video5.mp4,5,530,8.833,0.029208,0.029208,0,0.0253,0,0.9641,0.39
v5_000545.jpg,video5.mp4,5,545,9.083,0.030034,0.030034,0,0.028,0,0.9632,0.2
v5_000560.jpg,video5.mp4,5,560,9.333,0.030861,0.030861,0,0.0236,0,0.9663,0.73
v5_000575.jpg,video5.mp4,5,575,9.583,0.031687,0.031687,0,0.0311,0,0.9533,0.06
v5_000590.jpg,video5.mp4,5,590,9.833,0.032514,0.032514,0,0.0329,0,0.9569,0.04
v5_000605.jpg,video5.mp4,5,605,10.083,0.033341,0.033341,0,0.0324,0,0.957,0.09
v5_000621.jpg,video5.mp4,5,621,10.35,0.034222,0.034222,0,0.0326,0,0.9556,0.16
v5_000636.jpg,video5.mp4,5,636,10.6,0.035049,0.035049,0,0.0334,0,0.9547,0.16
v5_000651.jpg,video5.mp4,5,651,10.85,0.035876,0.035876,0,0.0327,0,0.9533,0.32
v5_000666.jpg,video5.mp4,5,666,11.1,0.036702,0.036702,0,0.0332,0,0.9539,0.35
v5_000681.jpg,video5.mp4,5,681,11.35,0.037529,0.037529,0,0.0337,0,0.954,0.38
v5_000696.jpg,video5.mp4,5,696,11.6,0.038356,0.038356,0,0.0337,0,0.9558,0.47
v5_000711.jpg,video5.mp4,5,711,11.85,0.039182,0.039182,0,0.036,0,0.9515,0.32
v5_000726.jpg,video5.mp4,5,726,12.1,0.040009,0.040009,0,0.0308,0,0.9684,0.92
v5_000742.jpg,video5.mp4,5,742,12.367,0.040891,0.040891,0,0.0315,0,0.9698,0.94
v5_000757.jpg,video5.mp4,5,757,12.617,0.041717,0.041717,0,0.0315,0,0.969,1.02
v5_000772.jpg,video5.mp4,5,772,12.867,0.042544,0.042544,0,0.0302,0,0.9698,1.23
v5_000787.jpg,video5.mp4,5,787,13.117,0.04337,0.04337,0,0.0312,0,0.97,1.22
v5_000802.jpg,video5.mp4,5,802,13.367,0.044197,0.044197,0,0.0317,0,0.9694,1.25
v5_000817.jpg,video5.mp4,5,817,13.617,0.045024,0.045024,0,0.034,0,0.9681,1.1
v5_000832.jpg,video5.mp4,5,832,13.867,0.04585,0.04585,0,0.0351,0,0.9677,1.07
v5_000848.jpg,video5.mp4,5,848,14.133,0.046732,0.046732,0,0.0367,0,0.9665,1.0
v5_000863.jpg,video5.mp4,5,863,14.383,0.047559,0.047559,0,0.04,0,0.9548,0.76
v5_000878.jpg,video5.mp4,5,878,14.633,0.048385,0.048385,0,0.0417,0,0.9464,0.67
v5_000893.jpg,video5.mp4,5,893,14.883,0.049212,0.049212,0,0.044,0,0.941,0.52
v5_000908.jpg,video5.mp4,5,908,15.133,0.050039,0.050039,0,0.0428,0,0.9455,0.72
v5_000923.jpg,video5.mp4,5,923,15.383,0.050865,0.050865,0,0.041,0,0.9474,0.99
v5_000938.jpg,video5.mp4,5,938,15.633,0.051692,0.051692,0,0.0404,0,0.9473,1.13
v5_000953.jpg,video5.mp4,5,953,15.883,0.052518,0.052518,0,0.0412,0,0.9459,1.13
v5_000969.jpg,video5.mp4,5,969,16.15,0.0534,0.0534,0,0.0406,0,0.9466,1.28
v5_000984.jpg,video5.mp4,5,984,16.4,0.054227,0.054227,0,0.0396,0,0.9469,1.46
v5_000999.jpg,video5.mp4,5,999,16.65,0.055053,0.055053,0,0.0394,0,0.9485,1.57
v5_001014.jpg,video5.mp4,5,1014,16.9,0.05588,0.05588,0,0.0337,0,0.9524,2.22
v5_001029.jpg,video5.mp4,5,1029,17.15,0.056707,0.056707,0,0.0416,0,0.9473,1.51
v5_001044.jpg,video5.mp4,5,1044,17.4,0.057533,0.057533,0,0.0429,0,0.9463,1.46
v5_001059.jpg,video5.mp4,5,1059,17.65,0.05836,0.05836,0,0.0446,0,0.9452,1.38
v5_001075.jpg,video5.mp4,5,1075,17.917,0.059242,0.059242,0,0.0448,0,0.9454,1.44
v5_001090.jpg,video5.mp4,5,1090,18.167,0.060068,0.060068,0,0.0446,0,0.9469,1.55
v5_001105.jpg,video5.mp4,5,1105,18.417,0.060895,0.060895,0,0.0461,0,0.9478,1.48
v5_001120.jpg,video5.mp4,5,1120,18.667,0.061722,0.061722,0,0.0452,0,0.9479,1.65
v5_001135.jpg,video5.mp4,5,1135,18.917,0.062548,0.062548,0,0.0432,0,0.9495,1.93
v5_001150.jpg,video5.mp4,5,1150,19.167,0.063375,0.063375,0,0.0421,0,0.9482,2.13
v5_001165.jpg,video5.mp4,5,1165,19.417,0.064201,0.064201,0,0.046,0,0.9465,1.82
v5_001180.jpg,video5.mp4,5,1180,19.667,0.065028,0.065028,0,0.0543,0,0.9581,1.07
v5_001196.jpg,video5.mp4,5,1196,19.933,0.06591,0.06591,0,0.0558,0,0.959,1.01
v5_001211.jpg,video5.mp4,5,1211,20.183,0.066736,0.066736,0,0.0565,0,0.9572,1.02
v5_001226.jpg,video5.mp4,5,1226,20.433,0.067563,0.067563,0,0.0561,0,0.9577,1.15
v5_001241.jpg,video5.mp4,5,1241,20.683,0.06839,0.06839,0,0.0526,0,0.9572,1.58
v5_001256.jpg,video5.mp4,5,1256,20.933,0.069216,0.069216,0,0.0544,0,0.9566,1.48
v5_001271.jpg,video5.mp4,5,1271,21.183,0.070043,0.070043,0,0.0533,0,0.9575,1.67
v5_001286.jpg,video5.mp4,5,1286,21.433,0.07087,0.07087,0,0.0508,0,0.958,2.01
v5_001302.jpg,video5.mp4,5,1302,21.7,0.071751,0.071751,0,0.0537,0,0.9554,1.81
v5_001317.jpg,video5.mp4,5,1317,21.95,0.072578,0.072578,0,0.0567,0,0.964,1.59
v5_001332.jpg,video5.mp4,5,1332,22.2,0.073405,0.073405,0,0.0638,0,0.9639,0.96
v5_001347.jpg,video5.mp4,5,1347,22.45,0.074231,0.074231,0,0.0634,0,0.9654,1.08
v5_001362.jpg,video5.mp4,5,1362,22.7,0.075058,0.075058,0,0.0668,0,0.9653,0.83
v5_001377.jpg,video5.mp4,5,1377,22.95,0.075884,0.075884,0,0.0656,0,0.9658,1.03
v5_001392.jpg,video5.mp4,5,1392,23.2,0.076711,0.076711,0,0.0665,0,0.9655,1.02
v5_001407.jpg,video5.mp4,5,1407,23.45,0.077538,0.077538,0,0.0718,0,0.9654,0.57
v5_001423.jpg,video5.mp4,5,1423,23.717,0.078419,0.078419,0,0.0715,0,0.9651,0.69
v5_001438.jpg,video5.mp4,5,1438,23.967,0.079246,0.079246,0,0.0734,0,0.9638,0.58
v5_001453.jpg,video5.mp4,5,1453,24.217,0.080073,0.080073,0,0.0664,0,0.9652,1.37
v5_001468.jpg,video5.mp4,5,1468,24.467,0.080899,0.080899,0,0.0679,0,0.9649,1.3
v5_001483.jpg,video5.mp4,5,1483,24.717,0.081726,0.081726,0,0.0775,0,0.9592,0.42
v5_001498.jpg,video5.mp4,5,1498,24.967,0.082553,0.082553,0,0.074,0,0.9616,0.86
v5_001513.jpg,video5.mp4,5,1513,25.217,0.083379,0.083379,0,0.0696,0,0.9599,1.38
v5_001529.jpg,video5.mp4,5,1529,25.483,0.084261,0.084261,0,0.07,0,0.9571,1.43
v5_001544.jpg,video5.mp4,5,1544,25.733,0.085088,0.085088,0,0.0737,0,0.9568,1.14
v5_001559.jpg,video5.mp4,5,1559,25.983,0.085914,0.085914,0,0.0754,0,0.9544,1.05
v5_001574.jpg,video5.mp4,5,1574,26.233,0.086741,0.086741,0,0.0759,0,0.9539,1.08
v5_001589.jpg,video5.mp4,5,1589,26.483,0.087568,0.087568,0,0.0751,0,0.9568,1.25
v5_001604.jpg,video5.mp4,5,1604,26.733,0.088394,0.088394,0,0.0581,0,0.9557,3.03
v5_001619.jpg,video5.mp4,5,1619,26.983,0.089221,0.089221,0,0.0766,0,0.9673,1.26
v5_001635.jpg,video5.mp4,5,1635,27.25,0.090103,0.090103,0,0.0939,0,0.9715,0.38
v5_001650.jpg,video5.mp4,5,1650,27.5,0.090929,0.090929,0,0.0916,0,0.9659,0.07
v5_001665.jpg,video5.mp4,5,1665,27.75,0.091756,0.091756,0,0.0938,0,0.9648,0.2
v5_001680.jpg,video5.mp4,5,1680,28.0,0.092582,0.092582,0,0.0956,0,0.9653,0.3
v5_001695.jpg,video5.mp4,5,1695,28.25,0.093409,0.093409,0,0.0947,0,0.9644,0.13
v5_001710.jpg,video5.mp4,5,1710,28.5,0.094236,0.094236,0,0.0879,0,0.9666,0.63
v5_001725.jpg,video5.mp4,5,1725,28.75,0.095062,0.095062,0,0.0952,0,0.9656,0.01
v5_001740.jpg,video5.mp4,5,1740,29.0,0.095889,0.095889,0,0.0945,0,0.9699,0.14
v5_001756.jpg,video5.mp4,5,1756,29.267,0.096771,0.096771,0,0.102,0,0.9729,0.52
v5_001771.jpg,video5.mp4,5,1771,29.517,0.097597,0.097597,0,0.1233,0,0.9646,2.57
v5_001786.jpg,video5.mp4,5,1786,29.767,0.098424,0.098424,0,0.1211,0,0.9761,2.27
v5_001801.jpg,video5.mp4,5,1801,30.017,0.099251,0.099251,0,0.1213,0,0.9762,2.2
v5_001816.jpg,video5.mp4,5,1816,30.267,0.100077,0.100077,0,0.1267,0,0.9726,2.66
v5_001831.jpg,video5.mp4,5,1831,30.517,0.100904,0.100904,0,0.1242,0,0.9744,2.33
v5_001846.jpg,video5.mp4,5,1846,30.767,0.10173,0.10173,0,0.1259,0,0.9742,2.42
v5_001862.jpg,video5.mp4,5,1862,31.033,0.102612,0.102612,0,0.124,0,0.9751,2.14
v5_001877.jpg,video5.mp4,5,1877,31.283,0.103439,0.103439,0,0.1269,0,0.9725,2.35
v5_001892.jpg,video5.mp4,5,1892,31.533,0.104265,0.104265,0,0.1241,0,0.9749,1.98
v5_001907.jpg,video5.mp4,5,1907,31.783,0.105092,0.105092,0,0.1235,0,0.9585,1.84
v5_001922.jpg,video5.mp4,5,1922,32.033,0.105919,0.105919,0,0.1203,0,0.9748,1.44
v5_001937.jpg,video5.mp4,5,1937,32.283,0.106745,0.106745,0,0.1221,0,0.9755,1.54
v5_001952.jpg,video5.mp4,5,1952,32.533,0.107572,0.107572,0,0.1173,0,0.978,0.97
v5_001967.jpg,video5.mp4,5,1967,32.783,0.108399,0.108399,0,0.1153,0,0.9791,0.69
v5_001983.jpg,video5.mp4,5,1983,33.05,0.10928,0.10928,0,0.1156,0,0.9782,0.63
v5_001998.jpg,video5.mp4,5,1998,33.3,0.110107,0.110107,0,0.1162,0,0.9778,0.61
v5_002013.jpg,video5.mp4,5,2013,33.55,0.110934,0.110934,0,0.1157,0,0.9781,0.48
v5_002028.jpg,video5.mp4,5,2028,33.8,0.11176,0.11176,0,0.1168,0,0.9781,0.5
v5_002043.jpg,video5.mp4,5,2043,34.05,0.112587,0.112587,0,0.1145,0,0.979,0.19
v5_002058.jpg,video5.mp4,5,2058,34.3,0.113413,0.113413,0,0.1218,0,0.9707,0.84
v5_002073.jpg,video5.mp4,5,2073,34.55,0.11424,0.11424,0,0.1507,0,0.9334,3.65
v5_002089.jpg,video5.mp4,5,2089,34.817,0.115122,0.115122,0,0.1376,0,0.9629,2.25
v5_002104.jpg,video5.mp4,5,2104,35.067,0.115948,0.115948,0,0.1325,0,0.9672,1.66
v5_002119.jpg,video5.mp4,5,2119,35.317,0.116775,0.116775,0,0.13,0,0.9689,1.32
v5_002134.jpg,video5.mp4,5,2134,35.567,0.117602,0.117602,0,0.1358,0,0.9646,1.82
v5_002149.jpg,video5.mp4,5,2149,35.817,0.118428,0.118428,0,0.1336,0,0.9672,1.52
v5_002164.jpg,video5.mp4,5,2164,36.067,0.119255,0.119255,0,0.1328,0,0.9674,1.35
v5_002179.jpg,video5.mp4,5,2179,36.317,0.120082,0.120082,0,0.1347,0,0.9664,1.46
v5_002194.jpg,video5.mp4,5,2194,36.567,0.120908,0.120908,0,0.1365,0,0.9651,1.56
v5_002210.jpg,video5.mp4,5,2210,36.833,0.12179,0.12179,0,0.13,0,0.9505,0.82
v5_002225.jpg,video5.mp4,5,2225,37.083,0.122617,0.122617,0,0.127,0,0.9649,0.44
v5_002240.jpg,video5.mp4,5,2240,37.333,0.123443,0.123443,0,0.1196,0,0.9708,0.38
v5_002255.jpg,video5.mp4,5,2255,37.583,0.12427,0.12427,0,0.1185,0,0.9705,0.58
v5_002270.jpg,video5.mp4,5,2270,37.833,0.125096,0.125096,0,0.1235,0,0.9676,0.16
v5_002285.jpg,video5.mp4,5,2285,38.083,0.125923,0.125923,0,0.1209,0,0.9691,0.5
v5_002300.jpg,video5.mp4,5,2300,38.333,0.12675,0.12675,0,0.1177,0,0.9714,0.9
v5_002316.jpg,video5.mp4,5,2316,38.6,0.127631,0.127631,0,0.122,0,0.9702,0.56
v5_002331.jpg,video5.mp4,5,2331,38.85,0.128458,0.128458,0,0.1201,0,0.9705,0.84
v5_002346.jpg,video5.mp4,5,2346,39.1,0.129285,0.129285,0,0.122,0,0.9708,0.73
v5_002361.jpg,video5.mp4,5,2361,39.35,0.130111,0.130111,0,0.1144,0,0.9719,1.57
v5_002376.jpg,video5.mp4,5,2376,39.6,0.130938,0.130938,0,0.1267,0,0.9588,0.42
v5_002391.jpg,video5.mp4,5,2391,39.85,0.131765,0.131765,0,0.1273,0,0.9507,0.45
v5_002406.jpg,video5.mp4,5,2406,40.1,0.132591,0.132591,0,0.1246,0,0.9653,0.8
v5_002421.jpg,video5.mp4,5,2421,40.35,0.133418,0.133418,0,0.1304,0,0.9482,0.3
v5_002437.jpg,video5.mp4,5,2437,40.617,0.1343,0.1343,0,0.1318,0,0.9465,0.25
v5_002452.jpg,video5.mp4,5,2452,40.867,0.135126,0.135126,0,0.1337,0,0.9407,0.14
v5_002467.jpg,video5.mp4,5,2467,41.117,0.135953,0.135953,0,0.1302,0,0.9533,0.58
v5_002482.jpg,video5.mp4,5,2482,41.367,0.136779,0.136779,0,0.1296,0,0.9513,0.72
v5_002497.jpg,video5.mp4,5,2497,41.617,0.137606,0.137606,0,0.1317,0,0.9376,0.59
v5_002512.jpg,video5.mp4,5,2512,41.867,0.138433,0.138433,0,0.1329,0,0.9144,0.55
v5_002527.jpg,video5.mp4,5,2527,42.117,0.139259,0.139259,0,0.0838,0,0.9676,5.55
v5_002543.jpg,video5.mp4,5,2543,42.383,0.140141,0.140141,0,0.1068,0,0.9706,3.33
v5_002558.jpg,video5.mp4,5,2558,42.633,0.140968,0.140968,0,0.115,0,0.9708,2.6
v5_002573.jpg,video5.mp4,5,2573,42.883,0.141794,0.141794,0,0.1272,0,0.9711,1.46
v5_002588.jpg,video5.mp4,5,2588,43.133,0.142621,0.142621,0,0.1141,0,0.9702,2.85
v5_002603.jpg,video5.mp4,5,2603,43.383,0.143448,0.143448,0,0.1079,0,0.9708,3.55
v5_002618.jpg,video5.mp4,5,2618,43.633,0.144274,0.144274,0,0.1138,0,0.9701,3.05
v5_002633.jpg,video5.mp4,5,2633,43.883,0.145101,0.145101,0,0.1145,0,0.9701,3.06
v5_002648.jpg,video5.mp4,5,2648,44.133,0.145927,0.145927,0,0.1349,0,0.9694,1.1
v5_002664.jpg,video5.mp4,5,2664,44.4,0.146809,0.146809,0,0.1487,0,0.8747,0.19
v5_002679.jpg,video5.mp4,5,2679,44.65,0.147636,0.147636,0,0.1548,0,0.5645,0.72
v5_002694.jpg,video5.mp4,5,2694,44.9,0.148462,0.148462,0,0.1567,1,0.5087,0.82
v5_002709.jpg,video5.mp4,5,2709,45.15,0.149289,0.149289,0,0.1605,1,0.6105,1.12
v5_002724.jpg,video5.mp4,5,2724,45.4,0.150116,0.150116,1,0.161,1,0.652,1.09
v5_002739.jpg,video5.mp4,5,2739,45.65,0.150942,0.150942,1,0.16,1,0.5846,0.91
v5_002754.jpg,video5.mp4,5,2754,45.9,0.151769,0.151769,1,0.1607,1,0.6213,0.89
v5_002770.jpg,video5.mp4,5,2770,46.167,0.152651,0.152651,1,0.1601,1,0.6572,0.74
v5_002785.jpg,video5.mp4,5,2785,46.417,0.153477,0.153477,1,0.1589,1,0.6459,0.54
v5_002800.jpg,video5.mp4,5,2800,46.667,0.154304,0.154304,1,0.1637,1,0.6992,0.94
v5_002815.jpg,video5.mp4,5,2815,46.917,0.155131,0.155131,1,0.1785,1,0.9458,2.34
v5_002830.jpg,video5.mp4,5,2830,47.167,0.155957,0.155957,1,0.17,1,0.9093,1.4
v5_002845.jpg,video5.mp4,5,2845,47.417,0.156784,0.156784,1,0.1754,1,0.942,1.86
v5_002860.jpg,video5.mp4,5,2860,47.667,0.15761,0.15761,1,0.1768,1,0.9409,1.92
v5_002876.jpg,video5.mp4,5,2876,47.933,0.158492,0.158492,1,0.1762,1,0.9436,1.77
v5_002891.jpg,video5.mp4,5,2891,48.183,0.159319,0.159319,1,0.1756,1,0.9378,1.63
v5_002906.jpg,video5.mp4,5,2906,48.433,0.160145,0.160145,1,0.1785,1,0.9455,1.84
v5_002921.jpg,video5.mp4,5,2921,48.683,0.160972,0.160972,1,0.1759,1,0.9411,1.49
v5_002936.jpg,video5.mp4,5,2936,48.933,0.161799,0.161799,1,0.1761,1,0.9376,1.43
v5_002951.jpg,video5.mp4,5,2951,49.183,0.162625,0.162625,1,0.1794,1,0.9381,1.68
v5_002966.jpg,video5.mp4,5,2966,49.433,0.163452,0.163452,1,0.1775,1,0.9329,1.4
v5_002981.jpg,video5.mp4,5,2981,49.683,0.164279,0.164279,1,0.171,1,0.9533,0.67
v5_002997.jpg,video5.mp4,5,2997,49.95,0.16516,0.16516,1,0.1705,1,0.952,0.53
v5_003012.jpg,video5.mp4,5,3012,50.2,0.165987,0.165987,1,0.1683,1,0.9422,0.23
v5_003027.jpg,video5.mp4,5,3027,50.45,0.166814,0.166814,1,0.1649,1,0.9171,0.19
v5_003042.jpg,video5.mp4,5,3042,50.7,0.16764,0.16764,1,0.1652,1,0.9097,0.24
v5_003057.jpg,video5.mp4,5,3057,50.95,0.168467,0.168467,1,0.1666,1,0.9228,0.19
v5_003072.jpg,video5.mp4,5,3072,51.2,0.169294,0.169294,1,0.172,1,0.9592,0.27
v5_003087.jpg,video5.mp4,5,3087,51.45,0.17012,0.17012,1,0.1707,1,0.9559,0.06
v5_003103.jpg,video5.mp4,5,3103,51.717,0.171002,0.171002,1,0.1667,1,0.9421,0.43
v5_003118.jpg,video5.mp4,5,3118,51.967,0.171829,0.171829,1,0.181,1,0.9797,0.92
v5_003133.jpg,video5.mp4,5,3133,52.217,0.172655,0.172655,1,0.1936,1,0.9826,2.09
v5_003148.jpg,video5.mp4,5,3148,52.467,0.173482,0.173482,1,0.1883,1,0.9811,1.48
v5_003163.jpg,video5.mp4,5,3163,52.717,0.174308,0.174308,1,0.1894,1,0.979,1.51
v5_003178.jpg,video5.mp4,5,3178,52.967,0.175135,0.175135,1,0.1856,1,0.9741,1.05
v5_003193.jpg,video5.mp4,5,3193,53.217,0.175962,0.175962,1,0.1881,1,0.9774,1.21
v5_003208.jpg,video5.mp4,5,3208,53.467,0.176788,0.176788,1,0.1866,1,0.9766,0.98
v5_003224.jpg,video5.mp4,5,3224,53.733,0.17767,0.17767,1,0.1859,1,0.9705,0.82
v5_003239.jpg,video5.mp4,5,3239,53.983,0.178497,0.178497,1,0.1848,1,0.9664,0.63
v5_003254.jpg,video5.mp4,5,3254,54.233,0.179323,0.179323,1,0.183,1,0.9717,0.37
v5_003269.jpg,video5.mp4,5,3269,54.483,0.18015,0.18015,1,0.1867,1,0.9748,0.66
v5_003284.jpg,video5.mp4,5,3284,54.733,0.180977,0.180977,1,0.1879,1,0.9558,0.69
v5_003299.jpg,video5.mp4,5,3299,54.983,0.181803,0.181803,1,0.1874,1,0.9342,0.56
v5_003314.jpg,video5.mp4,5,3314,55.233,0.18263,0.18263,1,0.1873,1,0.9385,0.47
v5_003330.jpg,video5.mp4,5,3330,55.5,0.183512,0.183512,1,0.1872,1,0.9366,0.37
v5_003345.jpg,video5.mp4,5,3345,55.75,0.184338,0.184338,1,0.1964,1,0.9711,1.21
v5_003360.jpg,video5.mp4,5,3360,56.0,0.185165,0.185165,1,0.1985,1,0.9687,1.33
v5_003375.jpg,video5.mp4,5,3375,56.25,0.185991,0.185991,1,0.1988,1,0.9711,1.28
v5_003390.jpg,video5.mp4,5,3390,56.5,0.186818,0.186818,1,0.1937,1,0.9657,0.69
v5_003405.jpg,video5.mp4,5,3405,56.75,0.187645,0.187645,1,0.1942,1,0.969,0.66
v5_003420.jpg,video5.mp4,5,3420,57.0,0.188471,0.188471,1,0.2123,1,0.9721,2.38
v5_003435.jpg,video5.mp4,5,3435,57.25,0.189298,0.189298,1,0.214,1,0.9651,2.47
v5_003451.jpg,video5.mp4,5,3451,57.517,0.19018,0.19018,1,0.215,1,0.9498,2.48
v5_003466.jpg,video5.mp4,5,3466,57.767,0.191006,0.191006,1,0.2166,1,0.9484,2.56
v5_003481.jpg,video5.mp4,5,3481,58.017,0.191833,0.191833,1,0.2153,1,0.9491,2.35
v5_003496.jpg,video5.mp4,5,3496,58.267,0.19266,0.19266,1,0.2134,1,0.9472,2.07
v5_003511.jpg,video5.mp4,5,3511,58.517,0.193486,0.193486,1,0.2159,1,0.9564,2.24
v5_003526.jpg,video5.mp4,5,3526,58.767,0.194313,0.194313,1,0.2169,1,0.9554,2.26
v5_003541.jpg,video5.mp4,5,3541,59.017,0.195139,0.195139,1,0.2162,1,0.9551,2.11
v5_003557.jpg,video5.mp4,5,3557,59.283,0.196021,0.196021,1,0.2096,1,0.9608,1.36
v5_003572.jpg,video5.mp4,5,3572,59.533,0.196848,0.196848,1,0.2119,1,0.9669,1.51
v5_003587.jpg,video5.mp4,5,3587,59.783,0.197674,0.197674,1,0.2136,1,0.9667,1.59
v5_003602.jpg,video5.mp4,5,3602,60.033,0.198501,0.198501,1,0.2088,1,0.9633,1.03
v5_003617.jpg,video5.mp4,5,3617,60.283,0.199328,0.199328,1,0.2078,1,0.9621,0.85
v5_003632.jpg,video5.mp4,5,3632,60.533,0.200154,0.200154,1,0.2156,1,0.9622,1.54
v5_003647.jpg,video5.mp4,5,3647,60.783,0.200981,0.200981,1,0.2147,1,0.9613,1.37
v5_003662.jpg,video5.mp4,5,3662,61.033,0.201808,0.201808,1,0.2145,1,0.964,1.27
v5_003678.jpg,video5.mp4,5,3678,61.3,0.202689,0.202689,1,0.2152,1,0.9642,1.25
v5_003693.jpg,video5.mp4,5,3693,61.55,0.203516,0.203516,1,0.2102,1,0.9602,0.67
v5_003708.jpg,video5.mp4,5,3708,61.8,0.204343,0.204343,1,0.1946,1,0.9221,0.97
v5_003723.jpg,video5.mp4,5,3723,62.05,0.205169,0.205169,1,0.2086,1,0.9731,0.34
v5_003738.jpg,video5.mp4,5,3738,62.3,0.205996,0.205996,1,0.2166,1,0.9805,1.06
v5_003753.jpg,video5.mp4,5,3753,62.55,0.206822,0.206822,1,0.2136,1,0.9824,0.68
v5_003768.jpg,video5.mp4,5,3768,62.8,0.207649,0.207649,1,0.2152,1,0.9792,0.76
v5_003784.jpg,video5.mp4,5,3784,63.067,0.208531,0.208531,1,0.214,1,0.9795,0.55
v5_003799.jpg,video5.mp4,5,3799,63.317,0.209357,0.209357,1,0.2132,1,0.979,0.38
v5_003814.jpg,video5.mp4,5,3814,63.567,0.210184,0.210184,1,0.2115,1,0.9801,0.13
v5_003829.jpg,video5.mp4,5,3829,63.817,0.211011,0.211011,1,0.2141,1,0.9788,0.31
v5_003844.jpg,video5.mp4,5,3844,64.067,0.211837,0.211837,1,0.2144,1,0.9807,0.26
v5_003859.jpg,video5.mp4,5,3859,64.317,0.212664,0.212664,1,0.2143,1,0.9707,0.16
v5_003874.jpg,video5.mp4,5,3874,64.567,0.213491,0.213491,1,0.215,1,0.9554,0.15
v5_003890.jpg,video5.mp4,5,3890,64.833,0.214372,0.214372,1,0.2121,1,0.9482,0.23
v5_003905.jpg,video5.mp4,5,3905,65.083,0.215199,0.215199,1,0.2123,1,0.9524,0.29
v5_003920.jpg,video5.mp4,5,3920,65.333,0.216026,0.216026,1,0.2152,1,0.9575,0.08
v5_003935.jpg,video5.mp4,5,3935,65.583,0.216852,0.216852,1,0.2138,1,0.9563,0.31
v5_003950.jpg,video5.mp4,5,3950,65.833,0.217679,0.217679,1,0.2136,1,0.9583,0.41
v5_003965.jpg,video5.mp4,5,3965,66.083,0.218505,0.218505,1,0.2134,1,0.9526,0.51
v5_003980.jpg,video5.mp4,5,3980,66.333,0.219332,0.219332,1,0.2117,1,0.9507,0.76
v5_003995.jpg,video5.mp4,5,3995,66.583,0.220159,0.220159,1,0.2142,1,0.955,0.6
v5_004011.jpg,video5.mp4,5,4011,66.85,0.22104,0.22104,1,0.2255,1,0.9633,0.45
v5_004026.jpg,video5.mp4,5,4026,67.1,0.221867,0.221867,1,0.2244,1,0.9605,0.25
v5_004041.jpg,video5.mp4,5,4041,67.35,0.222694,0.222694,1,0.222,1,0.9554,0.07
v5_004056.jpg,video5.mp4,5,4056,67.6,0.22352,0.22352,1,0.2211,1,0.9517,0.24
v5_004071.jpg,video5.mp4,5,4071,67.85,0.224347,0.224347,1,0.2203,1,0.9531,0.4
v5_004086.jpg,video5.mp4,5,4086,68.1,0.225174,0.225174,1,0.2231,1,0.9585,0.21
v5_004101.jpg,video5.mp4,5,4101,68.35,0.226,0.226,1,0.2216,1,0.9603,0.44
v5_004117.jpg,video5.mp4,5,4117,68.617,0.226882,0.226882,1,0.2172,1,0.9516,0.97
v5_004132.jpg,video5.mp4,5,4132,68.867,0.227709,0.227709,1,0.2184,1,0.9488,0.93
v5_004147.jpg,video5.mp4,5,4147,69.117,0.228535,0.228535,1,0.2198,1,0.9478,0.87
v5_004162.jpg,video5.mp4,5,4162,69.367,0.229362,0.229362,1,0.2453,1,0.9618,1.59
v5_004177.jpg,video5.mp4,5,4177,69.617,0.230188,0.230188,1,0.2369,1,0.9761,0.67
v5_004192.jpg,video5.mp4,5,4192,69.867,0.231015,0.231015,1,0.2366,1,0.9752,0.56
v5_004207.jpg,video5.mp4,5,4207,70.117,0.231842,0.231842,1,0.2375,1,0.9819,0.57
v5_004222.jpg,video5.mp4,5,4222,70.367,0.232668,0.232668,1,0.2341,1,0.975,0.14
v5_004238.jpg,video5.mp4,5,4238,70.633,0.23355,0.23355,1,0.2336,1,0.9735,0.01
v5_004253.jpg,video5.mp4,5,4253,70.883,0.234377,0.234377,1,0.2347,1,0.9738,0.03
v5_004268.jpg,video5.mp4,5,4268,71.133,0.235203,0.235203,1,0.2342,1,0.9727,0.1
v5_004283.jpg,video5.mp4,5,4283,71.383,0.23603,0.23603,1,0.2334,1,0.9737,0.26
v5_004298.jpg,video5.mp4,5,4298,71.633,0.236857,0.236857,1,0.2324,1,0.974,0.45
v5_004313.jpg,video5.mp4,5,4313,71.883,0.237683,0.237683,1,0.2481,1,0.9773,1.04
v5_004328.jpg,video5.mp4,5,4328,72.133,0.23851,0.23851,1,0.2491,1,0.9797,1.06
v5_004344.jpg,video5.mp4,5,4344,72.4,0.239392,0.239392,1,0.2463,1,0.9783,0.69
v5_004359.jpg,video5.mp4,5,4359,72.65,0.240218,0.240218,1,0.2462,1,0.9787,0.6
v5_004374.jpg,video5.mp4,5,4374,72.9,0.241045,0.241045,1,0.2452,1,0.98,0.42
v5_004389.jpg,video5.mp4,5,4389,73.15,0.241871,0.241871,1,0.2466,1,0.9791,0.47
v5_004404.jpg,video5.mp4,5,4404,73.4,0.242698,0.242698,1,0.2472,1,0.9771,0.45
v5_004419.jpg,video5.mp4,5,4419,73.65,0.243525,0.243525,1,0.2475,1,0.9774,0.4
v5_004434.jpg,video5.mp4,5,4434,73.9,0.244351,0.244351,1,0.2454,1,0.9785,0.1
v5_004449.jpg,video5.mp4,5,4449,74.15,0.245178,0.245178,1,0.2466,1,0.9791,0.14
v5_004465.jpg,video5.mp4,5,4465,74.417,0.24606,0.24606,1,0.2459,1,0.9768,0.02
v5_004480.jpg,video5.mp4,5,4480,74.667,0.246886,0.246886,1,0.254,1,0.9716,0.71
v5_004495.jpg,video5.mp4,5,4495,74.917,0.247713,0.247713,1,0.2554,1,0.9684,0.77
v5_004510.jpg,video5.mp4,5,4510,75.167,0.24854,0.24854,1,0.2555,1,0.9663,0.7
v5_004525.jpg,video5.mp4,5,4525,75.417,0.249366,0.249366,1,0.2571,1,0.9663,0.77
v5_004540.jpg,video5.mp4,5,4540,75.667,0.250193,0.250193,1,0.2553,1,0.9675,0.51
v5_004555.jpg,video5.mp4,5,4555,75.917,0.25102,0.25102,1,0.2553,1,0.9668,0.43
v5_004571.jpg,video5.mp4,5,4571,76.183,0.251901,0.251901,1,0.2543,1,0.967,0.24
v5_004586.jpg,video5.mp4,5,4586,76.433,0.252728,0.252728,1,0.2582,1,0.9654,0.55
v5_004601.jpg,video5.mp4,5,4601,76.683,0.253555,0.253555,1,0.2539,1,0.9686,0.03
v5_004616.jpg,video5.mp4,5,4616,76.933,0.254381,0.254381,1,0.2404,1,0.9783,1.4
v5_004631.jpg,video5.mp4,5,4631,77.183,0.255208,0.255208,1,0.2445,1,0.9817,1.07
v5_004646.jpg,video5.mp4,5,4646,77.433,0.256034,0.256034,1,0.2417,1,0.979,1.43
v5_004661.jpg,video5.mp4,5,4661,77.683,0.256861,0.256861,1,0.2414,1,0.9783,1.55
v5_004676.jpg,video5.mp4,5,4676,77.933,0.257688,0.257688,1,0.2418,1,0.9791,1.59
v5_004692.jpg,video5.mp4,5,4692,78.2,0.258569,0.258569,1,0.2436,1,0.9794,1.5
v5_004707.jpg,video5.mp4,5,4707,78.45,0.259396,0.259396,1,0.249,1,0.9772,1.04
v5_004722.jpg,video5.mp4,5,4722,78.7,0.260223,0.260223,1,0.2458,1,0.9781,1.44
v5_004737.jpg,video5.mp4,5,4737,78.95,0.261049,0.261049,1,0.2486,1,0.9786,1.24
v5_004752.jpg,video5.mp4,5,4752,79.2,0.261876,0.261876,1,0.2503,1,0.978,1.16
v5_004767.jpg,video5.mp4,5,4767,79.45,0.262703,0.262703,1,0.2615,1,0.9659,0.12
v5_004782.jpg,video5.mp4,5,4782,79.7,0.263529,0.263529,1,0.2654,1,0.9571,0.19
v5_004798.jpg,video5.mp4,5,4798,79.967,0.264411,0.264411,1,0.2684,1,0.9552,0.4
v5_004813.jpg,video5.mp4,5,4813,80.217,0.265238,0.265238,1,0.2673,1,0.9517,0.21
v5_004828.jpg,video5.mp4,5,4828,80.467,0.266064,0.266064,1,0.2724,1,0.9476,0.63
v5_004843.jpg,video5.mp4,5,4843,80.717,0.266891,0.266891,1,0.2706,1,0.9458,0.37
v5_004858.jpg,video5.mp4,5,4858,80.967,0.267717,0.267717,1,0.2713,1,0.9466,0.36
v5_004873.jpg,video5.mp4,5,4873,81.217,0.268544,0.268544,1,0.272,1,0.9479,0.35
v5_004888.jpg,video5.mp4,5,4888,81.467,0.269371,0.269371,1,0.2747,1,0.945,0.53
v5_004904.jpg,video5.mp4,5,4904,81.733,0.270252,0.270252,1,0.2745,1,0.9604,0.42
v5_004919.jpg,video5.mp4,5,4919,81.983,0.271079,0.271079,1,0.2785,1,0.9697,0.74
v5_004934.jpg,video5.mp4,5,4934,82.233,0.271906,0.271906,1,0.2772,1,0.9647,0.53
v5_004949.jpg,video5.mp4,5,4949,82.483,0.272732,0.272732,1,0.2805,1,0.9608,0.78
v5_004964.jpg,video5.mp4,5,4964,82.733,0.273559,0.273559,1,0.2824,1,0.9552,0.88
v5_004979.jpg,video5.mp4,5,4979,82.983,0.274386,0.274386,1,0.2828,1,0.9553,0.84
v5_004994.jpg,video5.mp4,5,4994,83.233,0.275212,0.275212,1,0.2814,1,0.9543,0.62
v5_005009.jpg,video5.mp4,5,5009,83.483,0.276039,0.276039,1,0.2802,1,0.9504,0.42
v5_005025.jpg,video5.mp4,5,5025,83.75,0.276921,0.276921,1,0.281,1,0.9497,0.41
v5_005040.jpg,video5.mp4,5,5040,84.0,0.277747,0.277747,1,0.284,1,0.9462,0.63
v5_005055.jpg,video5.mp4,5,5055,84.25,0.278574,0.278574,1,0.2862,1,0.956,0.76
v5_005070.jpg,video5.mp4,5,5070,84.5,0.2794,0.2794,1,0.288,1,0.9506,0.86
v5_005085.jpg,video5.mp4,5,5085,84.75,0.280227,0.280227,1,0.291,1,0.9257,1.08
v5_005100.jpg,video5.mp4,5,5100,85.0,0.281054,0.281054,1,0.2916,1,0.9198,1.05
v5_005115.jpg,video5.mp4,5,5115,85.25,0.28188,0.28188,1,0.2909,1,0.9118,0.9
v5_005131.jpg,video5.mp4,5,5131,85.517,0.282762,0.282762,1,0.2899,1,0.9082,0.71
v5_005146.jpg,video5.mp4,5,5146,85.767,0.283589,0.283589,1,0.2896,1,0.9087,0.6
v5_005161.jpg,video5.mp4,5,5161,86.017,0.284415,0.284415,1,0.2894,1,0.9026,0.5
v5_005176.jpg,video5.mp4,5,5176,86.267,0.285242,0.285242,1,0.2882,1,0.9121,0.3
v5_005191.jpg,video5.mp4,5,5191,86.517,0.286069,0.286069,1,0.2895,1,0.9091,0.34
v5_005206.jpg,video5.mp4,5,5206,86.767,0.286895,0.286895,1,0.2923,1,0.9145,0.54
v5_005221.jpg,video5.mp4,5,5221,87.017,0.287722,0.287722,1,0.2937,1,0.9592,0.6
v5_005236.jpg,video5.mp4,5,5236,87.267,0.288548,0.288548,1,0.2932,1,0.9465,0.47
v5_005252.jpg,video5.mp4,5,5252,87.533,0.28943,0.28943,1,0.295,1,0.9403,0.56
v5_005267.jpg,video5.mp4,5,5267,87.783,0.290257,0.290257,1,0.2973,1,0.9244,0.7
v5_005282.jpg,video5.mp4,5,5282,88.033,0.291083,0.291083,1,0.2974,1,0.9206,0.63
v5_005297.jpg,video5.mp4,5,5297,88.283,0.29191,0.29191,1,0.2987,1,0.9172,0.68
v5_005312.jpg,video5.mp4,5,5312,88.533,0.292737,0.292737,1,0.2994,1,0.9044,0.67
v5_005327.jpg,video5.mp4,5,5327,88.783,0.293563,0.293563,1,0.2986,1,0.8987,0.5
v5_005342.jpg,video5.mp4,5,5342,89.033,0.29439,0.29439,1,0.2984,1,0.9099,0.4
v5_005358.jpg,video5.mp4,5,5358,89.3,0.295272,0.295272,1,0.3085,1,0.8597,1.32
v5_005373.jpg,video5.mp4,5,5373,89.55,0.296098,0.296098,1,0.2991,1,0.6901,0.3
v5_005388.jpg,video5.mp4,5,5388,89.8,0.296925,0.296925,1,0.3015,1,0.5403,0.46
v5_005403.jpg,video5.mp4,5,5403,90.05,0.297752,0.297752,1,0.3048,1,0.4769,0.7
v5_005418.jpg,video5.mp4,5,5418,90.3,0.298578,0.298578,1,0.3056,2,0.5017,0.7
v5_005433.jpg,video5.mp4,5,5433,90.55,0.299405,0.299405,1,0.3048,2,0.4856,0.54
v5_005448.jpg,video5.mp4,5,5448,90.8,0.300231,0.300231,2,0.3044,2,0.4851,0.42
v5_005463.jpg,video5.mp4,5,5463,91.05,0.301058,0.301058,2,0.3064,2,0.5082,0.53
v5_005479.jpg,video5.mp4,5,5479,91.317,0.30194,0.30194,2,0.3059,2,0.4827,0.4
v5_005494.jpg,video5.mp4,5,5494,91.567,0.302766,0.302766,2,0.3035,2,0.4653,0.07
v5_005509.jpg,video5.mp4,5,5509,91.817,0.303593,0.303593,2,0.3105,2,0.6489,0.69
v5_005524.jpg,video5.mp4,5,5524,92.067,0.30442,0.30442,2,0.3132,2,0.9323,0.88
v5_005539.jpg,video5.mp4,5,5539,92.317,0.305246,0.305246,2,0.3125,2,0.9298,0.73
v5_005554.jpg,video5.mp4,5,5554,92.567,0.306073,0.306073,2,0.3152,2,0.9322,0.91
v5_005569.jpg,video5.mp4,5,5569,92.817,0.3069,0.3069,2,0.3136,2,0.9293,0.67
v5_005585.jpg,video5.mp4,5,5585,93.083,0.307781,0.307781,2,0.3145,2,0.9327,0.67
v5_005600.jpg,video5.mp4,5,5600,93.333,0.308608,0.308608,2,0.3173,2,0.9331,0.87
v5_005615.jpg,video5.mp4,5,5615,93.583,0.309435,0.309435,2,0.3174,2,0.9348,0.8
v5_005630.jpg,video5.mp4,5,5630,93.833,0.310261,0.310261,2,0.3181,2,0.9398,0.78
v5_005645.jpg,video5.mp4,5,5645,94.083,0.311088,0.311088,2,0.3205,2,0.9372,0.94
v5_005660.jpg,video5.mp4,5,5660,94.333,0.311914,0.311914,2,0.3312,2,0.933,1.93
v5_005675.jpg,video5.mp4,5,5675,94.583,0.312741,0.312741,2,0.3249,2,0.9317,1.22
v5_005690.jpg,video5.mp4,5,5690,94.833,0.313568,0.313568,2,0.3272,2,0.9269,1.36
v5_005706.jpg,video5.mp4,5,5706,95.1,0.314449,0.314449,2,0.3297,2,0.9339,1.53
v5_005721.jpg,video5.mp4,5,5721,95.35,0.315276,0.315276,2,0.3273,2,0.9311,1.2
v5_005736.jpg,video5.mp4,5,5736,95.6,0.316103,0.316103,2,0.3275,2,0.9362,1.14
v5_005751.jpg,video5.mp4,5,5751,95.85,0.316929,0.316929,2,0.3269,2,0.9287,1.0
v5_005766.jpg,video5.mp4,5,5766,96.1,0.317756,0.317756,2,0.3281,2,0.9379,1.03
v5_005781.jpg,video5.mp4,5,5781,96.35,0.318583,0.318583,2,0.3272,2,0.9417,0.86
v5_005796.jpg,video5.mp4,5,5796,96.6,0.319409,0.319409,2,0.3295,2,0.9424,1.01
v5_005812.jpg,video5.mp4,5,5812,96.867,0.320291,0.320291,2,0.3266,2,0.9468,0.63
v5_005827.jpg,video5.mp4,5,5827,97.117,0.321118,0.321118,2,0.3251,2,0.962,0.4
v5_005842.jpg,video5.mp4,5,5842,97.367,0.321944,0.321944,2,0.3239,2,0.9618,0.2
v5_005857.jpg,video5.mp4,5,5857,97.617,0.322771,0.322771,2,0.3225,2,0.9608,0.03
v5_005872.jpg,video5.mp4,5,5872,97.867,0.323597,0.323597,2,0.3239,2,0.9575,0.03
v5_005887.jpg,video5.mp4,5,5887,98.117,0.324424,0.324424,2,0.3247,2,0.9578,0.03
v5_005902.jpg,video5.mp4,5,5902,98.367,0.325251,0.325251,2,0.3255,2,0.9563,0.02
v5_005918.jpg,video5.mp4,5,5918,98.633,0.326132,0.326132,2,0.3237,2,0.9562,0.24
v5_005933.jpg,video5.mp4,5,5933,98.883,0.326959,0.326959,2,0.3246,2,0.9567,0.24
v5_005948.jpg,video5.mp4,5,5948,99.133,0.327786,0.327786,2,0.3251,2,0.961,0.27
v5_005963.jpg,video5.mp4,5,5963,99.383,0.328612,0.328612,2,0.3302,2,0.9656,0.16
v5_005978.jpg,video5.mp4,5,5978,99.633,0.329439,0.329439,2,0.344,2,0.9695,1.46
v5_005993.jpg,video5.mp4,5,5993,99.883,0.330266,0.330266,2,0.3423,2,0.9692,1.2
v5_006008.jpg,video5.mp4,5,6008,100.133,0.331092,0.331092,2,0.3396,2,0.9712,0.85
v5_006023.jpg,video5.mp4,5,6023,100.383,0.331919,0.331919,2,0.3401,2,0.9707,0.82
v5_006039.jpg,video5.mp4,5,6039,100.65,0.332801,0.332801,2,0.3382,2,0.9701,0.54
v5_006054.jpg,video5.mp4,5,6054,100.9,0.333627,0.333627,2,0.3368,2,0.9703,0.32
v5_006069.jpg,video5.mp4,5,6069,101.15,0.334454,0.334454,2,0.3391,2,0.9695,0.46
v5_006084.jpg,video5.mp4,5,6084,101.4,0.335281,0.335281,2,0.3392,2,0.9696,0.39
v5_006099.jpg,video5.mp4,5,6099,101.65,0.336107,0.336107,2,0.3357,2,0.9701,0.04
v5_006114.jpg,video5.mp4,5,6114,101.9,0.336934,0.336934,2,0.3337,2,0.97,0.32
v5_006129.jpg,video5.mp4,5,6129,102.15,0.33776,0.33776,2,0.3289,2,0.9533,0.89
v5_006145.jpg,video5.mp4,5,6145,102.417,0.338642,0.338642,2,0.3294,2,0.944,0.92
v5_006160.jpg,video5.mp4,5,6160,102.667,0.339469,0.339469,2,0.3316,2,0.949,0.79
v5_006175.jpg,video5.mp4,5,6175,102.917,0.340295,0.340295,2,0.3295,2,0.9482,1.08
v5_006190.jpg,video5.mp4,5,6190,103.167,0.341122,0.341122,2,0.3308,2,0.9477,1.03
v5_006205.jpg,video5.mp4,5,6205,103.417,0.341949,0.341949,2,0.3305,2,0.9474,1.14
v5_006220.jpg,video5.mp4,5,6220,103.667,0.342775,0.342775,2,0.3326,2,0.9524,1.02
v5_006235.jpg,video5.mp4,5,6235,103.917,0.343602,0.343602,2,0.3329,2,0.9532,1.07
v5_006250.jpg,video5.mp4,5,6250,104.167,0.344429,0.344429,2,0.3337,2,0.9565,1.07
v5_006266.jpg,video5.mp4,5,6266,104.433,0.34531,0.34531,2,0.3438,2,0.964,0.15
v5_006281.jpg,video5.mp4,5,6281,104.683,0.346137,0.346137,2,0.3458,2,0.9663,0.03
v5_006296.jpg,video5.mp4,5,6296,104.933,0.346964,0.346964,2,0.3471,2,0.9691,0.01
v5_006311.jpg,video5.mp4,5,6311,105.183,0.34779,0.34779,2,0.3478,2,0.9684,0.0
v5_006326.jpg,video5.mp4,5,6326,105.433,0.348617,0.348617,2,0.3459,2,0.9689,0.27
v5_006341.jpg,video5.mp4,5,6341,105.683,0.349443,0.349443,2,0.3443,2,0.9691,0.51
v5_006356.jpg,video5.mp4,5,6356,105.933,0.35027,0.35027,2,0.3469,2,0.9688,0.34
v5_006372.jpg,video5.mp4,5,6372,106.2,0.351152,0.351152,2,0.3431,2,0.9689,0.81
v5_006387.jpg,video5.mp4,5,6387,106.45,0.351978,0.351978,2,0.3439,2,0.9679,0.81
v5_006402.jpg,video5.mp4,5,6402,106.7,0.352805,0.352805,2,0.342,2,0.9658,1.08
v5_006417.jpg,video5.mp4,5,6417,106.95,0.353632,0.353632,2,0.3474,2,0.961,0.62
v5_006432.jpg,video5.mp4,5,6432,107.2,0.354458,0.354458,2,0.3527,2,0.9609,0.18
v5_006447.jpg,video5.mp4,5,6447,107.45,0.355285,0.355285,2,0.3573,2,0.9593,0.2
v5_006462.jpg,video5.mp4,5,6462,107.7,0.356112,0.356112,2,0.3598,2,0.9623,0.37
v5_006477.jpg,video5.mp4,5,6477,107.95,0.356938,0.356938,2,0.3614,2,0.9624,0.45
v5_006493.jpg,video5.mp4,5,6493,108.217,0.35782,0.35782,2,0.3593,2,0.9615,0.15
v5_006508.jpg,video5.mp4,5,6508,108.467,0.358647,0.358647,2,0.3604,2,0.962,0.18
v5_006523.jpg,video5.mp4,5,6523,108.717,0.359473,0.359473,2,0.3599,2,0.9609,0.04
v5_006538.jpg,video5.mp4,5,6538,108.967,0.3603,0.3603,2,0.3578,2,0.9606,0.25
v5_006553.jpg,video5.mp4,5,6553,109.217,0.361126,0.361126,2,0.3542,2,0.9614,0.69
v5_006568.jpg,video5.mp4,5,6568,109.467,0.361953,0.361953,2,0.3526,2,0.9584,0.94
v5_006583.jpg,video5.mp4,5,6583,109.717,0.36278,0.36278,2,0.3666,2,0.9678,0.38
v5_006599.jpg,video5.mp4,5,6599,109.983,0.363661,0.363661,2,0.3669,2,0.9676,0.32
v5_006614.jpg,video5.mp4,5,6614,110.233,0.364488,0.364488,2,0.3671,2,0.9656,0.26
v5_006629.jpg,video5.mp4,5,6629,110.483,0.365315,0.365315,2,0.3669,2,0.966,0.16
v5_006644.jpg,video5.mp4,5,6644,110.733,0.366141,0.366141,2,0.3674,2,0.9648,0.13
v5_006659.jpg,video5.mp4,5,6659,110.983,0.366968,0.366968,2,0.3671,2,0.9662,0.01
v5_006674.jpg,video5.mp4,5,6674,111.233,0.367795,0.367795,2,0.3659,2,0.965,0.19
v5_006689.jpg,video5.mp4,5,6689,111.483,0.368621,0.368621,2,0.3664,2,0.9654,0.22
v5_006704.jpg,video5.mp4,5,6704,111.733,0.369448,0.369448,2,0.3676,2,0.9671,0.18
v5_006720.jpg,video5.mp4,5,6720,112.0,0.37033,0.37033,2,0.3647,2,0.9588,0.56
v5_006735.jpg,video5.mp4,5,6735,112.25,0.371156,0.371156,2,0.3749,2,0.9623,0.37
v5_006750.jpg,video5.mp4,5,6750,112.5,0.371983,0.371983,2,0.3758,2,0.9602,0.38
v5_006765.jpg,video5.mp4,5,6765,112.75,0.372809,0.372809,2,0.3794,2,0.9593,0.66
v5_006780.jpg,video5.mp4,5,6780,113.0,0.373636,0.373636,2,0.3809,2,0.9588,0.73
v5_006795.jpg,video5.mp4,5,6795,113.25,0.374463,0.374463,2,0.3831,2,0.9586,0.86
v5_006810.jpg,video5.mp4,5,6810,113.5,0.375289,0.375289,2,0.3818,2,0.9585,0.65
v5_006826.jpg,video5.mp4,5,6826,113.767,0.376171,0.376171,2,0.3825,2,0.9592,0.63
v5_006841.jpg,video5.mp4,5,6841,114.017,0.376998,0.376998,2,0.3815,2,0.9593,0.45
v5_006856.jpg,video5.mp4,5,6856,114.267,0.377824,0.377824,2,0.3787,2,0.9603,0.09
v5_006871.jpg,video5.mp4,5,6871,114.517,0.378651,0.378651,2,0.3751,2,0.9666,0.36
v5_006886.jpg,video5.mp4,5,6886,114.767,0.379478,0.379478,2,0.3688,2,0.9643,1.07
v5_006901.jpg,video5.mp4,5,6901,115.017,0.380304,0.380304,2,0.381,2,0.9593,0.07
v5_006916.jpg,video5.mp4,5,6916,115.267,0.381131,0.381131,2,0.3819,2,0.9599,0.08
v5_006931.jpg,video5.mp4,5,6931,115.517,0.381957,0.381957,2,0.3817,2,0.9601,0.03
v5_006947.jpg,video5.mp4,5,6947,115.783,0.382839,0.382839,2,0.3812,2,0.9617,0.16
v5_006962.jpg,video5.mp4,5,6962,116.033,0.383666,0.383666,2,0.3854,2,0.9614,0.17
v5_006977.jpg,video5.mp4,5,6977,116.283,0.384492,0.384492,2,0.3787,2,0.9608,0.58
v5_006992.jpg,video5.mp4,5,6992,116.533,0.385319,0.385319,2,0.3791,2,0.9583,0.62
v5_007007.jpg,video5.mp4,5,7007,116.783,0.386146,0.386146,2,0.3986,2,0.9569,1.25
v5_007022.jpg,video5.mp4,5,7022,117.033,0.386972,0.386972,2,0.3887,2,0.9465,0.17
v5_007037.jpg,video5.mp4,5,7037,117.283,0.387799,0.387799,2,0.3963,2,0.9545,0.85
v5_007053.jpg,video5.mp4,5,7053,117.55,0.388681,0.388681,2,0.3938,2,0.9527,0.51
v5_007068.jpg,video5.mp4,5,7068,117.8,0.389507,0.389507,2,0.3976,2,0.9555,0.81
v5_007083.jpg,video5.mp4,5,7083,118.05,0.390334,0.390334,2,0.4009,2,0.9569,1.06
v5_007098.jpg,video5.mp4,5,7098,118.3,0.391161,0.391161,2,0.4004,2,0.9562,0.92
v5_007113.jpg,video5.mp4,5,7113,118.55,0.391987,0.391987,2,0.3985,2,0.9549,0.65
v5_007128.jpg,video5.mp4,5,7128,118.8,0.392814,0.392814,2,0.3973,2,0.9548,0.45
v5_007143.jpg,video5.mp4,5,7143,119.05,0.39364,0.39364,2,0.397,2,0.9549,0.34
v5_007159.jpg,video5.mp4,5,7159,119.317,0.394522,0.394522,2,0.3996,2,0.9528,0.51
v5_007174.jpg,video5.mp4,5,7174,119.567,0.395349,0.395349,2,0.4037,2,0.9555,0.84
v5_007189.jpg,video5.mp4,5,7189,119.817,0.396175,0.396175,2,0.4087,2,0.9415,1.25
v5_007204.jpg,video5.mp4,5,7204,120.067,0.397002,0.397002,2,0.4072,2,0.9462,1.02
v5_007219.jpg,video5.mp4,5,7219,120.317,0.397829,0.397829,2,0.4127,2,0.9507,1.49
v5_007234.jpg,video5.mp4,5,7234,120.567,0.398655,0.398655,2,0.417,2,0.9516,1.83
v5_007249.jpg,video5.mp4,5,7249,120.817,0.399482,0.399482,2,0.4264,2,0.9522,2.69
v5_007264.jpg,video5.mp4,5,7264,121.067,0.400309,0.400309,2,0.4256,2,0.9507,2.53
v5_007280.jpg,video5.mp4,5,7280,121.333,0.40119,0.40119,2,0.4156,2,0.9498,1.44
v5_007295.jpg,video5.mp4,5,7295,121.583,0.402017,0.402017,2,0.4215,2,0.9484,1.95
v5_007310.jpg,video5.mp4,5,7310,121.833,0.402844,0.402844,2,0.411,2,0.9585,0.82
v5_007325.jpg,video5.mp4,5,7325,122.083,0.40367,0.40367,2,0.403,2,0.9587,0.07
v5_007340.jpg,video5.mp4,5,7340,122.333,0.404497,0.404497,2,0.4057,2,0.9635,0.12
v5_007355.jpg,video5.mp4,5,7355,122.583,0.405323,0.405323,2,0.4058,2,0.9632,0.05
v5_007370.jpg,video5.mp4,5,7370,122.833,0.40615,0.40615,2,0.4073,2,0.9635,0.11
v5_007386.jpg,video5.mp4,5,7386,123.1,0.407032,0.407032,2,0.4067,2,0.961,0.03
v5_007401.jpg,video5.mp4,5,7401,123.35,0.407858,0.407858,2,0.4038,2,0.961,0.41
v5_007416.jpg,video5.mp4,5,7416,123.6,0.408685,0.408685,2,0.4018,2,0.9625,0.69
v5_007431.jpg,video5.mp4,5,7431,123.85,0.409512,0.409512,2,0.4069,2,0.965,0.26
v5_007446.jpg,video5.mp4,5,7446,124.1,0.410338,0.410338,2,0.4097,2,0.9637,0.06
v5_007461.jpg,video5.mp4,5,7461,124.35,0.411165,0.411165,2,0.4136,2,0.963,0.24
v5_007476.jpg,video5.mp4,5,7476,124.6,0.411992,0.411992,2,0.4049,2,0.9679,0.71
v5_007491.jpg,video5.mp4,5,7491,124.85,0.412818,0.412818,2,0.4113,2,0.9667,0.15
v5_007507.jpg,video5.mp4,5,7507,125.117,0.4137,0.4137,2,0.4163,2,0.9661,0.26
v5_007522.jpg,video5.mp4,5,7522,125.367,0.414527,0.414527,2,0.4124,2,0.9655,0.21
v5_007537.jpg,video5.mp4,5,7537,125.617,0.415353,0.415353,2,0.4133,2,0.9666,0.21
v5_007552.jpg,video5.mp4,5,7552,125.867,0.41618,0.41618,2,0.4159,2,0.9674,0.03
v5_007567.jpg,video5.mp4,5,7567,126.117,0.417007,0.417007,2,0.4154,2,0.9666,0.16
v5_007582.jpg,video5.mp4,5,7582,126.367,0.417833,0.417833,2,0.4174,2,0.9652,0.04
v5_007597.jpg,video5.mp4,5,7597,126.617,0.41866,0.41866,2,0.4178,2,0.9655,0.09
v5_007613.jpg,video5.mp4,5,7613,126.883,0.419541,0.419541,2,0.4104,2,0.9705,0.91
v5_007628.jpg,video5.mp4,5,7628,127.133,0.420368,0.420368,2,0.4128,2,0.9698,0.76
v5_007643.jpg,video5.mp4,5,7643,127.383,0.421195,0.421195,2,0.4096,2,0.9697,1.16
v5_007658.jpg,video5.mp4,5,7658,127.633,0.422021,0.422021,2,0.4126,2,0.9692,0.94
v5_007673.jpg,video5.mp4,5,7673,127.883,0.422848,0.422848,2,0.4123,2,0.97,1.05
v5_007688.jpg,video5.mp4,5,7688,128.133,0.423675,0.423675,2,0.4133,2,0.9711,1.04
v5_007703.jpg,video5.mp4,5,7703,128.383,0.424501,0.424501,2,0.4132,2,0.9722,1.13
v5_007718.jpg,video5.mp4,5,7718,128.633,0.425328,0.425328,2,0.4146,2,0.971,1.07
v5_007734.jpg,video5.mp4,5,7734,128.9,0.42621,0.42621,2,0.4154,2,0.971,1.08
v5_007749.jpg,video5.mp4,5,7749,129.15,0.427036,0.427036,2,0.4154,2,0.9689,1.16
v5_007764.jpg,video5.mp4,5,7764,129.4,0.427863,0.427863,2,0.4054,2,0.969,2.25
v5_007779.jpg,video5.mp4,5,7779,129.65,0.42869,0.42869,2,0.4254,2,0.9746,0.33
v5_007794.jpg,video5.mp4,5,7794,129.9,0.429516,0.429516,2,0.4244,2,0.9759,0.51
v5_007809.jpg,video5.mp4,5,7809,130.15,0.430343,0.430343,2,0.4297,2,0.9765,0.06
v5_007824.jpg,video5.mp4,5,7824,130.4,0.431169,0.431169,2,0.4295,2,0.9768,0.17
v5_007840.jpg,video5.mp4,5,7840,130.667,0.432051,0.432051,2,0.4348,2,0.9769,0.27
v5_007855.jpg,video5.mp4,5,7855,130.917,0.432878,0.432878,2,0.4357,2,0.9773,0.28
v5_007870.jpg,video5.mp4,5,7870,131.167,0.433704,0.433704,2,0.4307,2,0.9771,0.3
v5_007885.jpg,video5.mp4,5,7885,131.417,0.434531,0.434531,2,0.4282,2,0.9777,0.63
v5_007900.jpg,video5.mp4,5,7900,131.667,0.435358,0.435358,2,0.4305,2,0.9767,0.49
v5_007915.jpg,video5.mp4,5,7915,131.917,0.436184,0.436184,2,0.4394,2,0.9715,0.32
v5_007930.jpg,video5.mp4,5,7930,132.167,0.437011,0.437011,2,0.4442,2,0.9641,0.72
v5_007945.jpg,video5.mp4,5,7945,132.417,0.437838,0.437838,2,0.4493,2,0.9607,1.15
v5_007961.jpg,video5.mp4,5,7961,132.683,0.438719,0.438719,2,0.4483,2,0.9594,0.96
v5_007976.jpg,video5.mp4,5,7976,132.933,0.439546,0.439546,2,0.4474,2,0.9624,0.79
v5_007991.jpg,video5.mp4,5,7991,133.183,0.440373,0.440373,2,0.4496,2,0.962,0.92
v5_008006.jpg,video5.mp4,5,8006,133.433,0.441199,0.441199,2,0.4496,2,0.9622,0.84
v5_008021.jpg,video5.mp4,5,8021,133.683,0.442026,0.442026,2,0.4483,2,0.9625,0.63
v5_008036.jpg,video5.mp4,5,8036,133.933,0.442852,0.442852,2,0.449,2,0.9625,0.61
v5_008051.jpg,video5.mp4,5,8051,134.183,0.443679,0.443679,2,0.4506,2,0.9618,0.69
v5_008067.jpg,video5.mp4,5,8067,134.45,0.444561,0.444561,2,0.4628,2,0.9701,1.82
v5_008082.jpg,video5.mp4,5,8082,134.7,0.445387,0.445387,2,0.4599,2,0.9745,1.45
v5_008097.jpg,video5.mp4,5,8097,134.95,0.446214,0.446214,2,0.457,2,0.9751,1.08
v5_008112.jpg,video5.mp4,5,8112,135.2,0.447041,0.447041,2,0.4564,2,0.9746,0.94
v5_008127.jpg,video5.mp4,5,8127,135.45,0.447867,0.447867,2,0.4603,2,0.974,1.24
v5_008142.jpg,video5.mp4,5,8142,135.7,0.448694,0.448694,2,0.4591,2,0.9747,1.04
v5_008157.jpg,video5.mp4,5,8157,135.95,0.449521,0.449521,2,0.4586,2,0.9751,0.91
v5_008173.jpg,video5.mp4,5,8173,136.217,0.450402,0.450402,2,0.4575,2,0.9749,0.71
v5_008188.jpg,video5.mp4,5,8188,136.467,0.451229,0.451229,2,0.4573,2,0.9752,0.61
v5_008203.jpg,video5.mp4,5,8203,136.717,0.452056,0.452056,2,0.4482,2,0.9719,0.39
v5_008218.jpg,video5.mp4,5,8218,136.967,0.452882,0.452882,2,0.4403,2,0.9758,1.26
v5_008233.jpg,video5.mp4,5,8233,137.217,0.453709,0.453709,2,0.454,2,0.9745,0.03
v5_008248.jpg,video5.mp4,5,8248,137.467,0.454535,0.454535,2,0.4578,2,0.9737,0.33
v5_008263.jpg,video5.mp4,5,8263,137.717,0.455362,0.455362,2,0.4637,2,0.974,0.83
v5_008278.jpg,video5.mp4,5,8278,137.967,0.456189,0.456189,2,0.4639,2,0.974,0.77
v5_008294.jpg,video5.mp4,5,8294,138.233,0.45707,0.45707,2,0.4625,2,0.974,0.54
v5_008309.jpg,video5.mp4,5,8309,138.483,0.457897,0.457897,2,0.4618,2,0.9746,0.39
v5_008324.jpg,video5.mp4,5,8324,138.733,0.458724,0.458724,2,0.4627,2,0.9748,0.4
v5_008339.jpg,video5.mp4,5,8339,138.983,0.45955,0.45955,2,0.4618,2,0.9746,0.23
v5_008354.jpg,video5.mp4,5,8354,139.233,0.460377,0.460377,2,0.4643,2,0.9749,0.39
v5_008369.jpg,video5.mp4,5,8369,139.483,0.461204,0.461204,2,0.4529,2,0.9712,0.83
v5_008384.jpg,video5.mp4,5,8384,139.733,0.46203,0.46203,2,0.4705,2,0.9652,0.85
v5_008400.jpg,video5.mp4,5,8400,140.0,0.462912,0.462912,2,0.464,2,0.9659,0.11
v5_008415.jpg,video5.mp4,5,8415,140.25,0.463739,0.463739,2,0.4655,2,0.9675,0.18
v5_008430.jpg,video5.mp4,5,8430,140.5,0.464565,0.464565,2,0.4661,2,0.9668,0.15
v5_008445.jpg,video5.mp4,5,8445,140.75,0.465392,0.465392,2,0.4655,2,0.9668,0.01
v5_008460.jpg,video5.mp4,5,8460,141.0,0.466218,0.466218,2,0.4679,2,0.9681,0.17
v5_008475.jpg,video5.mp4,5,8475,141.25,0.467045,0.467045,2,0.4658,2,0.9683,0.12
v5_008490.jpg,video5.mp4,5,8490,141.5,0.467872,0.467872,2,0.4628,2,0.968,0.51
v5_008505.jpg,video5.mp4,5,8505,141.75,0.468698,0.468698,2,0.4699,2,0.967,0.12
v5_008521.jpg,video5.mp4,5,8521,142.017,0.46958,0.46958,2,0.4717,2,0.9673,0.21
v5_008536.jpg,video5.mp4,5,8536,142.267,0.470407,0.470407,2,0.462,2,0.9691,0.84
v5_008551.jpg,video5.mp4,5,8551,142.517,0.471233,0.471233,2,0.4674,2,0.9687,0.38
v5_008566.jpg,video5.mp4,5,8566,142.767,0.47206,0.47206,2,0.4704,2,0.9669,0.17
v5_008581.jpg,video5.mp4,5,8581,143.017,0.472887,0.472887,2,0.4681,2,0.966,0.48
v5_008596.jpg,video5.mp4,5,8596,143.267,0.473713,0.473713,2,0.4723,2,0.9662,0.14
v5_008611.jpg,video5.mp4,5,8611,143.517,0.47454,0.47454,2,0.4713,2,0.966,0.32
v5_008627.jpg,video5.mp4,5,8627,143.783,0.475422,0.475422,2,0.469,2,0.9656,0.64
v5_008642.jpg,video5.mp4,5,8642,144.033,0.476248,0.476248,2,0.4686,2,0.9654,0.76
v5_008657.jpg,video5.mp4,5,8657,144.283,0.477075,0.477075,2,0.4666,2,0.9621,1.05
v5_008672.jpg,video5.mp4,5,8672,144.533,0.477901,0.477901,2,0.4741,2,0.9738,0.38
v5_008687.jpg,video5.mp4,5,8687,144.783,0.478728,0.478728,2,0.4745,2,0.9738,0.42
v5_008702.jpg,video5.mp4,5,8702,145.033,0.479555,0.479555,2,0.4759,2,0.9735,0.37
v5_008717.jpg,video5.mp4,5,8717,145.283,0.480381,0.480381,2,0.4756,2,0.9738,0.48
v5_008732.jpg,video5.mp4,5,8732,145.533,0.481208,0.481208,2,0.4726,2,0.9746,0.86
v5_008748.jpg,video5.mp4,5,8748,145.8,0.48209,0.48209,2,0.4727,2,0.9744,0.94
v5_008763.jpg,video5.mp4,5,8763,146.05,0.482916,0.482916,2,0.4738,2,0.9747,0.91
v5_008778.jpg,video5.mp4,5,8778,146.3,0.483743,0.483743,2,0.4725,2,0.974,1.12
v5_008793.jpg,video5.mp4,5,8793,146.55,0.48457,0.48457,2,0.4702,2,0.9745,1.44
v5_008808.jpg,video5.mp4,5,8808,146.8,0.485396,0.485396,2,0.4778,2,0.9675,0.76
v5_008823.jpg,video5.mp4,5,8823,147.05,0.486223,0.486223,2,0.4694,2,0.9637,1.68
v5_008838.jpg,video5.mp4,5,8838,147.3,0.487049,0.487049,2,0.4779,2,0.9648,0.91
v5_008854.jpg,video5.mp4,5,8854,147.567,0.487931,0.487931,2,0.4897,2,0.967,0.18
v5_008869.jpg,video5.mp4,5,8869,147.817,0.488758,0.488758,2,0.4901,2,0.9656,0.13
v5_008884.jpg,video5.mp4,5,8884,148.067,0.489584,0.489584,2,0.4865,2,0.9654,0.31
v5_008899.jpg,video5.mp4,5,8899,148.317,0.490411,0.490411,2,0.4859,2,0.9646,0.45
v5_008914.jpg,video5.mp4,5,8914,148.567,0.491238,0.491238,2,0.4873,2,0.9678,0.39
v5_008929.jpg,video5.mp4,5,8929,148.817,0.492064,0.492064,2,0.4881,2,0.9671,0.4
v5_008944.jpg,video5.mp4,5,8944,149.067,0.492891,0.492891,2,0.4927,2,0.9659,0.02
v5_008959.jpg,video5.mp4,5,8959,149.317,0.493718,0.493718,2,0.4928,2,0.9671,0.09
v5_008975.jpg,video5.mp4,5,8975,149.583,0.494599,0.494599,2,0.5005,2,0.9613,0.59
v5_008990.jpg,video5.mp4,5,8990,149.833,0.495426,0.495426,2,0.5029,2,0.9609,0.75
v5_009005.jpg,video5.mp4,5,9005,150.083,0.496253,0.496253,2,0.5009,2,0.9612,0.46
v5_009020.jpg,video5.mp4,5,9020,150.333,0.497079,0.497079,2,0.4997,2,0.9601,0.26
v5_009035.jpg,video5.mp4,5,9035,150.583,0.497906,0.497906,2,0.4995,2,0.9604,0.16
v5_009050.jpg,video5.mp4,5,9050,150.833,0.498733,0.498733,2,0.502,2,0.9601,0.33
v5_009065.jpg,video5.mp4,5,9065,151.083,0.499559,0.499559,2,0.5027,2,0.9605,0.31
v5_009081.jpg,video5.mp4,5,9081,151.35,0.500441,0.500441,2,0.4984,2,0.9606,0.2
v5_009096.jpg,video5.mp4,5,9096,151.6,0.501267,0.501267,2,0.5044,2,0.9602,0.31
v5_009111.jpg,video5.mp4,5,9111,151.85,0.502094,0.502094,2,0.4894,2,0.9641,1.27
v5_009126.jpg,video5.mp4,5,9126,152.1,0.502921,0.502921,2,0.513,2,0.9522,1.01
v5_009141.jpg,video5.mp4,5,9141,152.35,0.503747,0.503747,2,0.5211,2,0.9483,1.74
v5_009156.jpg,video5.mp4,5,9156,152.6,0.504574,0.504574,2,0.5211,2,0.9502,1.65
v5_009171.jpg,video5.mp4,5,9171,152.85,0.505401,0.505401,2,0.5183,2,0.9516,1.29
v5_009187.jpg,video5.mp4,5,9187,153.117,0.506282,0.506282,2,0.5157,2,0.9532,0.94
v5_009202.jpg,video5.mp4,5,9202,153.367,0.507109,0.507109,2,0.5132,2,0.953,0.61
v5_009217.jpg,video5.mp4,5,9217,153.617,0.507936,0.507936,2,0.5143,2,0.9539,0.64
v5_009232.jpg,video5.mp4,5,9232,153.867,0.508762,0.508762,2,0.5221,2,0.95,1.33
v5_009247.jpg,video5.mp4,5,9247,154.117,0.509589,0.509589,2,0.5061,2,0.9483,0.35
v5_009262.jpg,video5.mp4,5,9262,154.367,0.510416,0.510416,2,0.4978,2,0.944,1.26
v5_009277.jpg,video5.mp4,5,9277,154.617,0.511242,0.511242,2,0.4982,2,0.9539,1.3
v5_009292.jpg,video5.mp4,5,9292,154.867,0.512069,0.512069,2,0.5118,2,0.9544,0.03
v5_009308.jpg,video5.mp4,5,9308,155.133,0.512951,0.512951,2,0.5183,2,0.9526,0.53
v5_009323.jpg,video5.mp4,5,9323,155.383,0.513777,0.513777,2,0.5256,2,0.9495,1.18
v5_009338.jpg,video5.mp4,5,9338,155.633,0.514604,0.514604,2,0.5266,2,0.9493,1.2
v5_009353.jpg,video5.mp4,5,9353,155.883,0.51543,0.51543,2,0.5376,2,0.9447,2.22
v5_009368.jpg,video5.mp4,5,9368,156.133,0.516257,0.516257,2,0.5335,2,0.9457,1.72
v5_009383.jpg,video5.mp4,5,9383,156.383,0.517084,0.517084,2,0.5325,2,0.9483,1.54
v5_009398.jpg,video5.mp4,5,9398,156.633,0.51791,0.51791,2,0.5302,2,0.9503,1.23
v5_009414.jpg,video5.mp4,5,9414,156.9,0.518792,0.518792,2,0.5383,2,0.9555,1.95
v5_009429.jpg,video5.mp4,5,9429,157.15,0.519619,0.519619,2,0.5285,2,0.9653,0.89
v5_009444.jpg,video5.mp4,5,9444,157.4,0.520445,0.520445,2,0.5236,2,0.9669,0.32
v5_009459.jpg,video5.mp4,5,9459,157.65,0.521272,0.521272,2,0.5222,2,0.9671,0.09
v5_009474.jpg,video5.mp4,5,9474,157.9,0.522099,0.522099,2,0.5211,2,0.9685,0.1
v5_009489.jpg,video5.mp4,5,9489,158.15,0.522925,0.522925,2,0.5199,2,0.9685,0.3
v5_009504.jpg,video5.mp4,5,9504,158.4,0.523752,0.523752,2,0.5218,2,0.968,0.2
v5_009519.jpg,video5.mp4,5,9519,158.65,0.524578,0.524578,2,0.5234,2,0.9674,0.12
v5_009535.jpg,video5.mp4,5,9535,158.917,0.52546,0.52546,2,0.5286,2,0.965,0.31
v5_009550.jpg,video5.mp4,5,9550,159.167,0.526287,0.526287,2,0.5256,2,0.9666,0.07
v5_009565.jpg,video5.mp4,5,9565,159.417,0.527113,0.527113,2,0.5551,2,0.955,2.8
v5_009580.jpg,video5.mp4,5,9580,159.667,0.52794,0.52794,2,0.5384,2,0.9575,1.05
v5_009595.jpg,video5.mp4,5,9595,159.917,0.528767,0.528767,2,0.5441,2,0.9572,1.53
v5_009610.jpg,video5.mp4,5,9610,160.167,0.529593,0.529593,2,0.5448,2,0.9519,1.52
v5_009625.jpg,video5.mp4,5,9625,160.417,0.53042,0.53042,2,0.5446,2,0.9541,1.42
v5_009641.jpg,video5.mp4,5,9641,160.683,0.531302,0.531302,2,0.5436,2,0.9533,1.23
v5_009656.jpg,video5.mp4,5,9656,160.933,0.532128,0.532128,2,0.5485,2,0.9511,1.64
v5_009671.jpg,video5.mp4,5,9671,161.183,0.532955,0.532955,2,0.5487,2,0.9519,1.57
v5_009686.jpg,video5.mp4,5,9686,161.433,0.533782,0.533782,2,0.5458,2,0.9543,1.2
v5_009701.jpg,video5.mp4,5,9701,161.683,0.534608,0.534608,2,0.5476,2,0.957,1.3
v5_009716.jpg,video5.mp4,5,9716,161.933,0.535435,0.535435,2,0.5313,2,0.9554,0.41
v5_009731.jpg,video5.mp4,5,9731,162.183,0.536261,0.536261,2,0.5339,2,0.9628,0.24
v5_009746.jpg,video5.mp4,5,9746,162.433,0.537088,0.537088,2,0.5406,2,0.9592,0.35
v5_009762.jpg,video5.mp4,5,9762,162.7,0.53797,0.53797,2,0.5432,2,0.9587,0.52
v5_009777.jpg,video5.mp4,5,9777,162.95,0.538796,0.538796,2,0.5459,2,0.9583,0.71
v5_009792.jpg,video5.mp4,5,9792,163.2,0.539623,0.539623,2,0.5469,2,0.9586,0.73
v5_009807.jpg,video5.mp4,5,9807,163.45,0.54045,0.54045,2,0.5487,2,0.9597,0.82
v5_009822.jpg,video5.mp4,5,9822,163.7,0.541276,0.541276,2,0.5478,2,0.9586,0.65
v5_009837.jpg,video5.mp4,5,9837,163.95,0.542103,0.542103,2,0.5446,2,0.9603,0.25
v5_009852.jpg,video5.mp4,5,9852,164.2,0.54293,0.54293,2,0.544,2,0.9585,0.11
v5_009868.jpg,video5.mp4,5,9868,164.467,0.543811,0.543811,2,0.5386,2,0.9564,0.52
v5_009883.jpg,video5.mp4,5,9883,164.717,0.544638,0.544638,2,0.5426,2,0.9548,0.2
v5_009898.jpg,video5.mp4,5,9898,164.967,0.545465,0.545465,2,0.5501,2,0.9564,0.46
v5_009913.jpg,video5.mp4,5,9913,165.217,0.546291,0.546291,2,0.5484,2,0.9528,0.21
v5_009928.jpg,video5.mp4,5,9928,165.467,0.547118,0.547118,2,0.5436,2,0.954,0.35
v5_009943.jpg,video5.mp4,5,9943,165.717,0.547944,0.547944,2,0.5429,2,0.9548,0.5
v5_009958.jpg,video5.mp4,5,9958,165.967,0.548771,0.548771,2,0.5469,2,0.9573,0.19
v5_009973.jpg,video5.mp4,5,9973,166.217,0.549598,0.549598,2,0.5436,2,0.9568,0.6
v5_009989.jpg,video5.mp4,5,9989,166.483,0.550479,0.550479,2,0.5472,2,0.9555,0.33
v5_010004.jpg,video5.mp4,5,10004,166.733,0.551306,0.551306,2,0.5492,2,0.9587,0.21
v5_010019.jpg,video5.mp4,5,10019,166.983,0.552133,0.552133,2,0.5594,2,0.9674,0.73
v5_010034.jpg,video5.mp4,5,10034,167.233,0.552959,0.552959,2,0.5668,2,0.9655,1.38
v5_010049.jpg,video5.mp4,5,10049,167.483,0.553786,0.553786,2,0.5689,2,0.9646,1.51
v5_010064.jpg,video5.mp4,5,10064,167.733,0.554613,0.554613,2,0.5718,2,0.964,1.72
v5_010079.jpg,video5.mp4,5,10079,167.983,0.555439,0.555439,2,0.5716,2,0.963,1.62
v5_010095.jpg,video5.mp4,5,10095,168.25,0.556321,0.556321,2,0.5691,2,0.9643,1.28
v5_010110.jpg,video5.mp4,5,10110,168.5,0.557148,0.557148,2,0.5675,2,0.9644,1.04
v5_010125.jpg,video5.mp4,5,10125,168.75,0.557974,0.557974,2,0.5704,2,0.9635,1.24
v5_010140.jpg,video5.mp4,5,10140,169.0,0.558801,0.558801,2,0.571,2,0.9632,1.22
v5_010155.jpg,video5.mp4,5,10155,169.25,0.559627,0.559627,2,0.5705,2,0.9662,1.09
v5_010170.jpg,video5.mp4,5,10170,169.5,0.560454,0.560454,2,0.5751,2,0.9693,1.46
v5_010185.jpg,video5.mp4,5,10185,169.75,0.561281,0.561281,2,0.5767,2,0.9681,1.54
v5_010201.jpg,video5.mp4,5,10201,170.017,0.562162,0.562162,2,0.5798,2,0.9669,1.76
v5_010216.jpg,video5.mp4,5,10216,170.267,0.562989,0.562989,2,0.5795,2,0.9677,1.65
v5_010231.jpg,video5.mp4,5,10231,170.517,0.563816,0.563816,2,0.5688,2,0.9715,0.5
v5_010246.jpg,video5.mp4,5,10246,170.767,0.564642,0.564642,2,0.5749,2,0.9683,1.03
v5_010261.jpg,video5.mp4,5,10261,171.017,0.565469,0.565469,2,0.5778,2,0.9682,1.23
v5_010276.jpg,video5.mp4,5,10276,171.267,0.566296,0.566296,2,0.5729,2,0.9691,0.66
v5_010291.jpg,video5.mp4,5,10291,171.517,0.567122,0.567122,2,0.5736,2,0.968,0.65
v5_010306.jpg,video5.mp4,5,10306,171.767,0.567949,0.567949,2,0.5731,2,0.9693,0.52
v5_010322.jpg,video5.mp4,5,10322,172.033,0.568831,0.568831,2,0.5769,2,0.9643,0.81
v5_010337.jpg,video5.mp4,5,10337,172.283,0.569657,0.569657,2,0.5847,2,0.9504,1.5
v5_010352.jpg,video5.mp4,5,10352,172.533,0.570484,0.570484,2,0.5846,2,0.9461,1.41
v5_010367.jpg,video5.mp4,5,10367,172.783,0.57131,0.57131,2,0.5771,2,0.951,0.58
v5_010382.jpg,video5.mp4,5,10382,173.033,0.572137,0.572137,2,0.5773,2,0.9516,0.52
v5_010397.jpg,video5.mp4,5,10397,173.283,0.572964,0.572964,2,0.5748,2,0.9544,0.18
v5_010412.jpg,video5.mp4,5,10412,173.533,0.57379,0.57379,2,0.5733,2,0.9665,0.05
v5_010428.jpg,video5.mp4,5,10428,173.8,0.574672,0.574672,2,0.5803,2,0.9652,0.56
v5_010443.jpg,video5.mp4,5,10443,174.05,0.575499,0.575499,2,0.578,2,0.9633,0.25
v5_010458.jpg,video5.mp4,5,10458,174.3,0.576325,0.576325,2,0.5812,2,0.9705,0.49
v5_010473.jpg,video5.mp4,5,10473,174.55,0.577152,0.577152,2,0.5712,2,0.9677,0.6
v5_010488.jpg,video5.mp4,5,10488,174.8,0.577979,0.577979,2,0.5727,2,0.9676,0.53
v5_010503.jpg,video5.mp4,5,10503,175.05,0.578805,0.578805,2,0.5717,2,0.9676,0.71
v5_010518.jpg,video5.mp4,5,10518,175.3,0.579632,0.579632,2,0.5733,2,0.9679,0.63
v5_010533.jpg,video5.mp4,5,10533,175.55,0.580459,0.580459,2,0.573,2,0.9676,0.75
v5_010549.jpg,video5.mp4,5,10549,175.817,0.58134,0.58134,2,0.5726,2,0.9677,0.87
v5_010564.jpg,video5.mp4,5,10564,176.067,0.582167,0.582167,2,0.5713,2,0.9675,1.09
v5_010579.jpg,video5.mp4,5,10579,176.317,0.582993,0.582993,2,0.5735,2,0.9674,0.95
v5_010594.jpg,video5.mp4,5,10594,176.567,0.58382,0.58382,2,0.5749,2,0.9679,0.89
v5_010609.jpg,video5.mp4,5,10609,176.817,0.584647,0.584647,2,0.5767,2,0.9685,0.79
v5_010624.jpg,video5.mp4,5,10624,177.067,0.585473,0.585473,2,0.5793,2,0.9669,0.62
v5_010639.jpg,video5.mp4,5,10639,177.317,0.5863,0.5863,2,0.5799,2,0.9671,0.64
v5_010655.jpg,video5.mp4,5,10655,177.583,0.587182,0.587182,2,0.5832,2,0.9659,0.4
v5_010670.jpg,video5.mp4,5,10670,177.833,0.588008,0.588008,2,0.5835,2,0.9647,0.45
v5_010685.jpg,video5.mp4,5,10685,178.083,0.588835,0.588835,2,0.5848,2,0.9656,0.4
v5_010700.jpg,video5.mp4,5,10700,178.333,0.589662,0.589662,2,0.5842,2,0.9639,0.55
v5_010715.jpg,video5.mp4,5,10715,178.583,0.590488,0.590488,2,0.5835,2,0.9635,0.7
v5_010730.jpg,video5.mp4,5,10730,178.833,0.591315,0.591315,2,0.5846,2,0.9649,0.67
v5_010745.jpg,video5.mp4,5,10745,179.083,0.592142,0.592142,2,0.5847,2,0.9665,0.74
v5_010760.jpg,video5.mp4,5,10760,179.333,0.592968,0.592968,2,0.5744,2,0.9649,1.86
v5_010776.jpg,video5.mp4,5,10776,179.6,0.59385,0.59385,2,0.5806,2,0.9528,1.32
v5_010791.jpg,video5.mp4,5,10791,179.85,0.594677,0.594677,2,0.5879,2,0.9566,0.68
v5_010806.jpg,video5.mp4,5,10806,180.1,0.595503,0.595503,2,0.5927,2,0.952,0.28
v5_010821.jpg,video5.mp4,5,10821,180.35,0.59633,0.59633,2,0.5939,2,0.9511,0.24
v5_010836.jpg,video5.mp4,5,10836,180.6,0.597156,0.597156,2,0.596,2,0.9489,0.12
v5_010851.jpg,video5.mp4,5,10851,180.85,0.597983,0.597983,2,0.5941,2,0.95,0.39
v5_010866.jpg,video5.mp4,5,10866,181.1,0.59881,0.59881,2,0.5953,2,0.9476,0.35
v5_010882.jpg,video5.mp4,5,10882,181.367,0.599691,0.599691,2,0.5995,2,0.9467,0.02
v5_010897.jpg,video5.mp4,5,10897,181.617,0.600518,0.600518,2,0.5941,2,0.9505,0.64
v5_010912.jpg,video5.mp4,5,10912,181.867,0.601345,0.601345,2,0.5522,2,0.9527,4.91
v5_010927.jpg,video5.mp4,5,10927,182.117,0.602171,0.602171,2,0.5843,2,0.9513,1.79
v5_010942.jpg,video5.mp4,5,10942,182.367,0.602998,0.602998,2,0.5963,2,0.95,0.67
v5_010957.jpg,video5.mp4,5,10957,182.617,0.603825,0.603825,2,0.5967,2,0.949,0.71
v5_010972.jpg,video5.mp4,5,10972,182.867,0.604651,0.604651,2,0.5983,2,0.9482,0.64
v5_010987.jpg,video5.mp4,5,10987,183.117,0.605478,0.605478,2,0.5991,2,0.9504,0.64
v5_011003.jpg,video5.mp4,5,11003,183.383,0.60636,0.60636,2,0.5997,2,0.9492,0.67
v5_011018.jpg,video5.mp4,5,11018,183.633,0.607186,0.607186,2,0.6021,2,0.9485,0.51
v5_011033.jpg,video5.mp4,5,11033,183.883,0.608013,0.608013,2,0.6048,2,0.949,0.32
v5_011048.jpg,video5.mp4,5,11048,184.133,0.608839,0.608839,2,0.6045,2,0.949,0.43
v5_011063.jpg,video5.mp4,5,11063,184.383,0.609666,0.609666,2,0.6112,2,0.9565,0.15
v5_011078.jpg,video5.mp4,5,11078,184.633,0.610493,0.610493,2,0.5967,2,0.9747,1.38
v5_011093.jpg,video5.mp4,5,11093,184.883,0.611319,0.611319,2,0.6195,2,0.9749,0.82
v5_011109.jpg,video5.mp4,5,11109,185.15,0.612201,0.612201,2,0.6281,2,0.9763,1.59
v5_011124.jpg,video5.mp4,5,11124,185.4,0.613028,0.613028,2,0.627,2,0.9736,1.4
v5_011139.jpg,video5.mp4,5,11139,185.65,0.613854,0.613854,2,0.6271,2,0.9732,1.32
v5_011154.jpg,video5.mp4,5,11154,185.9,0.614681,0.614681,2,0.621,2,0.9752,0.63
v5_011169.jpg,video5.mp4,5,11169,186.15,0.615508,0.615508,2,0.62,2,0.9743,0.45
v5_011184.jpg,video5.mp4,5,11184,186.4,0.616334,0.616334,2,0.6227,2,0.9747,0.64
v5_011199.jpg,video5.mp4,5,11199,186.65,0.617161,0.617161,2,0.6156,2,0.97,0.16
v5_011215.jpg,video5.mp4,5,11215,186.917,0.618043,0.618043,2,0.5839,2,0.9787,3.41
v5_011230.jpg,video5.mp4,5,11230,187.167,0.618869,0.618869,2,0.617,2,0.974,0.19
v5_011245.jpg,video5.mp4,5,11245,187.417,0.619696,0.619696,2,0.6195,2,0.9746,0.02
v5_011260.jpg,video5.mp4,5,11260,187.667,0.620522,0.620522,2,0.6206,2,0.9734,0.01
v5_011275.jpg,video5.mp4,5,11275,187.917,0.621349,0.621349,2,0.6164,2,0.9758,0.49
v5_011290.jpg,video5.mp4,5,11290,188.167,0.622176,0.622176,2,0.6177,2,0.9762,0.45
v5_011305.jpg,video5.mp4,5,11305,188.417,0.623002,0.623002,2,0.6193,2,0.9751,0.37
v5_011320.jpg,video5.mp4,5,11320,188.667,0.623829,0.623829,2,0.619,2,0.9747,0.48
v5_011336.jpg,video5.mp4,5,11336,188.933,0.624711,0.624711,2,0.6142,2,0.9746,1.05
v5_011351.jpg,video5.mp4,5,11351,189.183,0.625537,0.625537,2,0.6068,2,0.9755,1.87
v5_011366.jpg,video5.mp4,5,11366,189.433,0.626364,0.626364,2,0.615,2,0.9637,1.14
v5_011381.jpg,video5.mp4,5,11381,189.683,0.627191,0.627191,2,0.6398,2,0.9423,1.26
v5_011396.jpg,video5.mp4,5,11396,189.933,0.628017,0.628017,2,0.6414,2,0.935,1.34
v5_011411.jpg,video5.mp4,5,11411,190.183,0.628844,0.628844,2,0.6396,2,0.9445,1.08
v5_011426.jpg,video5.mp4,5,11426,190.433,0.62967,0.62967,2,0.6387,2,0.9491,0.9
v5_011442.jpg,video5.mp4,5,11442,190.7,0.630552,0.630552,2,0.6378,2,0.9348,0.72
v5_011457.jpg,video5.mp4,5,11457,190.95,0.631379,0.631379,2,0.6377,2,0.9312,0.63
v5_011472.jpg,video5.mp4,5,11472,191.2,0.632205,0.632205,2,0.6395,2,0.9326,0.73
v5_011487.jpg,video5.mp4,5,11487,191.45,0.633032,0.633032,2,0.6399,2,0.9322,0.69
v5_011502.jpg,video5.mp4,5,11502,191.7,0.633859,0.633859,2,0.6314,2,0.929,0.25
v5_011517.jpg,video5.mp4,5,11517,191.95,0.634685,0.634685,2,0.6396,2,0.8786,0.49
v5_011532.jpg,video5.mp4,5,11532,192.2,0.635512,0.635512,2,0.631,2,0.9299,0.45
v5_011547.jpg,video5.mp4,5,11547,192.45,0.636339,0.636339,2,0.6311,2,0.933,0.52
v5_011563.jpg,video5.mp4,5,11563,192.717,0.63722,0.63722,2,0.6347,2,0.9323,0.25
v5_011578.jpg,video5.mp4,5,11578,192.967,0.638047,0.638047,2,0.636,2,0.9332,0.2
v5_011593.jpg,video5.mp4,5,11593,193.217,0.638874,0.638874,2,0.6355,2,0.9192,0.34
v5_011608.jpg,video5.mp4,5,11608,193.467,0.6397,0.6397,2,0.6365,2,0.9211,0.32
v5_011623.jpg,video5.mp4,5,11623,193.717,0.640527,0.640527,2,0.6364,2,0.9218,0.41
v5_011638.jpg,video5.mp4,5,11638,193.967,0.641353,0.641353,2,0.6329,2,0.9151,0.85
v5_011653.jpg,video5.mp4,5,11653,194.217,0.64218,0.64218,2,0.6404,2,0.88,0.18
v5_011669.jpg,video5.mp4,5,11669,194.483,0.643062,0.643062,2,0.6408,2,0.9013,0.23
v5_011684.jpg,video5.mp4,5,11684,194.733,0.643888,0.643888,2,0.6366,2,0.8249,0.73
v5_011699.jpg,video5.mp4,5,11699,194.983,0.644715,0.644715,2,0.6348,2,0.8533,0.99
v5_011714.jpg,video5.mp4,5,11714,195.233,0.645542,0.645542,2,0.6387,2,0.8532,0.68
v5_011729.jpg,video5.mp4,5,11729,195.483,0.646368,0.646368,2,0.6345,2,0.8964,1.19
v5_011744.jpg,video5.mp4,5,11744,195.733,0.647195,0.647195,2,0.6349,2,0.8799,1.23
v5_011759.jpg,video5.mp4,5,11759,195.983,0.648022,0.648022,2,0.6356,2,0.8644,1.24
v5_011774.jpg,video5.mp4,5,11774,196.233,0.648848,0.648848,2,0.6358,2,0.8569,1.3
v5_011790.jpg,video5.mp4,5,11790,196.5,0.64973,0.64973,2,0.6359,2,0.8662,1.38
v5_011805.jpg,video5.mp4,5,11805,196.75,0.650557,0.650557,3,0.6442,2,0.6343,0.64
v5_011820.jpg,video5.mp4,5,11820,197.0,0.651383,0.651383,3,0.6567,3,0.8344,0.53
v5_011835.jpg,video5.mp4,5,11835,197.25,0.65221,0.65221,3,0.6537,3,0.9066,0.15
v5_011850.jpg,video5.mp4,5,11850,197.5,0.653036,0.653036,3,0.6605,3,0.9282,0.75
v5_011865.jpg,video5.mp4,5,11865,197.75,0.653863,0.653863,3,0.6593,3,0.9213,0.54
v5_011880.jpg,video5.mp4,5,11880,198.0,0.65469,0.65469,3,0.661,3,0.9169,0.63
v5_011896.jpg,video5.mp4,5,11896,198.267,0.655571,0.655571,3,0.6601,3,0.9153,0.45
v5_011911.jpg,video5.mp4,5,11911,198.517,0.656398,0.656398,3,0.6609,3,0.9301,0.45
v5_011926.jpg,video5.mp4,5,11926,198.767,0.657225,0.657225,3,0.6596,3,0.9169,0.24
v5_011941.jpg,video5.mp4,5,11941,199.017,0.658051,0.658051,3,0.6634,3,0.94,0.53
v5_011956.jpg,video5.mp4,5,11956,199.267,0.658878,0.658878,3,0.6697,3,0.9586,1.08
v5_011971.jpg,video5.mp4,5,11971,199.517,0.659705,0.659705,3,0.6541,3,0.9602,0.56
v5_011986.jpg,video5.mp4,5,11986,199.767,0.660531,0.660531,3,0.6587,3,0.9685,0.18
v5_012001.jpg,video5.mp4,5,12001,200.017,0.661358,0.661358,3,0.6581,3,0.9658,0.33
v5_012017.jpg,video5.mp4,5,12017,200.283,0.66224,0.66224,3,0.6571,3,0.9571,0.51
v5_012032.jpg,video5.mp4,5,12032,200.533,0.663066,0.663066,3,0.6565,3,0.9602,0.66
v5_012047.jpg,video5.mp4,5,12047,200.783,0.663893,0.663893,3,0.6577,3,0.9586,0.62
v5_012062.jpg,video5.mp4,5,12062,201.033,0.664719,0.664719,3,0.6606,3,0.9626,0.41
v5_012077.jpg,video5.mp4,5,12077,201.283,0.665546,0.665546,3,0.655,3,0.9634,1.05
v5_012092.jpg,video5.mp4,5,12092,201.533,0.666373,0.666373,3,0.6622,3,0.9664,0.42
v5_012107.jpg,video5.mp4,5,12107,201.783,0.667199,0.667199,3,0.6587,3,0.9605,0.85
v5_012123.jpg,video5.mp4,5,12123,202.05,0.668081,0.668081,3,0.6685,3,0.9546,0.04
v5_012138.jpg,video5.mp4,5,12138,202.3,0.668908,0.668908,3,0.67,3,0.9634,0.11
v5_012153.jpg,video5.mp4,5,12153,202.55,0.669734,0.669734,3,0.6705,3,0.9637,0.08
v5_012168.jpg,video5.mp4,5,12168,202.8,0.670561,0.670561,3,0.6743,3,0.9632,0.37
v5_012183.jpg,video5.mp4,5,12183,203.05,0.671388,0.671388,3,0.6721,3,0.9555,0.07
v5_012198.jpg,video5.mp4,5,12198,203.3,0.672214,0.672214,3,0.6709,3,0.9579,0.13
v5_012213.jpg,video5.mp4,5,12213,203.55,0.673041,0.673041,3,0.6732,3,0.9597,0.02
v5_012228.jpg,video5.mp4,5,12228,203.8,0.673868,0.673868,3,0.6708,3,0.9584,0.31
v5_012244.jpg,video5.mp4,5,12244,204.067,0.674749,0.674749,3,0.6702,3,0.9603,0.45
v5_012259.jpg,video5.mp4,5,12259,204.317,0.675576,0.675576,3,0.6723,3,0.9713,0.33
v5_012274.jpg,video5.mp4,5,12274,204.567,0.676403,0.676403,3,0.6782,3,0.9734,0.18
v5_012289.jpg,video5.mp4,5,12289,204.817,0.677229,0.677229,3,0.6776,3,0.9644,0.04
v5_012304.jpg,video5.mp4,5,12304,205.067,0.678056,0.678056,3,0.6732,3,0.9647,0.49
v5_012319.jpg,video5.mp4,5,12319,205.317,0.678882,0.678882,3,0.6734,3,0.9654,0.55
v5_012334.jpg,video5.mp4,5,12334,205.567,0.679709,0.679709,3,0.6756,3,0.9637,0.41
v5_012350.jpg,video5.mp4,5,12350,205.833,0.680591,0.680591,3,0.6712,3,0.9668,0.94
v5_012365.jpg,video5.mp4,5,12365,206.083,0.681417,0.681417,3,0.676,3,0.9717,0.54
v5_012380.jpg,video5.mp4,5,12380,206.333,0.682244,0.682244,3,0.6743,3,0.9692,0.79
v5_012395.jpg,video5.mp4,5,12395,206.583,0.683071,0.683071,3,0.677,3,0.9681,0.61
v5_012410.jpg,video5.mp4,5,12410,206.833,0.683897,0.683897,3,0.682,3,0.9413,0.19
v5_012425.jpg,video5.mp4,5,12425,207.083,0.684724,0.684724,3,0.694,3,0.9692,0.93
v5_012440.jpg,video5.mp4,5,12440,207.333,0.685551,0.685551,3,0.6891,3,0.9731,0.35
v5_012456.jpg,video5.mp4,5,12456,207.6,0.686432,0.686432,3,0.6827,3,0.9769,0.37
v5_012471.jpg,video5.mp4,5,12471,207.85,0.687259,0.687259,3,0.6891,3,0.9767,0.18
v5_012486.jpg,video5.mp4,5,12486,208.1,0.688086,0.688086,3,0.6877,3,0.9739,0.04
v5_012501.jpg,video5.mp4,5,12501,208.35,0.688912,0.688912,3,0.6874,3,0.9751,0.15
v5_012516.jpg,video5.mp4,5,12516,208.6,0.689739,0.689739,3,0.6858,3,0.977,0.39
v5_012531.jpg,video5.mp4,5,12531,208.85,0.690565,0.690565,3,0.6857,3,0.9758,0.49
v5_012546.jpg,video5.mp4,5,12546,209.1,0.691392,0.691392,3,0.6862,3,0.9717,0.52
v5_012561.jpg,video5.mp4,5,12561,209.35,0.692219,0.692219,3,0.6978,3,0.9291,0.56
v5_012577.jpg,video5.mp4,5,12577,209.617,0.6931,0.6931,3,0.6951,3,0.961,0.2
v5_012592.jpg,video5.mp4,5,12592,209.867,0.693927,0.693927,3,0.6887,3,0.9612,0.52
v5_012607.jpg,video5.mp4,5,12607,210.117,0.694754,0.694754,3,0.6883,3,0.9682,0.65
v5_012622.jpg,video5.mp4,5,12622,210.367,0.69558,0.69558,3,0.6882,3,0.969,0.74
v5_012637.jpg,video5.mp4,5,12637,210.617,0.696407,0.696407,3,0.6922,3,0.9707,0.42
v5_012652.jpg,video5.mp4,5,12652,210.867,0.697234,0.697234,3,0.6911,3,0.967,0.61
v5_012667.jpg,video5.mp4,5,12667,211.117,0.69806,0.69806,3,0.6867,3,0.9643,1.14
v5_012683.jpg,video5.mp4,5,12683,211.383,0.698942,0.698942,3,0.6853,3,0.9631,1.36
v5_012698.jpg,video5.mp4,5,12698,211.633,0.699769,0.699769,3,0.689,3,0.9669,1.08
v5_012713.jpg,video5.mp4,5,12713,211.883,0.700595,0.700595,3,0.7003,3,0.9697,0.03
v5_012728.jpg,video5.mp4,5,12728,212.133,0.701422,0.701422,3,0.7078,3,0.9587,0.64
v5_012743.jpg,video5.mp4,5,12743,212.383,0.702248,0.702248,3,0.7038,3,0.9586,0.16
v5_012758.jpg,video5.mp4,5,12758,212.633,0.703075,0.703075,3,0.7074,3,0.9577,0.43
v5_012773.jpg,video5.mp4,5,12773,212.883,0.703902,0.703902,3,0.7066,3,0.9578,0.27
v5_012788.jpg,video5.mp4,5,12788,213.133,0.704728,0.704728,3,0.7067,3,0.9593,0.2
v5_012804.jpg,video5.mp4,5,12804,213.4,0.70561,0.70561,3,0.707,3,0.9595,0.14
v5_012819.jpg,video5.mp4,5,12819,213.65,0.706437,0.706437,3,0.7083,3,0.9598,0.19
v5_012834.jpg,video5.mp4,5,12834,213.9,0.707263,0.707263,3,0.7052,3,0.9603,0.21
v5_012849.jpg,video5.mp4,5,12849,214.15,0.70809,0.70809,3,0.7082,3,0.9591,0.01
v5_012864.jpg,video5.mp4,5,12864,214.4,0.708917,0.708917,3,0.6974,3,0.9652,1.15
v5_012879.jpg,video5.mp4,5,12879,214.65,0.709743,0.709743,3,0.7176,3,0.9639,0.79
v5_012894.jpg,video5.mp4,5,12894,214.9,0.71057,0.71057,3,0.7168,3,0.9653,0.62
v5_012910.jpg,video5.mp4,5,12910,215.167,0.711452,0.711452,3,0.7121,3,0.964,0.06
v5_012925.jpg,video5.mp4,5,12925,215.417,0.712278,0.712278,3,0.7134,3,0.965,0.11
v5_012940.jpg,video5.mp4,5,12940,215.667,0.713105,0.713105,3,0.7113,3,0.9632,0.18
v5_012955.jpg,video5.mp4,5,12955,215.917,0.713931,0.713931,3,0.7082,3,0.9636,0.57
v5_012970.jpg,video5.mp4,5,12970,216.167,0.714758,0.714758,3,0.7088,3,0.9634,0.6
v5_012985.jpg,video5.mp4,5,12985,216.417,0.715585,0.715585,3,0.7084,3,0.9657,0.72
v5_013000.jpg,video5.mp4,5,13000,216.667,0.716411,0.716411,3,0.7115,3,0.966,0.49
v5_013015.jpg,video5.mp4,5,13015,216.917,0.717238,0.717238,3,0.7253,3,0.9641,0.81
v5_013031.jpg,video5.mp4,5,13031,217.183,0.71812,0.71812,3,0.7244,3,0.9549,0.63
v5_013046.jpg,video5.mp4,5,13046,217.433,0.718946,0.718946,3,0.7251,3,0.9482,0.62
v5_013061.jpg,video5.mp4,5,13061,217.683,0.719773,0.719773,3,0.7253,3,0.95,0.55
v5_013076.jpg,video5.mp4,5,13076,217.933,0.7206,0.7206,3,0.7256,3,0.9446,0.5
v5_013091.jpg,video5.mp4,5,13091,218.183,0.721426,0.721426,3,0.7256,3,0.94,0.42
v5_013106.jpg,video5.mp4,5,13106,218.433,0.722253,0.722253,3,0.7239,3,0.9492,0.16
v5_013121.jpg,video5.mp4,5,13121,218.683,0.723079,0.723079,3,0.7249,3,0.9508,0.18
v5_013137.jpg,video5.mp4,5,13137,218.95,0.723961,0.723961,3,0.7242,3,0.9581,0.02
v5_013152.jpg,video5.mp4,5,13152,219.2,0.724788,0.724788,3,0.7215,3,0.9563,0.33
v5_013167.jpg,video5.mp4,5,13167,219.45,0.725614,0.725614,3,0.7263,3,0.9461,0.07
v5_013182.jpg,video5.mp4,5,13182,219.7,0.726441,0.726441,3,0.732,3,0.9653,0.56
v5_013197.jpg,video5.mp4,5,13197,219.95,0.727268,0.727268,3,0.7328,3,0.9684,0.55
v5_013212.jpg,video5.mp4,5,13212,220.2,0.728094,0.728094,3,0.7337,3,0.9686,0.56
v5_013227.jpg,video5.mp4,5,13227,220.45,0.728921,0.728921,3,0.7331,3,0.9697,0.42
v5_013242.jpg,video5.mp4,5,13242,220.7,0.729748,0.729748,3,0.7325,3,0.9684,0.28
v5_013258.jpg,video5.mp4,5,13258,220.967,0.730629,0.730629,3,0.7288,3,0.9667,0.18
v5_013273.jpg,video5.mp4,5,13273,221.217,0.731456,0.731456,3,0.7286,3,0.9665,0.29
v5_013288.jpg,video5.mp4,5,13288,221.467,0.732283,0.732283,3,0.7306,3,0.9653,0.17
v5_013303.jpg,video5.mp4,5,13303,221.717,0.733109,0.733109,3,0.726,3,0.9425,0.71
v5_013318.jpg,video5.mp4,5,13318,221.967,0.733936,0.733936,3,0.7326,3,0.951,0.13
v5_013333.jpg,video5.mp4,5,13333,222.217,0.734762,0.734762,3,0.7341,3,0.978,0.07
v5_013348.jpg,video5.mp4,5,13348,222.467,0.735589,0.735589,3,0.734,3,0.9815,0.16
v5_013364.jpg,video5.mp4,5,13364,222.733,0.736471,0.736471,3,0.7341,3,0.9842,0.24
v5_013379.jpg,video5.mp4,5,13379,222.983,0.737297,0.737297,3,0.7368,3,0.9796,0.05
v5_013394.jpg,video5.mp4,5,13394,223.233,0.738124,0.738124,3,0.7366,3,0.9798,0.15
v5_013409.jpg,video5.mp4,5,13409,223.483,0.738951,0.738951,3,0.7393,3,0.9791,0.03
v5_013424.jpg,video5.mp4,5,13424,223.733,0.739777,0.739777,3,0.7436,3,0.9783,0.38
v5_013439.jpg,video5.mp4,5,13439,223.983,0.740604,0.740604,3,0.7343,3,0.9802,0.63
v5_013454.jpg,video5.mp4,5,13454,224.233,0.741431,0.741431,3,0.7346,3,0.9838,0.68
v5_013470.jpg,video5.mp4,5,13470,224.5,0.742312,0.742312,3,0.7389,3,0.9612,0.34
v5_013485.jpg,video5.mp4,5,13485,224.75,0.743139,0.743139,3,0.7347,3,0.9659,0.84
v5_013500.jpg,video5.mp4,5,13500,225.0,0.743966,0.743966,3,0.7482,3,0.9735,0.42
v5_013515.jpg,video5.mp4,5,13515,225.25,0.744792,0.744792,3,0.7442,3,0.975,0.06
v5_013530.jpg,video5.mp4,5,13530,225.5,0.745619,0.745619,3,0.743,3,0.9749,0.26
v5_013545.jpg,video5.mp4,5,13545,225.75,0.746445,0.746445,3,0.74,3,0.974,0.64
v5_013560.jpg,video5.mp4,5,13560,226.0,0.747272,0.747272,3,0.7406,3,0.972,0.67
v5_013575.jpg,video5.mp4,5,13575,226.25,0.748099,0.748099,3,0.7397,3,0.9733,0.84
v5_013591.jpg,video5.mp4,5,13591,226.517,0.74898,0.74898,3,0.7429,3,0.9745,0.61
v5_013606.jpg,video5.mp4,5,13606,226.767,0.749807,0.749807,3,0.737,3,0.9693,1.28
v5_013621.jpg,video5.mp4,5,13621,227.017,0.750634,0.750634,3,0.75,3,0.9676,0.06
v5_013636.jpg,video5.mp4,5,13636,227.267,0.75146,0.75146,3,0.7532,3,0.9648,0.17
v5_013651.jpg,video5.mp4,5,13651,227.517,0.752287,0.752287,3,0.7541,3,0.9635,0.18
v5_013666.jpg,video5.mp4,5,13666,227.767,0.753114,0.753114,3,0.7511,3,0.9649,0.2
v5_013681.jpg,video5.mp4,5,13681,228.017,0.75394,0.75394,3,0.7516,3,0.9661,0.23
v5_013697.jpg,video5.mp4,5,13697,228.283,0.754822,0.754822,3,0.7511,3,0.9654,0.37
v5_013712.jpg,video5.mp4,5,13712,228.533,0.755649,0.755649,3,0.7488,3,0.9625,0.68
v5_013727.jpg,video5.mp4,5,13727,228.783,0.756475,0.756475,3,0.7515,3,0.9634,0.5
v5_013742.jpg,video5.mp4,5,13742,229.033,0.757302,0.757302,3,0.7477,3,0.9624,0.96
v5_013757.jpg,video5.mp4,5,13757,229.283,0.758129,0.758129,3,0.7566,3,0.9595,0.15
v5_013772.jpg,video5.mp4,5,13772,229.533,0.758955,0.758955,3,0.7523,3,0.9361,0.67
v5_013787.jpg,video5.mp4,5,13787,229.783,0.759782,0.759782,3,0.758,3,0.9709,0.18
v5_013802.jpg,video5.mp4,5,13802,230.033,0.760608,0.760608,3,0.7602,3,0.9681,0.04
v5_013818.jpg,video5.mp4,5,13818,230.3,0.76149,0.76149,3,0.7661,3,0.9667,0.46
v5_013833.jpg,video5.mp4,5,13833,230.55,0.762317,0.762317,3,0.7705,3,0.9682,0.82
v5_013848.jpg,video5.mp4,5,13848,230.8,0.763143,0.763143,3,0.76,3,0.9696,0.31
v5_013863.jpg,video5.mp4,5,13863,231.05,0.76397,0.76397,3,0.7664,3,0.9687,0.24
v5_013878.jpg,video5.mp4,5,13878,231.3,0.764797,0.764797,3,0.7657,3,0.9695,0.09
v5_013893.jpg,video5.mp4,5,13893,231.55,0.765623,0.765623,3,0.7676,3,0.9696,0.2
v5_013908.jpg,video5.mp4,5,13908,231.8,0.76645,0.76645,3,0.7634,3,0.9631,0.3
v5_013924.jpg,video5.mp4,5,13924,232.067,0.767332,0.767332,3,0.7778,3,0.9716,1.05
v5_013939.jpg,video5.mp4,5,13939,232.317,0.768158,0.768158,3,0.7721,3,0.9739,0.39
v5_013954.jpg,video5.mp4,5,13954,232.567,0.768985,0.768985,3,0.7765,3,0.9726,0.75
v5_013969.jpg,video5.mp4,5,13969,232.817,0.769812,0.769812,3,0.7775,3,0.9743,0.77
v5_013984.jpg,video5.mp4,5,13984,233.067,0.770638,0.770638,3,0.7736,3,0.9763,0.3
v5_013999.jpg,video5.mp4,5,13999,233.317,0.771465,0.771465,3,0.7712,3,0.9757,0.03
v5_014014.jpg,video5.mp4,5,14014,233.567,0.772291,0.772291,3,0.7718,3,0.9762,0.05
v5_014029.jpg,video5.mp4,5,14029,233.817,0.773118,0.773118,3,0.7779,3,0.9729,0.48
v5_014045.jpg,video5.mp4,5,14045,234.083,0.774,0.774,3,0.7728,3,0.9767,0.12
v5_014060.jpg,video5.mp4,5,14060,234.333,0.774826,0.774826,3,0.7717,3,0.9702,0.31
v5_014075.jpg,video5.mp4,5,14075,234.583,0.775653,0.775653,3,0.7898,3,0.9521,1.41
v5_014090.jpg,video5.mp4,5,14090,234.833,0.77648,0.77648,3,0.7908,3,0.9476,1.43
v5_014105.jpg,video5.mp4,5,14105,235.083,0.777306,0.777306,3,0.791,3,0.9469,1.37
v5_014120.jpg,video5.mp4,5,14120,235.333,0.778133,0.778133,3,0.7919,3,0.9518,1.38
v5_014135.jpg,video5.mp4,5,14135,235.583,0.77896,0.77896,3,0.7905,3,0.9499,1.15
v5_014151.jpg,video5.mp4,5,14151,235.85,0.779841,0.779841,3,0.7945,3,0.938,1.47
v5_014166.jpg,video5.mp4,5,14166,236.1,0.780668,0.780668,3,0.7926,3,0.9464,1.19
v5_014181.jpg,video5.mp4,5,14181,236.35,0.781495,0.781495,3,0.7862,3,0.953,0.47
v5_014196.jpg,video5.mp4,5,14196,236.6,0.782321,0.782321,3,0.7807,3,0.9578,0.16
v5_014211.jpg,video5.mp4,5,14211,236.85,0.783148,0.783148,3,0.7778,3,0.9631,0.53
v5_014226.jpg,video5.mp4,5,14226,237.1,0.783974,0.783974,3,0.7829,3,0.9679,0.11
v5_014241.jpg,video5.mp4,5,14241,237.35,0.784801,0.784801,3,0.7816,3,0.97,0.32
v5_014256.jpg,video5.mp4,5,14256,237.6,0.785628,0.785628,3,0.7806,3,0.973,0.5
v5_014272.jpg,video5.mp4,5,14272,237.867,0.786509,0.786509,3,0.7829,3,0.974,0.36
v5_014287.jpg,video5.mp4,5,14287,238.117,0.787336,0.787336,3,0.78,3,0.9745,0.73
v5_014302.jpg,video5.mp4,5,14302,238.367,0.788163,0.788163,3,0.7851,3,0.9699,0.31
v5_014317.jpg,video5.mp4,5,14317,238.617,0.788989,0.788989,3,0.7811,3,0.974,0.79
v5_014332.jpg,video5.mp4,5,14332,238.867,0.789816,0.789816,3,0.7858,3,0.9727,0.4
v5_014347.jpg,video5.mp4,5,14347,239.117,0.790643,0.790643,3,0.7902,3,0.9709,0.04
v5_014362.jpg,video5.mp4,5,14362,239.367,0.791469,0.791469,3,0.7931,3,0.9663,0.16
v5_014378.jpg,video5.mp4,5,14378,239.633,0.792351,0.792351,3,0.7906,3,0.9632,0.18
v5_014393.jpg,video5.mp4,5,14393,239.883,0.793178,0.793178,3,0.7885,3,0.9705,0.47
v5_014408.jpg,video5.mp4,5,14408,240.133,0.794004,0.794004,3,0.7844,3,0.9715,0.96
v5_014423.jpg,video5.mp4,5,14423,240.383,0.794831,0.794831,3,0.7816,3,0.972,1.32
v5_014438.jpg,video5.mp4,5,14438,240.633,0.795657,0.795657,3,0.7877,3,0.9704,0.8
v5_014453.jpg,video5.mp4,5,14453,240.883,0.796484,0.796484,3,0.7893,3,0.9721,0.72
v5_014468.jpg,video5.mp4,5,14468,241.133,0.797311,0.797311,3,0.7905,3,0.9735,0.68
v5_014484.jpg,video5.mp4,5,14484,241.4,0.798192,0.798192,3,0.7906,3,0.9741,0.76
v5_014499.jpg,video5.mp4,5,14499,241.65,0.799019,0.799019,3,0.7832,3,0.9711,1.58
v5_014514.jpg,video5.mp4,5,14514,241.9,0.799846,0.799846,3,0.7804,3,0.9714,1.94
v5_014529.jpg,video5.mp4,5,14529,242.15,0.800672,0.800672,3,0.7868,3,0.9687,1.39
v5_014544.jpg,video5.mp4,5,14544,242.4,0.801499,0.801499,3,0.785,3,0.9734,1.65
v5_014559.jpg,video5.mp4,5,14559,242.65,0.802326,0.802326,3,0.7894,3,0.9746,1.29
v5_014574.jpg,video5.mp4,5,14574,242.9,0.803152,0.803152,3,0.7944,3,0.9736,0.88
v5_014589.jpg,video5.mp4,5,14589,243.15,0.803979,0.803979,3,0.7969,3,0.9717,0.71
v5_014605.jpg,video5.mp4,5,14605,243.417,0.804861,0.804861,3,0.7969,3,0.9688,0.8
v5_014620.jpg,video5.mp4,5,14620,243.667,0.805687,0.805687,3,0.8001,3,0.9699,0.56
v5_014635.jpg,video5.mp4,5,14635,243.917,0.806514,0.806514,3,0.7928,3,0.9722,1.37
v5_014650.jpg,video5.mp4,5,14650,244.167,0.80734,0.80734,3,0.7945,3,0.9703,1.28
v5_014665.jpg,video5.mp4,5,14665,244.417,0.808167,0.808167,3,0.7972,3,0.9513,1.1
v5_014680.jpg,video5.mp4,5,14680,244.667,0.808994,0.808994,3,0.8082,3,0.9413,0.08
v5_014695.jpg,video5.mp4,5,14695,244.917,0.80982,0.80982,3,0.8066,3,0.9375,0.32
v5_014711.jpg,video5.mp4,5,14711,245.183,0.810702,0.810702,3,0.8071,3,0.9281,0.36
v5_014726.jpg,video5.mp4,5,14726,245.433,0.811529,0.811529,3,0.8076,3,0.9292,0.39
v5_014741.jpg,video5.mp4,5,14741,245.683,0.812355,0.812355,3,0.808,3,0.9289,0.44
v5_014756.jpg,video5.mp4,5,14756,245.933,0.813182,0.813182,3,0.8038,3,0.9264,0.94
v5_014771.jpg,video5.mp4,5,14771,246.183,0.814009,0.814009,3,0.8038,3,0.9267,1.02
v5_014786.jpg,video5.mp4,5,14786,246.433,0.814835,0.814835,3,0.8067,3,0.9334,0.81
v5_014801.jpg,video5.mp4,5,14801,246.683,0.815662,0.815662,3,0.8001,3,0.9451,1.56
v5_014816.jpg,video5.mp4,5,14816,246.933,0.816488,0.816488,3,0.8084,3,0.9391,0.81
v5_014832.jpg,video5.mp4,5,14832,247.2,0.81737,0.81737,3,0.811,3,0.9434,0.64
v5_014847.jpg,video5.mp4,5,14847,247.45,0.818197,0.818197,3,0.8125,3,0.9315,0.57
v5_014862.jpg,video5.mp4,5,14862,247.7,0.819023,0.819023,3,0.8101,3,0.942,0.89
v5_014877.jpg,video5.mp4,5,14877,247.95,0.81985,0.81985,3,0.8181,3,0.9171,0.18
v5_014892.jpg,video5.mp4,5,14892,248.2,0.820677,0.820677,3,0.8138,3,0.9267,0.69
v5_014907.jpg,video5.mp4,5,14907,248.45,0.821503,0.821503,3,0.8143,3,0.9273,0.72
v5_014922.jpg,video5.mp4,5,14922,248.7,0.82233,0.82233,3,0.8118,3,0.9357,1.05
v5_014938.jpg,video5.mp4,5,14938,248.967,0.823212,0.823212,3,0.81,3,0.9365,1.32
v5_014953.jpg,video5.mp4,5,14953,249.217,0.824038,0.824038,3,0.8109,3,0.9697,1.31
v5_014968.jpg,video5.mp4,5,14968,249.467,0.824865,0.824865,3,0.8165,3,0.9805,0.84
v5_014983.jpg,video5.mp4,5,14983,249.717,0.825692,0.825692,3,0.8388,3,0.9336,1.31
v5_014998.jpg,video5.mp4,5,14998,249.967,0.826518,0.826518,3,0.8364,3,0.9371,0.99
v5_015013.jpg,video5.mp4,5,15013,250.217,0.827345,0.827345,3,0.8388,3,0.9341,1.15
v5_015028.jpg,video5.mp4,5,15028,250.467,0.828171,0.828171,3,0.8374,3,0.9309,0.92
v5_015043.jpg,video5.mp4,5,15043,250.717,0.828998,0.828998,3,0.836,3,0.9423,0.7
v5_015059.jpg,video5.mp4,5,15059,250.983,0.82988,0.82988,3,0.8332,3,0.9582,0.33
v5_015074.jpg,video5.mp4,5,15074,251.233,0.830706,0.830706,3,0.8329,3,0.9521,0.22
v5_015089.jpg,video5.mp4,5,15089,251.483,0.831533,0.831533,3,0.8335,3,0.9538,0.2
v5_015104.jpg,video5.mp4,5,15104,251.733,0.83236,0.83236,3,0.8315,3,0.9442,0.09
v5_015119.jpg,video5.mp4,5,15119,251.983,0.833186,0.833186,3,0.8276,3,0.9737,0.56
v5_015134.jpg,video5.mp4,5,15134,252.233,0.834013,0.834013,3,0.8229,3,0.9775,1.11
v5_015149.jpg,video5.mp4,5,15149,252.483,0.83484,0.83484,3,0.8285,3,0.9788,0.63
v5_015165.jpg,video5.mp4,5,15165,252.75,0.835721,0.835721,3,0.8314,3,0.9732,0.43
v5_015180.jpg,video5.mp4,5,15180,253.0,0.836548,0.836548,3,0.8296,3,0.9721,0.69
v5_015195.jpg,video5.mp4,5,15195,253.25,0.837375,0.837375,3,0.8269,3,0.9742,1.05
v5_015210.jpg,video5.mp4,5,15210,253.5,0.838201,0.838201,3,0.8265,3,0.9753,1.17
v5_015225.jpg,video5.mp4,5,15225,253.75,0.839028,0.839028,3,0.8318,3,0.9729,0.72
v5_015240.jpg,video5.mp4,5,15240,254.0,0.839855,0.839855,3,0.8321,3,0.9716,0.78
v5_015255.jpg,video5.mp4,5,15255,254.25,0.840681,0.840681,3,0.8426,3,0.9677,0.19
v5_015270.jpg,video5.mp4,5,15270,254.5,0.841508,0.841508,3,0.843,3,0.9718,0.15
v5_015286.jpg,video5.mp4,5,15286,254.767,0.84239,0.84239,3,0.8397,3,0.9681,0.27
v5_015301.jpg,video5.mp4,5,15301,255.017,0.843216,0.843216,3,0.8391,3,0.9693,0.41
v5_015316.jpg,video5.mp4,5,15316,255.267,0.844043,0.844043,3,0.8485,3,0.9367,0.45
v5_015331.jpg,video5.mp4,5,15331,255.517,0.844869,0.844869,3,0.8484,3,0.9299,0.35
v5_015346.jpg,video5.mp4,5,15346,255.767,0.845696,0.845696,3,0.8501,3,0.9166,0.44
v5_015361.jpg,video5.mp4,5,15361,256.017,0.846523,0.846523,3,0.8499,3,0.9299,0.34
v5_015376.jpg,video5.mp4,5,15376,256.267,0.847349,0.847349,3,0.8406,3,0.9537,0.67
v5_015392.jpg,video5.mp4,5,15392,256.533,0.848231,0.848231,3,0.8462,3,0.9295,0.2
v5_015407.jpg,video5.mp4,5,15407,256.783,0.849058,0.849058,3,0.8174,3,0.9249,3.17
v5_015422.jpg,video5.mp4,5,15422,257.033,0.849884,0.849884,3,0.8408,4,0.5562,0.91
v5_015437.jpg,video5.mp4,5,15437,257.283,0.850711,0.850711,4,0.863,4,0.8792,1.23
v5_015452.jpg,video5.mp4,5,15452,257.533,0.851538,0.851538,4,0.8644,4,0.8802,1.29
v5_015467.jpg,video5.mp4,5,15467,257.783,0.852364,0.852364,4,0.8613,4,0.8876,0.89
v5_015482.jpg,video5.mp4,5,15482,258.033,0.853191,0.853191,4,0.865,4,0.8802,1.18
v5_015498.jpg,video5.mp4,5,15498,258.3,0.854073,0.854073,4,0.8716,4,0.8993,1.75
v5_015513.jpg,video5.mp4,5,15513,258.55,0.854899,0.854899,4,0.8658,4,0.8536,1.09
v5_015528.jpg,video5.mp4,5,15528,258.8,0.855726,0.855726,4,0.8591,4,0.8025,0.34
v5_015543.jpg,video5.mp4,5,15543,259.05,0.856552,0.856552,4,0.859,4,0.7898,0.24
v5_015558.jpg,video5.mp4,5,15558,259.3,0.857379,0.857379,4,0.8439,4,0.8407,1.35
v5_015573.jpg,video5.mp4,5,15573,259.55,0.858206,0.858206,4,0.8657,4,0.8978,0.75
v5_015588.jpg,video5.mp4,5,15588,259.8,0.859032,0.859032,4,0.8941,4,0.9408,3.51
v5_015603.jpg,video5.mp4,5,15603,260.05,0.859859,0.859859,4,0.9122,4,0.9539,5.23
v5_015619.jpg,video5.mp4,5,15619,260.317,0.860741,0.860741,4,0.9072,4,0.9498,4.65
v5_015634.jpg,video5.mp4,5,15634,260.567,0.861567,0.861567,4,0.8897,4,0.9354,2.81
v5_015649.jpg,video5.mp4,5,15649,260.817,0.862394,0.862394,4,0.8936,4,0.9423,3.12
v5_015664.jpg,video5.mp4,5,15664,261.067,0.863221,0.863221,4,0.9025,4,0.9499,3.93
v5_015679.jpg,video5.mp4,5,15679,261.317,0.864047,0.864047,4,0.8913,4,0.9375,2.73
v5_015694.jpg,video5.mp4,5,15694,261.567,0.864874,0.864874,4,0.8835,4,0.9213,1.86
v5_015709.jpg,video5.mp4,5,15709,261.817,0.8657,0.8657,4,0.9078,4,0.9481,4.21
v5_015725.jpg,video5.mp4,5,15725,262.083,0.866582,0.866582,4,0.8965,4,0.9398,2.99
v5_015740.jpg,video5.mp4,5,15740,262.333,0.867409,0.867409,4,0.8867,4,0.9166,1.93
v5_015755.jpg,video5.mp4,5,15755,262.583,0.868235,0.868235,4,0.9001,4,0.9422,3.19
v5_015770.jpg,video5.mp4,5,15770,262.833,0.869062,0.869062,4,0.9073,4,0.95,3.82
v5_015785.jpg,video5.mp4,5,15785,263.083,0.869889,0.869889,4,0.9041,4,0.9488,3.42
v5_015800.jpg,video5.mp4,5,15800,263.333,0.870715,0.870715,4,0.9008,4,0.9446,3.01
v5_015815.jpg,video5.mp4,5,15815,263.583,0.871542,0.871542,4,0.9093,4,0.9524,3.78
v5_015830.jpg,video5.mp4,5,15830,263.833,0.872369,0.872369,4,0.9062,4,0.9503,3.38
v5_015846.jpg,video5.mp4,5,15846,264.1,0.87325,0.87325,4,0.903,4,0.9481,2.97
v5_015861.jpg,video5.mp4,5,15861,264.35,0.874077,0.874077,4,0.908,4,0.9618,3.39
v5_015876.jpg,video5.mp4,5,15876,264.6,0.874904,0.874904,4,0.8639,4,0.9404,1.1
v5_015891.jpg,video5.mp4,5,15891,264.85,0.87573,0.87573,4,0.8634,4,0.9473,1.23
v5_015906.jpg,video5.mp4,5,15906,265.1,0.876557,0.876557,4,0.8825,4,0.9649,0.59
v5_015921.jpg,video5.mp4,5,15921,265.35,0.877383,0.877383,4,0.8838,4,0.9678,0.64
v5_015936.jpg,video5.mp4,5,15936,265.6,0.87821,0.87821,4,0.8841,4,0.9658,0.59
v5_015952.jpg,video5.mp4,5,15952,265.867,0.879092,0.879092,4,0.8937,4,0.9704,1.46
v5_015967.jpg,video5.mp4,5,15967,266.117,0.879918,0.879918,4,0.8915,4,0.9683,1.16
v5_015982.jpg,video5.mp4,5,15982,266.367,0.880745,0.880745,4,0.8857,4,0.9651,0.5
v5_015997.jpg,video5.mp4,5,15997,266.617,0.881572,0.881572,4,0.8813,4,0.9612,0.03
v5_016012.jpg,video5.mp4,5,16012,266.867,0.882398,0.882398,4,0.8901,4,0.9681,0.77
v5_016027.jpg,video5.mp4,5,16027,267.117,0.883225,0.883225,4,0.8724,4,0.9572,1.08
v5_016042.jpg,video5.mp4,5,16042,267.367,0.884052,0.884052,4,0.8814,4,0.965,0.27
v5_016057.jpg,video5.mp4,5,16057,267.617,0.884878,0.884878,4,0.8789,4,0.9622,0.6
v5_016073.jpg,video5.mp4,5,16073,267.883,0.88576,0.88576,4,0.88,4,0.9635,0.58
v5_016088.jpg,video5.mp4,5,16088,268.133,0.886587,0.886587,4,0.8775,4,0.9618,0.91
v5_016103.jpg,video5.mp4,5,16103,268.383,0.887413,0.887413,4,0.8789,4,0.9636,0.85
v5_016118.jpg,video5.mp4,5,16118,268.633,0.88824,0.88824,4,0.8767,4,0.9605,1.15
v5_016133.jpg,video5.mp4,5,16133,268.883,0.889066,0.889066,4,0.8777,4,0.9611,1.14
v5_016148.jpg,video5.mp4,5,16148,269.133,0.889893,0.889893,4,0.8722,4,0.9536,1.77
v5_016163.jpg,video5.mp4,5,16163,269.383,0.89072,0.89072,4,0.8984,4,0.974,0.77
v5_016179.jpg,video5.mp4,5,16179,269.65,0.891601,0.891601,4,0.9142,4,0.961,2.26
v5_016194.jpg,video5.mp4,5,16194,269.9,0.892428,0.892428,4,0.9132,4,0.9638,2.08
v5_016209.jpg,video5.mp4,5,16209,270.15,0.893255,0.893255,4,0.9066,4,0.9619,1.33
v5_016224.jpg,video5.mp4,5,16224,270.4,0.894081,0.894081,4,0.9138,4,0.966,1.97
v5_016239.jpg,video5.mp4,5,16239,270.65,0.894908,0.894908,4,0.9084,4,0.9657,1.35
v5_016254.jpg,video5.mp4,5,16254,270.9,0.895735,0.895735,4,0.9062,4,0.9647,1.05
v5_016269.jpg,video5.mp4,5,16269,271.15,0.896561,0.896561,4,0.8988,4,0.9588,0.22
v5_016284.jpg,video5.mp4,5,16284,271.4,0.897388,0.897388,4,0.8988,4,0.9568,0.14
v5_016300.jpg,video5.mp4,5,16300,271.667,0.89827,0.89827,4,0.9053,4,0.9624,0.7
v5_016315.jpg,video5.mp4,5,16315,271.917,0.899096,0.899096,4,0.8923,4,0.9372,0.68
v5_016330.jpg,video5.mp4,5,16330,272.167,0.899923,0.899923,4,0.922,4,0.9585,2.21
v5_016345.jpg,video5.mp4,5,16345,272.417,0.900749,0.900749,4,0.927,4,0.9597,2.63
v5_016360.jpg,video5.mp4,5,16360,272.667,0.901576,0.901576,4,0.9287,4,0.9637,2.71
v5_016375.jpg,video5.mp4,5,16375,272.917,0.902403,0.902403,4,0.9362,4,0.9674,3.38
v5_016390.jpg,video5.mp4,5,16390,273.167,0.903229,0.903229,4,0.9353,4,0.9663,3.21
v5_016406.jpg,video5.mp4,5,16406,273.433,0.904111,0.904111,4,0.9291,4,0.9636,2.5
v5_016421.jpg,video5.mp4,5,16421,273.683,0.904938,0.904938,4,0.9317,4,0.965,2.68
v5_016436.jpg,video5.mp4,5,16436,273.933,0.905764,0.905764,4,0.9336,4,0.9661,2.78
v5_016451.jpg,video5.mp4,5,16451,274.183,0.906591,0.906591,4,0.9371,4,0.9658,3.05
v5_016466.jpg,video5.mp4,5,16466,274.433,0.907418,0.907418,4,0.9394,4,0.9649,3.2
v5_016481.jpg,video5.mp4,5,16481,274.683,0.908244,0.908244,4,0.9255,4,0.9572,1.73
v5_016496.jpg,video5.mp4,5,16496,274.933,0.909071,0.909071,4,0.9222,4,0.9562,1.31
v5_016511.jpg,video5.mp4,5,16511,275.183,0.909897,0.909897,4,0.9151,4,0.9528,0.52
v5_016527.jpg,video5.mp4,5,16527,275.45,0.910779,0.910779,4,0.9191,4,0.956,0.83
v5_016542.jpg,video5.mp4,5,16542,275.7,0.911606,0.911606,4,0.9209,4,0.9563,0.93
v5_016557.jpg,video5.mp4,5,16557,275.95,0.912432,0.912432,4,0.9262,4,0.9597,1.38
v5_016572.jpg,video5.mp4,5,16572,276.2,0.913259,0.913259,4,0.9317,4,0.96,1.84
v5_016587.jpg,video5.mp4,5,16587,276.45,0.914086,0.914086,4,0.9242,4,0.9576,1.01
v5_016602.jpg,video5.mp4,5,16602,276.7,0.914912,0.914912,4,0.9218,4,0.9553,0.69
v5_016617.jpg,video5.mp4,5,16617,276.95,0.915739,0.915739,4,0.9289,4,0.9626,1.32
v5_016633.jpg,video5.mp4,5,16633,277.217,0.916621,0.916621,4,0.9386,4,0.9695,2.2
v5_016648.jpg,video5.mp4,5,16648,277.467,0.917447,0.917447,4,0.9441,4,0.9712,2.67
v5_016663.jpg,video5.mp4,5,16663,277.717,0.918274,0.918274,4,0.9472,4,0.9734,2.89
v5_016678.jpg,video5.mp4,5,16678,277.967,0.919101,0.919101,4,0.9456,4,0.9732,2.65
v5_016693.jpg,video5.mp4,5,16693,278.217,0.919927,0.919927,4,0.9475,4,0.9749,2.76
v5_016708.jpg,video5.mp4,5,16708,278.467,0.920754,0.920754,4,0.9502,4,0.9752,2.94
v5_016723.jpg,video5.mp4,5,16723,278.717,0.921581,0.921581,4,0.9483,4,0.9749,2.67
v5_016739.jpg,video5.mp4,5,16739,278.983,0.922462,0.922462,4,0.9471,4,0.9747,2.46
v5_016754.jpg,video5.mp4,5,16754,279.233,0.923289,0.923289,4,0.9434,4,0.9712,2.01
v5_016769.jpg,video5.mp4,5,16769,279.483,0.924116,0.924116,4,0.9258,4,0.9604,0.17
v5_016784.jpg,video5.mp4,5,16784,279.733,0.924942,0.924942,4,0.9377,4,0.9615,1.28
v5_016799.jpg,video5.mp4,5,16799,279.983,0.925769,0.925769,4,0.9348,4,0.9627,0.9
v5_016814.jpg,video5.mp4,5,16814,280.233,0.926595,0.926595,4,0.9379,4,0.9633,1.13
v5_016829.jpg,video5.mp4,5,16829,280.483,0.927422,0.927422,4,0.942,4,0.9644,1.46
v5_016844.jpg,video5.mp4,5,16844,280.733,0.928249,0.928249,4,0.9454,4,0.9655,1.72
v5_016860.jpg,video5.mp4,5,16860,281.0,0.92913,0.92913,4,0.9423,4,0.9651,1.32
v5_016875.jpg,video5.mp4,5,16875,281.25,0.929957,0.929957,4,0.9436,4,0.9656,1.36
v5_016890.jpg,video5.mp4,5,16890,281.5,0.930784,0.930784,4,0.9463,4,0.9644,1.55
v5_016905.jpg,video5.mp4,5,16905,281.75,0.93161,0.93161,4,0.9413,4,0.9623,0.97
v5_016920.jpg,video5.mp4,5,16920,282.0,0.932437,0.932437,4,0.9392,4,0.9609,0.68
v5_016935.jpg,video5.mp4,5,16935,282.25,0.933264,0.933264,4,0.9359,4,0.9607,0.26
v5_016950.jpg,video5.mp4,5,16950,282.5,0.93409,0.93409,4,0.9391,4,0.9637,0.5
v5_016966.jpg,video5.mp4,5,16966,282.767,0.934972,0.934972,4,0.9335,4,0.9615,0.15
v5_016981.jpg,video5.mp4,5,16981,283.017,0.935799,0.935799,4,0.9343,4,0.9624,0.15
v5_016996.jpg,video5.mp4,5,16996,283.267,0.936625,0.936625,4,0.9352,4,0.9621,0.14
v5_017011.jpg,video5.mp4,5,17011,283.517,0.937452,0.937452,4,0.9308,4,0.9617,0.67
v5_017026.jpg,video5.mp4,5,17026,283.767,0.938278,0.938278,4,0.9318,4,0.9615,0.65
v5_017041.jpg,video5.mp4,5,17041,284.017,0.939105,0.939105,4,0.9304,4,0.9605,0.87
v5_017056.jpg,video5.mp4,5,17056,284.267,0.939932,0.939932,4,0.9053,4,0.9449,3.46
v5_017071.jpg,video5.mp4,5,17071,284.517,0.940758,0.940758,4,0.8838,4,0.895,5.7
v5_017087.jpg,video5.mp4,5,17087,284.783,0.94164,0.94164,4,0.922,4,0.962,1.96
v5_017102.jpg,video5.mp4,5,17102,285.033,0.942467,0.942467,4,0.9253,4,0.9629,1.72
v5_017117.jpg,video5.mp4,5,17117,285.283,0.943293,0.943293,4,0.9282,4,0.9652,1.51
v5_017132.jpg,video5.mp4,5,17132,285.533,0.94412,0.94412,4,0.9265,4,0.9659,1.76
v5_017147.jpg,video5.mp4,5,17147,285.783,0.944947,0.944947,4,0.9269,4,0.9656,1.8
v5_017162.jpg,video5.mp4,5,17162,286.033,0.945773,0.945773,4,0.928,4,0.9656,1.78
v5_017177.jpg,video5.mp4,5,17177,286.283,0.9466,0.9466,4,0.9246,4,0.9654,2.2
v5_017193.jpg,video5.mp4,5,17193,286.55,0.947482,0.947482,4,0.9231,4,0.9647,2.44
v5_017208.jpg,video5.mp4,5,17208,286.8,0.948308,0.948308,4,0.9274,4,0.9608,2.09
v5_017223.jpg,video5.mp4,5,17223,287.05,0.949135,0.949135,4,0.932,4,0.9592,1.71
v5_017238.jpg,video5.mp4,5,17238,287.3,0.949961,0.949961,4,0.9225,4,0.9583,2.75
v5_017253.jpg,video5.mp4,5,17253,287.55,0.950788,0.950788,4,0.9274,4,0.9591,2.34
v5_017268.jpg,video5.mp4,5,17268,287.8,0.951615,0.951615,4,0.9257,4,0.9585,2.59
v5_017283.jpg,video5.mp4,5,17283,288.05,0.952441,0.952441,4,0.9251,4,0.9596,2.73
v5_017298.jpg,video5.mp4,5,17298,288.3,0.953268,0.953268,4,0.926,4,0.9608,2.73
v5_017314.jpg,video5.mp4,5,17314,288.567,0.95415,0.95415,4,0.9328,4,0.9624,2.14
v5_017329.jpg,video5.mp4,5,17329,288.817,0.954976,0.954976,4,0.934,4,0.9626,2.1
v5_017344.jpg,video5.mp4,5,17344,289.067,0.955803,0.955803,4,0.9346,4,0.9634,2.12
v5_017359.jpg,video5.mp4,5,17359,289.317,0.95663,0.95663,4,0.9564,4,0.9682,0.02
v5_017374.jpg,video5.mp4,5,17374,289.567,0.957456,0.957456,4,0.9532,4,0.9698,0.43
v5_017389.jpg,video5.mp4,5,17389,289.817,0.958283,0.958283,4,0.9475,4,0.9685,1.08
v5_017404.jpg,video5.mp4,5,17404,290.067,0.959109,0.959109,4,0.9443,4,0.9683,1.48
v5_017420.jpg,video5.mp4,5,17420,290.333,0.959991,0.959991,4,0.9479,4,0.9703,1.21
v5_017435.jpg,video5.mp4,5,17435,290.583,0.960818,0.960818,4,0.9483,4,0.9694,1.25
v5_017450.jpg,video5.mp4,5,17450,290.833,0.961644,0.961644,4,0.9485,4,0.9689,1.31
v5_017465.jpg,video5.mp4,5,17465,291.083,0.962471,0.962471,4,0.9542,4,0.9728,0.83
v5_017480.jpg,video5.mp4,5,17480,291.333,0.963298,0.963298,4,0.9453,4,0.97,1.8
v5_017495.jpg,video5.mp4,5,17495,291.583,0.964124,0.964124,4,0.9476,4,0.9711,1.65
v5_017510.jpg,video5.mp4,5,17510,291.833,0.964951,0.964951,4,0.9509,4,0.9727,1.41
v5_017525.jpg,video5.mp4,5,17525,292.083,0.965778,0.965778,4,0.9607,4,0.9764,0.51
v5_017541.jpg,video5.mp4,5,17541,292.35,0.966659,0.966659,4,0.9597,4,0.976,0.7
v5_017556.jpg,video5.mp4,5,17556,292.6,0.967486,0.967486,4,0.961,4,0.9751,0.65
v5_017571.jpg,video5.mp4,5,17571,292.85,0.968313,0.968313,4,0.9585,4,0.9756,0.98
v5_017586.jpg,video5.mp4,5,17586,293.1,0.969139,0.969139,4,0.9573,4,0.9757,1.18
v5_017601.jpg,video5.mp4,5,17601,293.35,0.969966,0.969966,4,0.9568,4,0.9763,1.32
v5_017616.jpg,video5.mp4,5,17616,293.6,0.970792,0.970792,4,0.9598,4,0.9765,1.1
v5_017631.jpg,video5.mp4,5,17631,293.85,0.971619,0.971619,4,0.959,4,0.9759,1.26
v5_017647.jpg,video5.mp4,5,17647,294.117,0.972501,0.972501,4,0.9567,4,0.9764,1.58
v5_017662.jpg,video5.mp4,5,17662,294.367,0.973327,0.973327,4,0.9523,4,0.9731,2.1
v5_017677.jpg,video5.mp4,5,17677,294.617,0.974154,0.974154,4,0.943,4,0.967,3.12
v5_017692.jpg,video5.mp4,5,17692,294.867,0.974981,0.974981,4,0.9452,4,0.9705,2.98
v5_017707.jpg,video5.mp4,5,17707,295.117,0.975807,0.975807,4,0.9478,4,0.9714,2.8
v5_017722.jpg,video5.mp4,5,17722,295.367,0.976634,0.976634,4,0.953,4,0.9743,2.36
v5_017737.jpg,video5.mp4,5,17737,295.617,0.977461,0.977461,4,0.954,4,0.9736,2.35
v5_017753.jpg,video5.mp4,5,17753,295.883,0.978342,0.978342,4,0.9488,4,0.9725,2.95
v5_017768.jpg,video5.mp4,5,17768,296.133,0.979169,0.979169,4,0.9531,4,0.9736,2.61
v5_017783.jpg,video5.mp4,5,17783,296.383,0.979996,0.979996,4,0.9481,4,0.9723,3.19
v5_017798.jpg,video5.mp4,5,17798,296.633,0.980822,0.980822,4,0.9487,4,0.9727,3.21
v5_017813.jpg,video5.mp4,5,17813,296.883,0.981649,0.981649,4,0.9472,4,0.9684,3.44
v5_017828.jpg,video5.mp4,5,17828,297.133,0.982475,0.982475,4,0.9478,4,0.9685,3.47
v5_017843.jpg,video5.mp4,5,17843,297.383,0.983302,0.983302,4,0.9521,4,0.971,3.12
v5_017858.jpg,video5.mp4,5,17858,297.633,0.984129,0.984129,4,0.9552,4,0.9708,2.89
v5_017874.jpg,video5.mp4,5,17874,297.9,0.98501,0.98501,4,0.9551,4,0.9702,2.99
v5_017889.jpg,video5.mp4,5,17889,298.15,0.985837,0.985837,4,0.9536,4,0.9711,3.22
v5_017904.jpg,video5.mp4,5,17904,298.4,0.986664,0.986664,4,0.9525,4,0.9704,3.42
v5_017919.jpg,video5.mp4,5,17919,298.65,0.98749,0.98749,4,0.952,4,0.9702,3.55
v5_017934.jpg,video5.mp4,5,17934,298.9,0.988317,0.988317,4,0.952,4,0.9682,3.63
v5_017949.jpg,video5.mp4,5,17949,299.15,0.989144,0.989144,4,0.9507,4,0.9682,3.84
v5_017964.jpg,video5.mp4,5,17964,299.4,0.98997,0.98997,4,0.9372,4,0.9618,5.28
v5_017980.jpg,video5.mp4,5,17980,299.667,0.990852,0.990852,4,0.9362,4,0.9585,5.47
v5_017995.jpg,video5.mp4,5,17995,299.917,0.991679,0.991679,4,0.9383,4,0.9584,5.34
v5_018010.jpg,video5.mp4,5,18010,300.167,0.992505,0.992505,4,0.9381,4,0.9588,5.44
v5_018025.jpg,video5.mp4,5,18025,300.417,0.993332,0.993332,4,0.9415,4,0.9606,5.18
v5_018040.jpg,video5.mp4,5,18040,300.667,0.994158,0.994158,4,0.941,4,0.9598,5.32
v5_018055.jpg,video5.mp4,5,18055,300.917,0.994985,0.994985,4,0.9421,4,0.9613,5.29
v5_018070.jpg,video5.mp4,5,18070,301.167,0.995812,0.995812,4,0.9413,4,0.9607,5.45
v5_018085.jpg,video5.mp4,5,18085,301.417,0.996638,0.996638,4,0.9435,4,0.9613,5.31
v5_018101.jpg,video5.mp4,5,18101,301.683,0.99752,0.99752,4,0.9413,4,0.96,5.62
v5_018116.jpg,video5.mp4,5,18116,301.933,0.998347,0.998347,4,0.9342,4,0.9564,6.41
v5_018131.jpg,video5.mp4,5,18131,302.183,0.999173,0.999173,4,0.9379,4,0.9596,6.13
v5_018146.jpg,video5.mp4,5,18146,302.433,1.0,1.0,4,0.943,4,0.9634,5.7
