video,progress,stage
video1.mp4,0.0,0
video1.mp4,0.000689,0
video1.mp4,0.001377,0
video1.mp4,0.002755,0
video1.mp4,0.003444,0
video1.mp4,0.004132,0
video1.mp4,0.004821,0
video1.mp4,0.00551,0
video1.mp4,0.006887,0
video1.mp4,0.007576,0
video1.mp4,0.008264,0
video1.mp4,0.008953,0
video1.mp4,0.010331,0
video1.mp4,0.011019,0
video1.mp4,0.011708,0
video1.mp4,0.012397,0
video1.mp4,0.013085,0
video1.mp4,0.014463,0
video1.mp4,0.015152,0
video1.mp4,0.01584,0
video1.mp4,0.016529,0
video1.mp4,0.017218,0
video1.mp4,0.018595,0
video1.mp4,0.019284,0
video1.mp4,0.019972,0
video1.mp4,0.020661,0
video1.mp4,0.02135,0
video1.mp4,0.022727,0
video1.mp4,0.023416,0
video1.mp4,0.024105,0
video1.mp4,0.024793,0
video1.mp4,0.026171,0
video1.mp4,0.02686,0
video1.mp4,0.027548,0
video1.mp4,0.028237,0
video1.mp4,0.028926,0
video1.mp4,0.030303,0
video1.mp4,0.030992,0
video1.mp4,0.03168,0
video1.mp4,0.032369,0
video1.mp4,0.033058,0
video1.mp4,0.034435,0
video1.mp4,0.035124,0
video1.mp4,0.035813,0
video1.mp4,0.036501,0
video1.mp4,0.03719,0
video1.mp4,0.038567,0
video1.mp4,0.039256,0
video1.mp4,0.039945,0
video1.mp4,0.040634,0
video1.mp4,0.042011,0
video1.mp4,0.0427,0
video1.mp4,0.043388,0
video1.mp4,0.044077,0
video1.mp4,0.044766,0
video1.mp4,0.046143,0
video1.mp4,0.046832,0
video1.mp4,0.047521,0
video1.mp4,0.048209,0
video1.mp4,0.048898,0
video1.mp4,0.050275,0
video1.mp4,0.050964,0
video1.mp4,0.051653,0
video1.mp4,0.052342,0
video1.mp4,0.053719,0
video1.mp4,0.054408,0
video1.mp4,0.055096,0
video1.mp4,0.055785,0
video1.mp4,0.056474,0
video1.mp4,0.057851,0
video1.mp4,0.05854,0
video1.mp4,0.059229,0
video1.mp4,0.059917,0
video1.mp4,0.060606,0
video1.mp4,0.061983,0
video1.mp4,0.062672,0
video1.mp4,0.063361,0
video1.mp4,0.06405,0
video1.mp4,0.064738,0
video1.mp4,0.066116,0
video1.mp4,0.066804,0
video1.mp4,0.067493,0
video1.mp4,0.068182,0
video1.mp4,0.069559,0
video1.mp4,0.070248,0
video1.mp4,0.070937,0
video1.mp4,0.071625,0
video1.mp4,0.072314,0
video1.mp4,0.073691,0
video1.mp4,0.07438,0
video1.mp4,0.075069,0
video1.mp4,0.075758,0
video1.mp4,0.076446,0
video1.mp4,0.077824,0
video1.mp4,0.078512,0
video1.mp4,0.079201,0
video1.mp4,0.07989,0
video1.mp4,0.080579,0
video1.mp4,0.081956,0
video1.mp4,0.082645,0
video1.mp4,0.083333,0
video1.mp4,0.084022,0
video1.mp4,0.085399,0
video1.mp4,0.086088,0
video1.mp4,0.086777,0
video1.mp4,0.087466,0
video1.mp4,0.088154,0
video1.mp4,0.089532,0
video1.mp4,0.09022,0
video1.mp4,0.090909,0
video1.mp4,0.091598,0
video1.mp4,0.092287,0
video1.mp4,0.093664,0
video1.mp4,0.094353,0
video1.mp4,0.095041,0
video1.mp4,0.09573,0
video1.mp4,0.096419,0
video1.mp4,0.097796,0
video1.mp4,0.098485,0
video1.mp4,0.099174,0
video1.mp4,0.099862,0
video1.mp4,0.10124,0
video1.mp4,0.101928,0
video1.mp4,0.102617,0
video1.mp4,0.103306,0
video1.mp4,0.103994,0
video1.mp4,0.105372,0
video1.mp4,0.106061,0
video1.mp4,0.106749,0
video1.mp4,0.107438,0
video1.mp4,0.108127,0
video1.mp4,0.109504,0
video1.mp4,0.110193,0
video1.mp4,0.110882,0
video1.mp4,0.11157,0
video1.mp4,0.112259,0
video1.mp4,0.113636,0
video1.mp4,0.114325,0
video1.mp4,0.115014,0
video1.mp4,0.115702,0
video1.mp4,0.11708,0
video1.mp4,0.117769,0
video1.mp4,0.118457,0
video1.mp4,0.119146,0
video1.mp4,0.119835,0
video1.mp4,0.121212,0
video1.mp4,0.121901,0
video1.mp4,0.12259,0
video1.mp4,0.123278,0
video1.mp4,0.123967,0
video1.mp4,0.125344,0
video1.mp4,0.126033,0
video1.mp4,0.126722,0
video1.mp4,0.12741,0
video1.mp4,0.128099,0
video1.mp4,0.129477,0
video1.mp4,0.130165,0
video1.mp4,0.130854,0
video1.mp4,0.131543,0
video1.mp4,0.13292,0
video1.mp4,0.133609,0
video1.mp4,0.134298,0
video1.mp4,0.134986,0
video1.mp4,0.135675,0
video1.mp4,0.137052,0
video1.mp4,0.137741,0
video1.mp4,0.13843,0
video1.mp4,0.139118,0
video1.mp4,0.139807,0
video1.mp4,0.141185,0
video1.mp4,0.141873,0
video1.mp4,0.142562,0
video1.mp4,0.143251,0
video1.mp4,0.144628,0
video1.mp4,0.145317,0
video1.mp4,0.146006,0
video1.mp4,0.146694,0
video1.mp4,0.147383,0
video1.mp4,0.14876,0
video1.mp4,0.149449,0
video1.mp4,0.150138,1
video1.mp4,0.150826,1
video1.mp4,0.151515,1
video1.mp4,0.152893,1
video1.mp4,0.153581,1
video1.mp4,0.15427,1
video1.mp4,0.154959,1
video1.mp4,0.155647,1
video1.mp4,0.157025,1
video1.mp4,0.157713,1
video1.mp4,0.158402,1
video1.mp4,0.159091,1
video1.mp4,0.160468,1
video1.mp4,0.161157,1
video1.mp4,0.161846,1
video1.mp4,0.162534,1
video1.mp4,0.163223,1
video1.mp4,0.164601,1
video1.mp4,0.165289,1
video1.mp4,0.165978,1
video1.mp4,0.166667,1
video1.mp4,0.167355,1
video1.mp4,0.168733,1
video1.mp4,0.169421,1
video1.mp4,0.17011,1
video1.mp4,0.170799,1
video1.mp4,0.171488,1
video1.mp4,0.172865,1
video1.mp4,0.173554,1
video1.mp4,0.174242,1
video1.mp4,0.174931,1
video1.mp4,0.176309,1
video1.mp4,0.176997,1
video1.mp4,0.177686,1
video1.mp4,0.178375,1
video1.mp4,0.179063,1
video1.mp4,0.180441,1
video1.mp4,0.181129,1
video1.mp4,0.181818,1
video1.mp4,0.182507,1
video1.mp4,0.183196,1
video1.mp4,0.184573,1
video1.mp4,0.185262,1
video1.mp4,0.18595,1
video1.mp4,0.186639,1
video1.mp4,0.187328,1
video1.mp4,0.188705,1
video1.mp4,0.189394,1
video1.mp4,0.190083,1
video1.mp4,0.190771,1
video1.mp4,0.192149,1
video1.mp4,0.192837,1
video1.mp4,0.193526,1
video1.mp4,0.194215,1
video1.mp4,0.194904,1
video1.mp4,0.196281,1
video1.mp4,0.19697,1
video1.mp4,0.197658,1
video1.mp4,0.198347,1
video1.mp4,0.199036,1
video1.mp4,0.200413,1
video1.mp4,0.201102,1
video1.mp4,0.201791,1
video1.mp4,0.202479,1
video1.mp4,0.203168,1
video1.mp4,0.204545,1
video1.mp4,0.205234,1
video1.mp4,0.205923,1
video1.mp4,0.206612,1
video1.mp4,0.207989,1
video1.mp4,0.208678,1
video1.mp4,0.209366,1
video1.mp4,0.210055,1
video1.mp4,0.210744,1
video1.mp4,0.212121,1
video1.mp4,0.21281,1
video1.mp4,0.213499,1
video1.mp4,0.214187,1
video1.mp4,0.214876,1
video1.mp4,0.216253,1
video1.mp4,0.216942,1
video1.mp4,0.217631,1
video1.mp4,0.21832,1
video1.mp4,0.219008,1
video1.mp4,0.220386,1
video1.mp4,0.221074,1
video1.mp4,0.221763,1
video1.mp4,0.222452,1
video1.mp4,0.223829,1
video1.mp4,0.224518,1
video1.mp4,0.225207,1
video1.mp4,0.225895,1
video1.mp4,0.226584,1
video1.mp4,0.227961,1
video1.mp4,0.22865,1
video1.mp4,0.229339,1
video1.mp4,0.230028,1
video1.mp4,0.230716,1
video1.mp4,0.232094,1
video1.mp4,0.232782,1
video1.mp4,0.233471,1
video1.mp4,0.23416,1
video1.mp4,0.235537,1
video1.mp4,0.236226,1
video1.mp4,0.236915,1
video1.mp4,0.237603,1
video1.mp4,0.238292,1
video1.mp4,0.239669,1
video1.mp4,0.240358,1
video1.mp4,0.241047,1
video1.mp4,0.241736,1
video1.mp4,0.242424,1
video1.mp4,0.243802,1
video1.mp4,0.24449,1
video1.mp4,0.245179,1
video1.mp4,0.245868,1
video1.mp4,0.246556,1
video1.mp4,0.247934,1
video1.mp4,0.248623,1
video1.mp4,0.249311,1
video1.mp4,0.25,1
video1.mp4,0.251377,1
video1.mp4,0.252066,1
video1.mp4,0.252755,1
video1.mp4,0.253444,1
video1.mp4,0.254132,1
video1.mp4,0.25551,1
video1.mp4,0.256198,1
video1.mp4,0.256887,1
video1.mp4,0.257576,1
video1.mp4,0.258264,1
video1.mp4,0.259642,1
video1.mp4,0.260331,1
video1.mp4,0.261019,1
video1.mp4,0.261708,1
video1.mp4,0.262397,1
video1.mp4,0.263774,1
video1.mp4,0.264463,1
video1.mp4,0.265152,1
video1.mp4,0.26584,1
video1.mp4,0.267218,1
video1.mp4,0.267906,1
video1.mp4,0.268595,1
video1.mp4,0.269284,1
video1.mp4,0.269972,1
video1.mp4,0.27135,1
video1.mp4,0.272039,1
video1.mp4,0.272727,1
video1.mp4,0.273416,1
video1.mp4,0.274105,1
video1.mp4,0.275482,1
video1.mp4,0.276171,1
video1.mp4,0.27686,1
video1.mp4,0.277548,1
video1.mp4,0.278237,1
video1.mp4,0.279614,1
video1.mp4,0.280303,1
video1.mp4,0.280992,1
video1.mp4,0.28168,1
video1.mp4,0.283058,1
video1.mp4,0.283747,1
video1.mp4,0.284435,1
video1.mp4,0.285124,1
video1.mp4,0.285813,1
video1.mp4,0.28719,1
video1.mp4,0.287879,1
video1.mp4,0.288567,1
video1.mp4,0.289256,1
video1.mp4,0.289945,1
video1.mp4,0.291322,1
video1.mp4,0.292011,1
video1.mp4,0.2927,1
video1.mp4,0.293388,1
video1.mp4,0.294077,1
video1.mp4,0.295455,1
video1.mp4,0.296143,1
video1.mp4,0.296832,1
video1.mp4,0.297521,1
video1.mp4,0.298898,1
video1.mp4,0.299587,1
video1.mp4,0.300275,2
video1.mp4,0.300964,2
video1.mp4,0.301653,2
video1.mp4,0.30303,2
video1.mp4,0.303719,2
video1.mp4,0.304408,2
video1.mp4,0.305096,2
video1.mp4,0.305785,2
video1.mp4,0.307163,2
video1.mp4,0.307851,2
video1.mp4,0.30854,2
video1.mp4,0.309229,2
video1.mp4,0.309917,2
video1.mp4,0.311295,2
video1.mp4,0.311983,2
video1.mp4,0.312672,2
video1.mp4,0.313361,2
video1.mp4,0.314738,2
video1.mp4,0.315427,2
video1.mp4,0.316116,2
video1.mp4,0.316804,2
video1.mp4,0.317493,2
video1.mp4,0.318871,2
video1.mp4,0.319559,2
video1.mp4,0.320248,2
video1.mp4,0.320937,2
video1.mp4,0.321625,2
video1.mp4,0.323003,2
video1.mp4,0.323691,2
video1.mp4,0.32438,2
video1.mp4,0.325069,2
video1.mp4,0.326446,2
video1.mp4,0.327135,2
video1.mp4,0.327824,2
video1.mp4,0.328512,2
video1.mp4,0.329201,2
video1.mp4,0.330579,2
video1.mp4,0.331267,2
video1.mp4,0.331956,2
video1.mp4,0.332645,2
video1.mp4,0.333333,2
video1.mp4,0.334711,2
video1.mp4,0.335399,2
video1.mp4,0.336088,2
video1.mp4,0.336777,2
video1.mp4,0.337466,2
video1.mp4,0.338843,2
video1.mp4,0.339532,2
video1.mp4,0.34022,2
video1.mp4,0.340909,2
video1.mp4,0.342287,2
video1.mp4,0.342975,2
video1.mp4,0.343664,2
video1.mp4,0.344353,2
video1.mp4,0.345041,2
video1.mp4,0.346419,2
video1.mp4,0.347107,2
video1.mp4,0.347796,2
video1.mp4,0.348485,2
video1.mp4,0.349174,2
video1.mp4,0.350551,2
video1.mp4,0.35124,2
video1.mp4,0.351928,2
video1.mp4,0.352617,2
video1.mp4,0.353306,2
video1.mp4,0.354683,2
video1.mp4,0.355372,2
video1.mp4,0.356061,2
video1.mp4,0.356749,2
video1.mp4,0.358127,2
video1.mp4,0.358815,2
video1.mp4,0.359504,2
video1.mp4,0.360193,2
video1.mp4,0.360882,2
video1.mp4,0.362259,2
video1.mp4,0.362948,2
video1.mp4,0.363636,2
video1.mp4,0.364325,2
video1.mp4,0.365014,2
video1.mp4,0.366391,2
video1.mp4,0.36708,2
video1.mp4,0.367769,2
video1.mp4,0.368457,2
video1.mp4,0.369146,2
video1.mp4,0.370523,2
video1.mp4,0.371212,2
video1.mp4,0.371901,2
video1.mp4,0.37259,2
video1.mp4,0.373967,2
video1.mp4,0.374656,2
video1.mp4,0.375344,2
video1.mp4,0.376033,2
video1.mp4,0.376722,2
video1.mp4,0.378099,2
video1.mp4,0.378788,2
video1.mp4,0.379477,2
video1.mp4,0.380165,2
video1.mp4,0.380854,2
video1.mp4,0.382231,2
video1.mp4,0.38292,2
video1.mp4,0.383609,2
video1.mp4,0.384298,2
video1.mp4,0.384986,2
video1.mp4,0.386364,2
video1.mp4,0.387052,2
video1.mp4,0.387741,2
video1.mp4,0.38843,2
video1.mp4,0.389807,2
video1.mp4,0.390496,2
video1.mp4,0.391185,2
video1.mp4,0.391873,2
video1.mp4,0.392562,2
video1.mp4,0.393939,2
video1.mp4,0.394628,2
video1.mp4,0.395317,2
video1.mp4,0.396006,2
video1.mp4,0.396694,2
video1.mp4,0.398072,2
video1.mp4,0.39876,2
video1.mp4,0.399449,2
video1.mp4,0.400138,2
video1.mp4,0.400826,2
video1.mp4,0.402204,2
video1.mp4,0.402893,2
video1.mp4,0.403581,2
video1.mp4,0.40427,2
video1.mp4,0.405647,2
video1.mp4,0.406336,2
video1.mp4,0.407025,2
video1.mp4,0.407713,2
video1.mp4,0.408402,2
video1.mp4,0.40978,2
video1.mp4,0.410468,2
video1.mp4,0.411157,2
video1.mp4,0.411846,2
video1.mp4,0.412534,2
video1.mp4,0.413912,2
video1.mp4,0.414601,2
video1.mp4,0.415289,2
video1.mp4,0.415978,2
video1.mp4,0.417355,2
video1.mp4,0.418044,2
video1.mp4,0.418733,2
video1.mp4,0.419421,2
video1.mp4,0.42011,2
video1.mp4,0.421488,2
video1.mp4,0.422176,2
video1.mp4,0.422865,2
video1.mp4,0.423554,2
video1.mp4,0.424242,2
video1.mp4,0.42562,2
video1.mp4,0.426309,2
video1.mp4,0.426997,2
video1.mp4,0.427686,2
video1.mp4,0.428375,2
video1.mp4,0.429752,2
video1.mp4,0.430441,2
video1.mp4,0.431129,2
video1.mp4,0.431818,2
video1.mp4,0.433196,2
video1.mp4,0.433884,2
video1.mp4,0.434573,2
video1.mp4,0.435262,2
video1.mp4,0.43595,2
video1.mp4,0.437328,2
video1.mp4,0.438017,2
video1.mp4,0.438705,2
video1.mp4,0.439394,2
video1.mp4,0.440083,2
video1.mp4,0.44146,2
video1.mp4,0.442149,2
video1.mp4,0.442837,2
video1.mp4,0.443526,2
video1.mp4,0.444215,2
video1.mp4,0.445592,2
video1.mp4,0.446281,2
video1.mp4,0.44697,2
video1.mp4,0.447658,2
video1.mp4,0.449036,2
video1.mp4,0.449725,2
video1.mp4,0.450413,2
video1.mp4,0.451102,2
video1.mp4,0.451791,2
video1.mp4,0.453168,2
video1.mp4,0.453857,2
video1.mp4,0.454545,2
video1.mp4,0.455234,2
video1.mp4,0.455923,2
video1.mp4,0.4573,2
video1.mp4,0.457989,2
video1.mp4,0.458678,2
video1.mp4,0.459366,2
video1.mp4,0.460055,2
video1.mp4,0.461433,2
video1.mp4,0.462121,2
video1.mp4,0.46281,2
video1.mp4,0.463499,2
video1.mp4,0.464876,2
video1.mp4,0.465565,2
video1.mp4,0.466253,2
video1.mp4,0.466942,2
video1.mp4,0.467631,2
video1.mp4,0.469008,2
video1.mp4,0.469697,2
video1.mp4,0.470386,2
video1.mp4,0.471074,2
video1.mp4,0.471763,2
video1.mp4,0.47314,2
video1.mp4,0.473829,2
video1.mp4,0.474518,2
video1.mp4,0.475207,2
video1.mp4,0.475895,2
video1.mp4,0.477273,2
video1.mp4,0.477961,2
video1.mp4,0.47865,2
video1.mp4,0.479339,2
video1.mp4,0.480716,2
video1.mp4,0.481405,2
video1.mp4,0.482094,2
video1.mp4,0.482782,2
video1.mp4,0.483471,2
video1.mp4,0.484848,2
video1.mp4,0.485537,2
video1.mp4,0.486226,2
video1.mp4,0.486915,2
video1.mp4,0.487603,2
video1.mp4,0.488981,2
video1.mp4,0.489669,2
video1.mp4,0.490358,2
video1.mp4,0.491047,2
video1.mp4,0.491736,2
video1.mp4,0.493113,2
video1.mp4,0.493802,2
video1.mp4,0.49449,2
video1.mp4,0.495179,2
video1.mp4,0.496556,2
video1.mp4,0.497245,2
video1.mp4,0.497934,2
video1.mp4,0.498623,2
video1.mp4,0.499311,2
video1.mp4,0.500689,2
video1.mp4,0.501377,2
video1.mp4,0.502066,2
video1.mp4,0.502755,2
video1.mp4,0.503444,2
video1.mp4,0.504821,2
video1.mp4,0.50551,2
video1.mp4,0.506198,2
video1.mp4,0.506887,2
video1.mp4,0.508264,2
video1.mp4,0.508953,2
video1.mp4,0.509642,2
video1.mp4,0.510331,2
video1.mp4,0.511019,2
video1.mp4,0.512397,2
video1.mp4,0.513085,2
video1.mp4,0.513774,2
video1.mp4,0.514463,2
video1.mp4,0.515152,2
video1.mp4,0.516529,2
video1.mp4,0.517218,2
video1.mp4,0.517906,2
video1.mp4,0.518595,2
video1.mp4,0.519284,2
video1.mp4,0.520661,2
video1.mp4,0.52135,2
video1.mp4,0.522039,2
video1.mp4,0.522727,2
video1.mp4,0.524105,2
video1.mp4,0.524793,2
video1.mp4,0.525482,2
video1.mp4,0.526171,2
video1.mp4,0.52686,2
video1.mp4,0.528237,2
video1.mp4,0.528926,2
video1.mp4,0.529614,2
video1.mp4,0.530303,2
video1.mp4,0.530992,2
video1.mp4,0.532369,2
video1.mp4,0.533058,2
video1.mp4,0.533747,2
video1.mp4,0.534435,2
video1.mp4,0.535124,2
video1.mp4,0.536501,2
video1.mp4,0.53719,2
video1.mp4,0.537879,2
video1.mp4,0.538567,2
video1.mp4,0.539945,2
video1.mp4,0.540634,2
video1.mp4,0.541322,2
video1.mp4,0.542011,2
video1.mp4,0.5427,2
video1.mp4,0.544077,2
video1.mp4,0.544766,2
video1.mp4,0.545455,2
video1.mp4,0.546143,2
video1.mp4,0.546832,2
video1.mp4,0.548209,2
video1.mp4,0.548898,2
video1.mp4,0.549587,2
video1.mp4,0.550275,2
video1.mp4,0.550964,2
video1.mp4,0.552342,2
video1.mp4,0.55303,2
video1.mp4,0.553719,2
video1.mp4,0.554408,2
video1.mp4,0.555785,2
video1.mp4,0.556474,2
video1.mp4,0.557163,2
video1.mp4,0.557851,2
video1.mp4,0.55854,2
video1.mp4,0.559917,2
video1.mp4,0.560606,2
video1.mp4,0.561295,2
video1.mp4,0.561983,2
video1.mp4,0.562672,2
video1.mp4,0.56405,2
video1.mp4,0.564738,2
video1.mp4,0.565427,2
video1.mp4,0.566116,2
video1.mp4,0.566804,2
video1.mp4,0.568182,2
video1.mp4,0.568871,2
video1.mp4,0.569559,2
video1.mp4,0.570248,2
video1.mp4,0.571625,2
video1.mp4,0.572314,2
video1.mp4,0.573003,2
video1.mp4,0.573691,2
video1.mp4,0.57438,2
video1.mp4,0.575758,2
video1.mp4,0.576446,2
video1.mp4,0.577135,2
video1.mp4,0.577824,2
video1.mp4,0.578512,2
video1.mp4,0.57989,2
video1.mp4,0.580579,2
video1.mp4,0.581267,2
video1.mp4,0.581956,2
video1.mp4,0.582645,2
video1.mp4,0.584022,2
video1.mp4,0.584711,2
video1.mp4,0.585399,2
video1.mp4,0.586088,2
video1.mp4,0.587466,2
video1.mp4,0.588154,2
video1.mp4,0.588843,2
video1.mp4,0.589532,2
video1.mp4,0.59022,2
video1.mp4,0.591598,2
video1.mp4,0.592287,2
video1.mp4,0.592975,2
video1.mp4,0.593664,2
video1.mp4,0.594353,2
video1.mp4,0.59573,2
video1.mp4,0.596419,2
video1.mp4,0.597107,2
video1.mp4,0.597796,2
video1.mp4,0.599174,2
video1.mp4,0.599862,2
video1.mp4,0.600551,2
video1.mp4,0.60124,2
video1.mp4,0.601928,2
video1.mp4,0.603306,2
video1.mp4,0.603994,2
video1.mp4,0.604683,2
video1.mp4,0.605372,2
video1.mp4,0.606061,2
video1.mp4,0.607438,2
video1.mp4,0.608127,2
video1.mp4,0.608815,2
video1.mp4,0.609504,2
video1.mp4,0.610193,2
video1.mp4,0.61157,2
video1.mp4,0.612259,2
video1.mp4,0.612948,2
video1.mp4,0.613636,2
video1.mp4,0.615014,2
video1.mp4,0.615702,2
video1.mp4,0.616391,2
video1.mp4,0.61708,2
video1.mp4,0.617769,2
video1.mp4,0.619146,2
video1.mp4,0.619835,2
video1.mp4,0.620523,2
video1.mp4,0.621212,2
video1.mp4,0.621901,2
video1.mp4,0.623278,2
video1.mp4,0.623967,2
video1.mp4,0.624656,2
video1.mp4,0.625344,2
video1.mp4,0.626033,2
video1.mp4,0.62741,2
video1.mp4,0.628099,2
video1.mp4,0.628788,2
video1.mp4,0.629477,2
video1.mp4,0.630854,2
video1.mp4,0.631543,2
video1.mp4,0.632231,2
video1.mp4,0.63292,2
video1.mp4,0.633609,2
video1.mp4,0.634986,2
video1.mp4,0.635675,2
video1.mp4,0.636364,2
video1.mp4,0.637052,2
video1.mp4,0.637741,2
video1.mp4,0.639118,2
video1.mp4,0.639807,2
video1.mp4,0.640496,2
video1.mp4,0.641185,2
video1.mp4,0.641873,2
video1.mp4,0.643251,2
video1.mp4,0.643939,2
video1.mp4,0.644628,2
video1.mp4,0.645317,2
video1.mp4,0.646694,2
video1.mp4,0.647383,2
video1.mp4,0.648072,2
video1.mp4,0.64876,2
video1.mp4,0.649449,2
video1.mp4,0.650826,3
video1.mp4,0.651515,3
video1.mp4,0.652204,3
video1.mp4,0.652893,3
video1.mp4,0.653581,3
video1.mp4,0.654959,3
video1.mp4,0.655647,3
video1.mp4,0.656336,3
video1.mp4,0.657025,3
video1.mp4,0.657713,3
video1.mp4,0.659091,3
video1.mp4,0.65978,3
video1.mp4,0.660468,3
video1.mp4,0.661157,3
video1.mp4,0.662534,3
video1.mp4,0.663223,3
video1.mp4,0.663912,3
video1.mp4,0.664601,3
video1.mp4,0.665289,3
video1.mp4,0.666667,3
video1.mp4,0.667355,3
video1.mp4,0.668044,3
video1.mp4,0.668733,3
video1.mp4,0.669421,3
video1.mp4,0.670799,3
video1.mp4,0.671488,3
video1.mp4,0.672176,3
video1.mp4,0.672865,3
video1.mp4,0.673554,3
video1.mp4,0.674931,3
video1.mp4,0.67562,3
video1.mp4,0.676309,3
video1.mp4,0.676997,3
video1.mp4,0.678375,3
video1.mp4,0.679063,3
video1.mp4,0.679752,3
video1.mp4,0.680441,3
video1.mp4,0.681129,3
video1.mp4,0.682507,3
video1.mp4,0.683196,3
video1.mp4,0.683884,3
video1.mp4,0.684573,3
video1.mp4,0.685262,3
video1.mp4,0.686639,3
video1.mp4,0.687328,3
video1.mp4,0.688017,3
video1.mp4,0.688705,3
video1.mp4,0.690083,3
video1.mp4,0.690771,3
video1.mp4,0.69146,3
video1.mp4,0.692149,3
video1.mp4,0.692837,3
video1.mp4,0.694215,3
video1.mp4,0.694904,3
video1.mp4,0.695592,3
video1.mp4,0.696281,3
video1.mp4,0.69697,3
video1.mp4,0.698347,3
video1.mp4,0.699036,3
video1.mp4,0.699725,3
video1.mp4,0.700413,3
video1.mp4,0.701102,3
video1.mp4,0.702479,3
video1.mp4,0.703168,3
video1.mp4,0.703857,3
video1.mp4,0.704545,3
video1.mp4,0.705923,3
video1.mp4,0.706612,3
video1.mp4,0.7073,3
video1.mp4,0.707989,3
video1.mp4,0.708678,3
video1.mp4,0.710055,3
video1.mp4,0.710744,3
video1.mp4,0.711433,3
video1.mp4,0.712121,3
video1.mp4,0.71281,3
video1.mp4,0.714187,3
video1.mp4,0.714876,3
video1.mp4,0.715565,3
video1.mp4,0.716253,3
video1.mp4,0.716942,3
video1.mp4,0.71832,3
video1.mp4,0.719008,3
video1.mp4,0.719697,3
video1.mp4,0.720386,3
video1.mp4,0.721763,3
video1.mp4,0.722452,3
video1.mp4,0.72314,3
video1.mp4,0.723829,3
video1.mp4,0.724518,3
video1.mp4,0.725895,3
video1.mp4,0.726584,3
video1.mp4,0.727273,3
video1.mp4,0.727961,3
video1.mp4,0.72865,3
video1.mp4,0.730028,3
video1.mp4,0.730716,3
video1.mp4,0.731405,3
video1.mp4,0.732094,3
video1.mp4,0.732782,3
video1.mp4,0.73416,3
video1.mp4,0.734848,3
video1.mp4,0.735537,3
video1.mp4,0.736226,3
video1.mp4,0.737603,3
video1.mp4,0.738292,3
video1.mp4,0.738981,3
video1.mp4,0.739669,3
video1.mp4,0.740358,3
video1.mp4,0.741736,3
video1.mp4,0.742424,3
video1.mp4,0.743113,3
video1.mp4,0.743802,3
video1.mp4,0.74449,3
video1.mp4,0.745868,3
video1.mp4,0.746556,3
video1.mp4,0.747245,3
video1.mp4,0.747934,3
video1.mp4,0.748623,3
video1.mp4,0.75,3
video1.mp4,0.750689,3
video1.mp4,0.751377,3
video1.mp4,0.752066,3
video1.mp4,0.753444,3
video1.mp4,0.754132,3
video1.mp4,0.754821,3
video1.mp4,0.75551,3
video1.mp4,0.756198,3
video1.mp4,0.757576,3
video1.mp4,0.758264,3
video1.mp4,0.758953,3
video1.mp4,0.759642,3
video1.mp4,0.760331,3
video1.mp4,0.761708,3
video1.mp4,0.762397,3
video1.mp4,0.763085,3
video1.mp4,0.763774,3
video1.mp4,0.764463,3
video1.mp4,0.76584,3
video1.mp4,0.766529,3
video1.mp4,0.767218,3
video1.mp4,0.767906,3
video1.mp4,0.769284,3
video1.mp4,0.769972,3
video1.mp4,0.770661,3
video1.mp4,0.77135,3
video1.mp4,0.772039,3
video1.mp4,0.773416,3
video1.mp4,0.774105,3
video1.mp4,0.774793,3
video1.mp4,0.775482,3
video1.mp4,0.776171,3
video1.mp4,0.777548,3
video1.mp4,0.778237,3
video1.mp4,0.778926,3
video1.mp4,0.779614,3
video1.mp4,0.780992,3
video1.mp4,0.78168,3
video1.mp4,0.782369,3
video1.mp4,0.783058,3
video1.mp4,0.783747,3
video1.mp4,0.785124,3
video1.mp4,0.785813,3
video1.mp4,0.786501,3
video1.mp4,0.78719,3
video1.mp4,0.787879,3
video1.mp4,0.789256,3
video1.mp4,0.789945,3
video1.mp4,0.790634,3
video1.mp4,0.791322,3
video1.mp4,0.792011,3
video1.mp4,0.793388,3
video1.mp4,0.794077,3
video1.mp4,0.794766,3
video1.mp4,0.795455,3
video1.mp4,0.796832,3
video1.mp4,0.797521,3
video1.mp4,0.798209,3
video1.mp4,0.798898,3
video1.mp4,0.799587,3
video1.mp4,0.800964,3
video1.mp4,0.801653,3
video1.mp4,0.802342,3
video1.mp4,0.80303,3
video1.mp4,0.803719,3
video1.mp4,0.805096,3
video1.mp4,0.805785,3
video1.mp4,0.806474,3
video1.mp4,0.807163,3
video1.mp4,0.807851,3
video1.mp4,0.809229,3
video1.mp4,0.809917,3
video1.mp4,0.810606,3
video1.mp4,0.811295,3
video1.mp4,0.812672,3
video1.mp4,0.813361,3
video1.mp4,0.81405,3
video1.mp4,0.814738,3
video1.mp4,0.815427,3
video1.mp4,0.816804,3
video1.mp4,0.817493,3
video1.mp4,0.818182,3
video1.mp4,0.818871,3
video1.mp4,0.819559,3
video1.mp4,0.820937,3
video1.mp4,0.821625,3
video1.mp4,0.822314,3
video1.mp4,0.823003,3
video1.mp4,0.823691,3
video1.mp4,0.825069,3
video1.mp4,0.825758,3
video1.mp4,0.826446,3
video1.mp4,0.827135,3
video1.mp4,0.828512,3
video1.mp4,0.829201,3
video1.mp4,0.82989,3
video1.mp4,0.830579,3
video1.mp4,0.831267,3
video1.mp4,0.832645,3
video1.mp4,0.833333,3
video1.mp4,0.834022,3
video1.mp4,0.834711,3
video1.mp4,0.835399,3
video1.mp4,0.836777,3
video1.mp4,0.837466,3
video1.mp4,0.838154,3
video1.mp4,0.838843,3
video1.mp4,0.839532,3
video1.mp4,0.840909,3
video1.mp4,0.841598,3
video1.mp4,0.842287,3
video1.mp4,0.842975,3
video1.mp4,0.844353,3
video1.mp4,0.845041,3
video1.mp4,0.84573,3
video1.mp4,0.846419,3
video1.mp4,0.847107,3
video1.mp4,0.848485,3
video1.mp4,0.849174,3
video1.mp4,0.849862,3
video1.mp4,0.850551,4
video1.mp4,0.85124,4
video1.mp4,0.852617,4
video1.mp4,0.853306,4
video1.mp4,0.853994,4
video1.mp4,0.854683,4
video1.mp4,0.855372,4
video1.mp4,0.856749,4
video1.mp4,0.857438,4
video1.mp4,0.858127,4
video1.mp4,0.858815,4
video1.mp4,0.860193,4
video1.mp4,0.860882,4
video1.mp4,0.86157,4
video1.mp4,0.862259,4
video1.mp4,0.862948,4
video1.mp4,0.864325,4
video1.mp4,0.865014,4
video1.mp4,0.865702,4
video1.mp4,0.866391,4
video1.mp4,0.86708,4
video1.mp4,0.868457,4
video1.mp4,0.869146,4
video1.mp4,0.869835,4
video1.mp4,0.870523,4
video1.mp4,0.871901,4
video1.mp4,0.87259,4
video1.mp4,0.873278,4
video1.mp4,0.873967,4
video1.mp4,0.874656,4
video1.mp4,0.876033,4
video1.mp4,0.876722,4
video1.mp4,0.87741,4
video1.mp4,0.878099,4
video1.mp4,0.878788,4
video1.mp4,0.880165,4
video1.mp4,0.880854,4
video1.mp4,0.881543,4
video1.mp4,0.882231,4
video1.mp4,0.88292,4
video1.mp4,0.884298,4
video1.mp4,0.884986,4
video1.mp4,0.885675,4
video1.mp4,0.886364,4
video1.mp4,0.887741,4
video1.mp4,0.88843,4
video1.mp4,0.889118,4
video1.mp4,0.889807,4
video1.mp4,0.890496,4
video1.mp4,0.891873,4
video1.mp4,0.892562,4
video1.mp4,0.893251,4
video1.mp4,0.893939,4
video1.mp4,0.894628,4
video1.mp4,0.896006,4
video1.mp4,0.896694,4
video1.mp4,0.897383,4
video1.mp4,0.898072,4
video1.mp4,0.89876,4
video1.mp4,0.900138,4
video1.mp4,0.900826,4
video1.mp4,0.901515,4
video1.mp4,0.902204,4
video1.mp4,0.903581,4
video1.mp4,0.90427,4
video1.mp4,0.904959,4
video1.mp4,0.905647,4
video1.mp4,0.906336,4
video1.mp4,0.907713,4
video1.mp4,0.908402,4
video1.mp4,0.909091,4
video1.mp4,0.90978,4
video1.mp4,0.910468,4
video1.mp4,0.911846,4
video1.mp4,0.912534,4
video1.mp4,0.913223,4
video1.mp4,0.913912,4
video1.mp4,0.914601,4
video1.mp4,0.915978,4
video1.mp4,0.916667,4
video1.mp4,0.917355,4
video1.mp4,0.918044,4
video1.mp4,0.919421,4
video1.mp4,0.92011,4
video1.mp4,0.920799,4
video1.mp4,0.921488,4
video1.mp4,0.922176,4
video1.mp4,0.923554,4
video1.mp4,0.924242,4
video1.mp4,0.924931,4
video1.mp4,0.92562,4
video1.mp4,0.926309,4
video1.mp4,0.927686,4
video1.mp4,0.928375,4
video1.mp4,0.929063,4
video1.mp4,0.929752,4
video1.mp4,0.930441,4
video1.mp4,0.931818,4
video1.mp4,0.932507,4
video1.mp4,0.933196,4
video1.mp4,0.933884,4
video1.mp4,0.935262,4
video1.mp4,0.93595,4
video1.mp4,0.936639,4
video1.mp4,0.937328,4
video1.mp4,0.938017,4
video1.mp4,0.939394,4
video1.mp4,0.940083,4
video1.mp4,0.940771,4
video1.mp4,0.94146,4
video1.mp4,0.942149,4
video1.mp4,0.943526,4
video1.mp4,0.944215,4
video1.mp4,0.944904,4
video1.mp4,0.945592,4
video1.mp4,0.946281,4
video1.mp4,0.947658,4
video1.mp4,0.948347,4
video1.mp4,0.949036,4
video1.mp4,0.949725,4
video1.mp4,0.951102,4
video1.mp4,0.951791,4
video1.mp4,0.952479,4
video1.mp4,0.953168,4
video1.mp4,0.953857,4
video1.mp4,0.955234,4
video1.mp4,0.955923,4
video1.mp4,0.956612,4
video1.mp4,0.9573,4
video1.mp4,0.957989,4
video1.mp4,0.959366,4
video1.mp4,0.960055,4
video1.mp4,0.960744,4
video1.mp4,0.961433,4
video1.mp4,0.96281,4
video1.mp4,0.963499,4
video1.mp4,0.964187,4
video1.mp4,0.964876,4
video1.mp4,0.965565,4
video1.mp4,0.966942,4
video1.mp4,0.967631,4
video1.mp4,0.96832,4
video1.mp4,0.969008,4
video1.mp4,0.969697,4
video1.mp4,0.971074,4
video1.mp4,0.971763,4
video1.mp4,0.972452,4
video1.mp4,0.97314,4
video1.mp4,0.973829,4
video1.mp4,0.975207,4
video1.mp4,0.975895,4
video1.mp4,0.976584,4
video1.mp4,0.977273,4
video1.mp4,0.97865,4
video1.mp4,0.979339,4
video1.mp4,0.980028,4
video1.mp4,0.980716,4
video1.mp4,0.981405,4
video1.mp4,0.982782,4
video1.mp4,0.983471,4
video1.mp4,0.98416,4
video1.mp4,0.984848,4
video1.mp4,0.985537,4
video1.mp4,0.986915,4
video1.mp4,0.987603,4
video1.mp4,0.988292,4
video1.mp4,0.988981,4
video1.mp4,0.989669,4
video1.mp4,0.991047,4
video1.mp4,0.991736,4
video1.mp4,0.992424,4
video1.mp4,0.993113,4
video1.mp4,0.99449,4
video1.mp4,0.995179,4
video1.mp4,0.995868,4
video1.mp4,0.996556,4
video1.mp4,0.997245,4
video1.mp4,0.998623,4
video1.mp4,0.999311,4
video1.mp4,1.0,4
video2.mp4,0.0,0
video2.mp4,0.000687,0
video2.mp4,0.001374,0
video2.mp4,0.002747,0
video2.mp4,0.003434,0
video2.mp4,0.004121,0
video2.mp4,0.004808,0
video2.mp4,0.006181,0
video2.mp4,0.006868,0
video2.mp4,0.007555,0
video2.mp4,0.008242,0
video2.mp4,0.008929,0
video2.mp4,0.010302,0
video2.mp4,0.010989,0
video2.mp4,0.011676,0
video2.mp4,0.012363,0
video2.mp4,0.013049,0
video2.mp4,0.014423,0
video2.mp4,0.01511,0
video2.mp4,0.015797,0
video2.mp4,0.016484,0
video2.mp4,0.017857,0
video2.mp4,0.018544,0
video2.mp4,0.019231,0
video2.mp4,0.019918,0
video2.mp4,0.020604,0
video2.mp4,0.021978,0
video2.mp4,0.022665,0
video2.mp4,0.023352,0
video2.mp4,0.024038,0
video2.mp4,0.024725,0
video2.mp4,0.026099,0
video2.mp4,0.026786,0
video2.mp4,0.027473,0
video2.mp4,0.028159,0
video2.mp4,0.029533,0
video2.mp4,0.03022,0
video2.mp4,0.030907,0
video2.mp4,0.031593,0
video2.mp4,0.03228,0
video2.mp4,0.033654,0
video2.mp4,0.034341,0
video2.mp4,0.035027,0
video2.mp4,0.035714,0
video2.mp4,0.036401,0
video2.mp4,0.037775,0
video2.mp4,0.038462,0
video2.mp4,0.039148,0
video2.mp4,0.039835,0
video2.mp4,0.041209,0
video2.mp4,0.041896,0
video2.mp4,0.042582,0
video2.mp4,0.043269,0
video2.mp4,0.043956,0
video2.mp4,0.04533,0
video2.mp4,0.046016,0
video2.mp4,0.046703,0
video2.mp4,0.04739,0
video2.mp4,0.048077,0
video2.mp4,0.049451,0
video2.mp4,0.050137,0
video2.mp4,0.050824,0
video2.mp4,0.051511,0
video2.mp4,0.052885,0
video2.mp4,0.053571,0
video2.mp4,0.054258,0
video2.mp4,0.054945,0
video2.mp4,0.055632,0
video2.mp4,0.057005,0
video2.mp4,0.057692,0
video2.mp4,0.058379,0
video2.mp4,0.059066,0
video2.mp4,0.059753,0
video2.mp4,0.061126,0
video2.mp4,0.061813,0
video2.mp4,0.0625,0
video2.mp4,0.063187,0
video2.mp4,0.06456,0
video2.mp4,0.065247,0
video2.mp4,0.065934,0
video2.mp4,0.066621,0
video2.mp4,0.067308,0
video2.mp4,0.068681,0
video2.mp4,0.069368,0
video2.mp4,0.070055,0
video2.mp4,0.070742,0
video2.mp4,0.071429,0
video2.mp4,0.072802,0
video2.mp4,0.073489,0
video2.mp4,0.074176,0
video2.mp4,0.074863,0
video2.mp4,0.076236,0
video2.mp4,0.076923,0
video2.mp4,0.07761,0
video2.mp4,0.078297,0
video2.mp4,0.078984,0
video2.mp4,0.080357,0
video2.mp4,0.081044,0
video2.mp4,0.081731,0
video2.mp4,0.082418,0
video2.mp4,0.083104,0
video2.mp4,0.084478,0
video2.mp4,0.085165,0
video2.mp4,0.085852,0
video2.mp4,0.086538,0
video2.mp4,0.087912,0
video2.mp4,0.088599,0
video2.mp4,0.089286,0
video2.mp4,0.089973,0
video2.mp4,0.090659,0
video2.mp4,0.092033,0
video2.mp4,0.09272,0
video2.mp4,0.093407,0
video2.mp4,0.094093,0
video2.mp4,0.09478,0
video2.mp4,0.096154,0
video2.mp4,0.096841,0
video2.mp4,0.097527,0
video2.mp4,0.098214,0
video2.mp4,0.099588,0
video2.mp4,0.100275,0
video2.mp4,0.100962,0
video2.mp4,0.101648,0
video2.mp4,0.102335,0
video2.mp4,0.103709,0
video2.mp4,0.104396,0
video2.mp4,0.105082,0
video2.mp4,0.105769,0
video2.mp4,0.106456,0
video2.mp4,0.10783,0
video2.mp4,0.108516,0
video2.mp4,0.109203,0
video2.mp4,0.10989,0
video2.mp4,0.111264,0
video2.mp4,0.111951,0
video2.mp4,0.112637,0
video2.mp4,0.113324,0
video2.mp4,0.114011,0
video2.mp4,0.115385,0
video2.mp4,0.116071,0
video2.mp4,0.116758,0
video2.mp4,0.117445,0
video2.mp4,0.118132,0
video2.mp4,0.119505,0
video2.mp4,0.120192,0
video2.mp4,0.120879,0
video2.mp4,0.121566,0
video2.mp4,0.12294,0
video2.mp4,0.123626,0
video2.mp4,0.124313,0
video2.mp4,0.125,0
video2.mp4,0.125687,0
video2.mp4,0.12706,0
video2.mp4,0.127747,0
video2.mp4,0.128434,0
video2.mp4,0.129121,0
video2.mp4,0.129808,0
video2.mp4,0.131181,0
video2.mp4,0.131868,0
video2.mp4,0.132555,0
video2.mp4,0.133242,0
video2.mp4,0.134615,0
video2.mp4,0.135302,0
video2.mp4,0.135989,0
video2.mp4,0.136676,0
video2.mp4,0.137363,0
video2.mp4,0.138736,0
video2.mp4,0.139423,0
video2.mp4,0.14011,0
video2.mp4,0.140797,0
video2.mp4,0.141484,0
video2.mp4,0.142857,0
video2.mp4,0.143544,0
video2.mp4,0.144231,0
video2.mp4,0.144918,0
video2.mp4,0.146291,0
video2.mp4,0.146978,0
video2.mp4,0.147665,0
video2.mp4,0.148352,0
video2.mp4,0.149038,0
video2.mp4,0.150412,1
video2.mp4,0.151099,1
video2.mp4,0.151786,1
video2.mp4,0.152473,1
video2.mp4,0.153159,1
video2.mp4,0.154533,1
video2.mp4,0.15522,1
video2.mp4,0.155907,1
video2.mp4,0.156593,1
video2.mp4,0.157967,1
video2.mp4,0.158654,1
video2.mp4,0.159341,1
video2.mp4,0.160027,1
video2.mp4,0.160714,1
video2.mp4,0.162088,1
video2.mp4,0.162775,1
video2.mp4,0.163462,1
video2.mp4,0.164148,1
video2.mp4,0.164835,1
video2.mp4,0.166209,1
video2.mp4,0.166896,1
video2.mp4,0.167582,1
video2.mp4,0.168269,1
video2.mp4,0.169643,1
video2.mp4,0.17033,1
video2.mp4,0.171016,1
video2.mp4,0.171703,1
video2.mp4,0.17239,1
video2.mp4,0.173764,1
video2.mp4,0.174451,1
video2.mp4,0.175137,1
video2.mp4,0.175824,1
video2.mp4,0.176511,1
video2.mp4,0.177885,1
video2.mp4,0.178571,1
video2.mp4,0.179258,1
video2.mp4,0.179945,1
video2.mp4,0.181319,1
video2.mp4,0.182005,1
video2.mp4,0.182692,1
video2.mp4,0.183379,1
video2.mp4,0.184066,1
video2.mp4,0.18544,1
video2.mp4,0.186126,1
video2.mp4,0.186813,1
video2.mp4,0.1875,1
video2.mp4,0.188187,1
video2.mp4,0.18956,1
video2.mp4,0.190247,1
video2.mp4,0.190934,1
video2.mp4,0.191621,1
video2.mp4,0.192995,1
video2.mp4,0.193681,1
video2.mp4,0.194368,1
video2.mp4,0.195055,1
video2.mp4,0.195742,1
video2.mp4,0.197115,1
video2.mp4,0.197802,1
video2.mp4,0.198489,1
video2.mp4,0.199176,1
video2.mp4,0.199863,1
video2.mp4,0.201236,1
video2.mp4,0.201923,1
video2.mp4,0.20261,1
video2.mp4,0.203297,1
video2.mp4,0.20467,1
video2.mp4,0.205357,1
video2.mp4,0.206044,1
video2.mp4,0.206731,1
video2.mp4,0.207418,1
video2.mp4,0.208791,1
video2.mp4,0.209478,1
video2.mp4,0.210165,1
video2.mp4,0.210852,1
video2.mp4,0.211538,1
video2.mp4,0.212912,1
video2.mp4,0.213599,1
video2.mp4,0.214286,1
video2.mp4,0.214973,1
video2.mp4,0.216346,1
video2.mp4,0.217033,1
video2.mp4,0.21772,1
video2.mp4,0.218407,1
video2.mp4,0.219093,1
video2.mp4,0.220467,1
video2.mp4,0.221154,1
video2.mp4,0.221841,1
video2.mp4,0.222527,1
video2.mp4,0.223214,1
video2.mp4,0.224588,1
video2.mp4,0.225275,1
video2.mp4,0.225962,1
video2.mp4,0.226648,1
video2.mp4,0.228022,1
video2.mp4,0.228709,1
video2.mp4,0.229396,1
video2.mp4,0.230082,1
video2.mp4,0.230769,1
video2.mp4,0.232143,1
video2.mp4,0.23283,1
video2.mp4,0.233516,1
video2.mp4,0.234203,1
video2.mp4,0.23489,1
video2.mp4,0.236264,1
video2.mp4,0.236951,1
video2.mp4,0.237637,1
video2.mp4,0.238324,1
video2.mp4,0.239698,1
video2.mp4,0.240385,1
video2.mp4,0.241071,1
video2.mp4,0.241758,1
video2.mp4,0.242445,1
video2.mp4,0.243819,1
video2.mp4,0.244505,1
video2.mp4,0.245192,1
video2.mp4,0.245879,1
video2.mp4,0.246566,1
video2.mp4,0.24794,1
video2.mp4,0.248626,1
video2.mp4,0.249313,1
video2.mp4,0.25,1
video2.mp4,0.251374,1
video2.mp4,0.25206,1
video2.mp4,0.252747,1
video2.mp4,0.253434,1
video2.mp4,0.254121,1
video2.mp4,0.255495,1
video2.mp4,0.256181,1
video2.mp4,0.256868,1
video2.mp4,0.257555,1
video2.mp4,0.258242,1
video2.mp4,0.259615,1
video2.mp4,0.260302,1
video2.mp4,0.260989,1
video2.mp4,0.261676,1
video2.mp4,0.263049,1
video2.mp4,0.263736,1
video2.mp4,0.264423,1
video2.mp4,0.26511,1
video2.mp4,0.265797,1
video2.mp4,0.26717,1
video2.mp4,0.267857,1
video2.mp4,0.268544,1
video2.mp4,0.269231,1
video2.mp4,0.269918,1
video2.mp4,0.271291,1
video2.mp4,0.271978,1
video2.mp4,0.272665,1
video2.mp4,0.273352,1
video2.mp4,0.274725,1
video2.mp4,0.275412,1
video2.mp4,0.276099,1
video2.mp4,0.276786,1
video2.mp4,0.277473,1
video2.mp4,0.278846,1
video2.mp4,0.279533,1
video2.mp4,0.28022,1
video2.mp4,0.280907,1
video2.mp4,0.281593,1
video2.mp4,0.282967,1
video2.mp4,0.283654,1
video2.mp4,0.284341,1
video2.mp4,0.285027,1
video2.mp4,0.286401,1
video2.mp4,0.287088,1
video2.mp4,0.287775,1
video2.mp4,0.288462,1
video2.mp4,0.289148,1
video2.mp4,0.290522,1
video2.mp4,0.291209,1
video2.mp4,0.291896,1
video2.mp4,0.292582,1
video2.mp4,0.293269,1
video2.mp4,0.294643,1
video2.mp4,0.29533,1
video2.mp4,0.296016,1
video2.mp4,0.296703,1
video2.mp4,0.298077,1
video2.mp4,0.298764,1
video2.mp4,0.299451,1
video2.mp4,0.300137,2
video2.mp4,0.300824,2
video2.mp4,0.302198,2
video2.mp4,0.302885,2
video2.mp4,0.303571,2
video2.mp4,0.304258,2
video2.mp4,0.304945,2
video2.mp4,0.306319,2
video2.mp4,0.307005,2
video2.mp4,0.307692,2
video2.mp4,0.308379,2
video2.mp4,0.309753,2
video2.mp4,0.31044,2
video2.mp4,0.311126,2
video2.mp4,0.311813,2
video2.mp4,0.3125,2
video2.mp4,0.313874,2
video2.mp4,0.31456,2
video2.mp4,0.315247,2
video2.mp4,0.315934,2
video2.mp4,0.316621,2
video2.mp4,0.317995,2
video2.mp4,0.318681,2
video2.mp4,0.319368,2
video2.mp4,0.320055,2
video2.mp4,0.321429,2
video2.mp4,0.322115,2
video2.mp4,0.322802,2
video2.mp4,0.323489,2
video2.mp4,0.324176,2
video2.mp4,0.325549,2
video2.mp4,0.326236,2
video2.mp4,0.326923,2
video2.mp4,0.32761,2
video2.mp4,0.328297,2
video2.mp4,0.32967,2
video2.mp4,0.330357,2
video2.mp4,0.331044,2
video2.mp4,0.331731,2
video2.mp4,0.333104,2
video2.mp4,0.333791,2
video2.mp4,0.334478,2
video2.mp4,0.335165,2
video2.mp4,0.335852,2
video2.mp4,0.337225,2
video2.mp4,0.337912,2
video2.mp4,0.338599,2
video2.mp4,0.339286,2
video2.mp4,0.339973,2
video2.mp4,0.341346,2
video2.mp4,0.342033,2
video2.mp4,0.34272,2
video2.mp4,0.343407,2
video2.mp4,0.34478,2
video2.mp4,0.345467,2
video2.mp4,0.346154,2
video2.mp4,0.346841,2
video2.mp4,0.347527,2
video2.mp4,0.348901,2
video2.mp4,0.349588,2
video2.mp4,0.350275,2
video2.mp4,0.350962,2
video2.mp4,0.351648,2
video2.mp4,0.353022,2
video2.mp4,0.353709,2
video2.mp4,0.354396,2
video2.mp4,0.355082,2
video2.mp4,0.356456,2
video2.mp4,0.357143,2
video2.mp4,0.35783,2
video2.mp4,0.358516,2
video2.mp4,0.359203,2
video2.mp4,0.360577,2
video2.mp4,0.361264,2
video2.mp4,0.361951,2
video2.mp4,0.362637,2
video2.mp4,0.363324,2
video2.mp4,0.364698,2
video2.mp4,0.365385,2
video2.mp4,0.366071,2
video2.mp4,0.366758,2
video2.mp4,0.368132,2
video2.mp4,0.368819,2
video2.mp4,0.369505,2
video2.mp4,0.370192,2
video2.mp4,0.370879,2
video2.mp4,0.372253,2
video2.mp4,0.37294,2
video2.mp4,0.373626,2
video2.mp4,0.374313,2
video2.mp4,0.375,2
video2.mp4,0.376374,2
video2.mp4,0.37706,2
video2.mp4,0.377747,2
video2.mp4,0.378434,2
video2.mp4,0.379808,2
video2.mp4,0.380495,2
video2.mp4,0.381181,2
video2.mp4,0.381868,2
video2.mp4,0.382555,2
video2.mp4,0.383929,2
video2.mp4,0.384615,2
video2.mp4,0.385302,2
video2.mp4,0.385989,2
video2.mp4,0.386676,2
video2.mp4,0.388049,2
video2.mp4,0.388736,2
video2.mp4,0.389423,2
video2.mp4,0.39011,2
video2.mp4,0.391484,2
video2.mp4,0.39217,2
video2.mp4,0.392857,2
video2.mp4,0.393544,2
video2.mp4,0.394231,2
video2.mp4,0.395604,2
video2.mp4,0.396291,2
video2.mp4,0.396978,2
video2.mp4,0.397665,2
video2.mp4,0.398352,2
video2.mp4,0.399725,2
video2.mp4,0.400412,2
video2.mp4,0.401099,2
video2.mp4,0.401786,2
video2.mp4,0.403159,2
video2.mp4,0.403846,2
video2.mp4,0.404533,2
video2.mp4,0.40522,2
video2.mp4,0.405907,2
video2.mp4,0.40728,2
video2.mp4,0.407967,2
video2.mp4,0.408654,2
video2.mp4,0.409341,2
video2.mp4,0.410027,2
video2.mp4,0.411401,2
video2.mp4,0.412088,2
video2.mp4,0.412775,2
video2.mp4,0.413462,2
video2.mp4,0.414835,2
video2.mp4,0.415522,2
video2.mp4,0.416209,2
video2.mp4,0.416896,2
video2.mp4,0.417582,2
video2.mp4,0.418956,2
video2.mp4,0.419643,2
video2.mp4,0.42033,2
video2.mp4,0.421016,2
video2.mp4,0.421703,2
video2.mp4,0.423077,2
video2.mp4,0.423764,2
video2.mp4,0.424451,2
video2.mp4,0.425137,2
video2.mp4,0.426511,2
video2.mp4,0.427198,2
video2.mp4,0.427885,2
video2.mp4,0.428571,2
video2.mp4,0.429258,2
video2.mp4,0.430632,2
video2.mp4,0.431319,2
video2.mp4,0.432005,2
video2.mp4,0.432692,2
video2.mp4,0.433379,2
video2.mp4,0.434753,2
video2.mp4,0.43544,2
video2.mp4,0.436126,2
video2.mp4,0.436813,2
video2.mp4,0.438187,2
video2.mp4,0.438874,2
video2.mp4,0.43956,2
video2.mp4,0.440247,2
video2.mp4,0.440934,2
video2.mp4,0.442308,2
video2.mp4,0.442995,2
video2.mp4,0.443681,2
video2.mp4,0.444368,2
video2.mp4,0.445055,2
video2.mp4,0.446429,2
video2.mp4,0.447115,2
video2.mp4,0.447802,2
video2.mp4,0.448489,2
video2.mp4,0.449863,2
video2.mp4,0.450549,2
video2.mp4,0.451236,2
video2.mp4,0.451923,2
video2.mp4,0.45261,2
video2.mp4,0.453984,2
video2.mp4,0.45467,2
video2.mp4,0.455357,2
video2.mp4,0.456044,2
video2.mp4,0.456731,2
video2.mp4,0.458104,2
video2.mp4,0.458791,2
video2.mp4,0.459478,2
video2.mp4,0.460165,2
video2.mp4,0.461538,2
video2.mp4,0.462225,2
video2.mp4,0.462912,2
video2.mp4,0.463599,2
video2.mp4,0.464286,2
video2.mp4,0.465659,2
video2.mp4,0.466346,2
video2.mp4,0.467033,2
video2.mp4,0.46772,2
video2.mp4,0.468407,2
video2.mp4,0.46978,2
video2.mp4,0.470467,2
video2.mp4,0.471154,2
video2.mp4,0.471841,2
video2.mp4,0.473214,2
video2.mp4,0.473901,2
video2.mp4,0.474588,2
video2.mp4,0.475275,2
video2.mp4,0.475962,2
video2.mp4,0.477335,2
video2.mp4,0.478022,2
video2.mp4,0.478709,2
video2.mp4,0.479396,2
video2.mp4,0.480082,2
video2.mp4,0.481456,2
video2.mp4,0.482143,2
video2.mp4,0.48283,2
video2.mp4,0.483516,2
video2.mp4,0.48489,2
video2.mp4,0.485577,2
video2.mp4,0.486264,2
video2.mp4,0.486951,2
video2.mp4,0.487637,2
video2.mp4,0.489011,2
video2.mp4,0.489698,2
video2.mp4,0.490385,2
video2.mp4,0.491071,2
video2.mp4,0.491758,2
video2.mp4,0.493132,2
video2.mp4,0.493819,2
video2.mp4,0.494505,2
video2.mp4,0.495192,2
video2.mp4,0.496566,2
video2.mp4,0.497253,2
video2.mp4,0.49794,2
video2.mp4,0.498626,2
video2.mp4,0.499313,2
video2.mp4,0.500687,2
video2.mp4,0.501374,2
video2.mp4,0.50206,2
video2.mp4,0.502747,2
video2.mp4,0.503434,2
video2.mp4,0.504808,2
video2.mp4,0.505495,2
video2.mp4,0.506181,2
video2.mp4,0.506868,2
video2.mp4,0.508242,2
video2.mp4,0.508929,2
video2.mp4,0.509615,2
video2.mp4,0.510302,2
video2.mp4,0.510989,2
video2.mp4,0.512363,2
video2.mp4,0.513049,2
video2.mp4,0.513736,2
video2.mp4,0.514423,2
video2.mp4,0.51511,2
video2.mp4,0.516484,2
video2.mp4,0.51717,2
video2.mp4,0.517857,2
video2.mp4,0.518544,2
video2.mp4,0.519918,2
video2.mp4,0.520604,2
video2.mp4,0.521291,2
video2.mp4,0.521978,2
video2.mp4,0.522665,2
video2.mp4,0.524038,2
video2.mp4,0.524725,2
video2.mp4,0.525412,2
video2.mp4,0.526099,2
video2.mp4,0.526786,2
video2.mp4,0.528159,2
video2.mp4,0.528846,2
video2.mp4,0.529533,2
video2.mp4,0.53022,2
video2.mp4,0.531593,2
video2.mp4,0.53228,2
video2.mp4,0.532967,2
video2.mp4,0.533654,2
video2.mp4,0.534341,2
video2.mp4,0.535714,2
video2.mp4,0.536401,2
video2.mp4,0.537088,2
video2.mp4,0.537775,2
video2.mp4,0.538462,2
video2.mp4,0.539835,2
video2.mp4,0.540522,2
video2.mp4,0.541209,2
video2.mp4,0.541896,2
video2.mp4,0.543269,2
video2.mp4,0.543956,2
video2.mp4,0.544643,2
video2.mp4,0.54533,2
video2.mp4,0.546016,2
video2.mp4,0.54739,2
video2.mp4,0.548077,2
video2.mp4,0.548764,2
video2.mp4,0.549451,2
video2.mp4,0.550137,2
video2.mp4,0.551511,2
video2.mp4,0.552198,2
video2.mp4,0.552885,2
video2.mp4,0.553571,2
video2.mp4,0.554945,2
video2.mp4,0.555632,2
video2.mp4,0.556319,2
video2.mp4,0.557005,2
video2.mp4,0.557692,2
video2.mp4,0.559066,2
video2.mp4,0.559753,2
video2.mp4,0.56044,2
video2.mp4,0.561126,2
video2.mp4,0.561813,2
video2.mp4,0.563187,2
video2.mp4,0.563874,2
video2.mp4,0.56456,2
video2.mp4,0.565247,2
video2.mp4,0.566621,2
video2.mp4,0.567308,2
video2.mp4,0.567995,2
video2.mp4,0.568681,2
video2.mp4,0.569368,2
video2.mp4,0.570742,2
video2.mp4,0.571429,2
video2.mp4,0.572115,2
video2.mp4,0.572802,2
video2.mp4,0.573489,2
video2.mp4,0.574863,2
video2.mp4,0.575549,2
video2.mp4,0.576236,2
video2.mp4,0.576923,2
video2.mp4,0.578297,2
video2.mp4,0.578984,2
video2.mp4,0.57967,2
video2.mp4,0.580357,2
video2.mp4,0.581044,2
video2.mp4,0.582418,2
video2.mp4,0.583104,2
video2.mp4,0.583791,2
video2.mp4,0.584478,2
video2.mp4,0.585165,2
video2.mp4,0.586538,2
video2.mp4,0.587225,2
video2.mp4,0.587912,2
video2.mp4,0.588599,2
video2.mp4,0.589973,2
video2.mp4,0.590659,2
video2.mp4,0.591346,2
video2.mp4,0.592033,2
video2.mp4,0.59272,2
video2.mp4,0.594093,2
video2.mp4,0.59478,2
video2.mp4,0.595467,2
video2.mp4,0.596154,2
video2.mp4,0.596841,2
video2.mp4,0.598214,2
video2.mp4,0.598901,2
video2.mp4,0.599588,2
video2.mp4,0.600275,2
video2.mp4,0.601648,2
video2.mp4,0.602335,2
video2.mp4,0.603022,2
video2.mp4,0.603709,2
video2.mp4,0.604396,2
video2.mp4,0.605769,2
video2.mp4,0.606456,2
video2.mp4,0.607143,2
video2.mp4,0.60783,2
video2.mp4,0.608516,2
video2.mp4,0.60989,2
video2.mp4,0.610577,2
video2.mp4,0.611264,2
video2.mp4,0.611951,2
video2.mp4,0.613324,2
video2.mp4,0.614011,2
video2.mp4,0.614698,2
video2.mp4,0.615385,2
video2.mp4,0.616071,2
video2.mp4,0.617445,2
video2.mp4,0.618132,2
video2.mp4,0.618819,2
video2.mp4,0.619505,2
video2.mp4,0.620192,2
video2.mp4,0.621566,2
video2.mp4,0.622253,2
video2.mp4,0.62294,2
video2.mp4,0.623626,2
video2.mp4,0.625,2
video2.mp4,0.625687,2
video2.mp4,0.626374,2
video2.mp4,0.62706,2
video2.mp4,0.627747,2
video2.mp4,0.629121,2
video2.mp4,0.629808,2
video2.mp4,0.630495,2
video2.mp4,0.631181,2
video2.mp4,0.631868,2
video2.mp4,0.633242,2
video2.mp4,0.633929,2
video2.mp4,0.634615,2
video2.mp4,0.635302,2
video2.mp4,0.636676,2
video2.mp4,0.637363,2
video2.mp4,0.638049,2
video2.mp4,0.638736,2
video2.mp4,0.639423,2
video2.mp4,0.640797,2
video2.mp4,0.641484,2
video2.mp4,0.64217,2
video2.mp4,0.642857,2
video2.mp4,0.643544,2
video2.mp4,0.644918,2
video2.mp4,0.645604,2
video2.mp4,0.646291,2
video2.mp4,0.646978,2
video2.mp4,0.648352,2
video2.mp4,0.649038,2
video2.mp4,0.649725,2
video2.mp4,0.650412,3
video2.mp4,0.651099,3
video2.mp4,0.652473,3
video2.mp4,0.653159,3
video2.mp4,0.653846,3
video2.mp4,0.654533,3
video2.mp4,0.65522,3
video2.mp4,0.656593,3
video2.mp4,0.65728,3
video2.mp4,0.657967,3
video2.mp4,0.658654,3
video2.mp4,0.660027,3
video2.mp4,0.660714,3
video2.mp4,0.661401,3
video2.mp4,0.662088,3
video2.mp4,0.662775,3
video2.mp4,0.664148,3
video2.mp4,0.664835,3
video2.mp4,0.665522,3
video2.mp4,0.666209,3
video2.mp4,0.666896,3
video2.mp4,0.668269,3
video2.mp4,0.668956,3
video2.mp4,0.669643,3
video2.mp4,0.67033,3
video2.mp4,0.671703,3
video2.mp4,0.67239,3
video2.mp4,0.673077,3
video2.mp4,0.673764,3
video2.mp4,0.674451,3
video2.mp4,0.675824,3
video2.mp4,0.676511,3
video2.mp4,0.677198,3
video2.mp4,0.677885,3
video2.mp4,0.678571,3
video2.mp4,0.679945,3
video2.mp4,0.680632,3
video2.mp4,0.681319,3
video2.mp4,0.682005,3
video2.mp4,0.683379,3
video2.mp4,0.684066,3
video2.mp4,0.684753,3
video2.mp4,0.68544,3
video2.mp4,0.686126,3
video2.mp4,0.6875,3
video2.mp4,0.688187,3
video2.mp4,0.688874,3
video2.mp4,0.68956,3
video2.mp4,0.690247,3
video2.mp4,0.691621,3
video2.mp4,0.692308,3
video2.mp4,0.692995,3
video2.mp4,0.693681,3
video2.mp4,0.695055,3
video2.mp4,0.695742,3
video2.mp4,0.696429,3
video2.mp4,0.697115,3
video2.mp4,0.697802,3
video2.mp4,0.699176,3
video2.mp4,0.699863,3
video2.mp4,0.700549,3
video2.mp4,0.701236,3
video2.mp4,0.701923,3
video2.mp4,0.703297,3
video2.mp4,0.703984,3
video2.mp4,0.70467,3
video2.mp4,0.705357,3
video2.mp4,0.706731,3
video2.mp4,0.707418,3
video2.mp4,0.708104,3
video2.mp4,0.708791,3
video2.mp4,0.709478,3
video2.mp4,0.710852,3
video2.mp4,0.711538,3
video2.mp4,0.712225,3
video2.mp4,0.712912,3
video2.mp4,0.713599,3
video2.mp4,0.714973,3
video2.mp4,0.715659,3
video2.mp4,0.716346,3
video2.mp4,0.717033,3
video2.mp4,0.718407,3
video2.mp4,0.719093,3
video2.mp4,0.71978,3
video2.mp4,0.720467,3
video2.mp4,0.721154,3
video2.mp4,0.722527,3
video2.mp4,0.723214,3
video2.mp4,0.723901,3
video2.mp4,0.724588,3
video2.mp4,0.725275,3
video2.mp4,0.726648,3
video2.mp4,0.727335,3
video2.mp4,0.728022,3
video2.mp4,0.728709,3
video2.mp4,0.730082,3
video2.mp4,0.730769,3
video2.mp4,0.731456,3
video2.mp4,0.732143,3
video2.mp4,0.73283,3
video2.mp4,0.734203,3
video2.mp4,0.73489,3
video2.mp4,0.735577,3
video2.mp4,0.736264,3
video2.mp4,0.736951,3
video2.mp4,0.738324,3
video2.mp4,0.739011,3
video2.mp4,0.739698,3
video2.mp4,0.740385,3
video2.mp4,0.741758,3
video2.mp4,0.742445,3
video2.mp4,0.743132,3
video2.mp4,0.743819,3
video2.mp4,0.744505,3
video2.mp4,0.745879,3
video2.mp4,0.746566,3
video2.mp4,0.747253,3
video2.mp4,0.74794,3
video2.mp4,0.748626,3
video2.mp4,0.75,3
video2.mp4,0.750687,3
video2.mp4,0.751374,3
video2.mp4,0.75206,3
video2.mp4,0.753434,3
video2.mp4,0.754121,3
video2.mp4,0.754808,3
video2.mp4,0.755495,3
video2.mp4,0.756181,3
video2.mp4,0.757555,3
video2.mp4,0.758242,3
video2.mp4,0.758929,3
video2.mp4,0.759615,3
video2.mp4,0.760302,3
video2.mp4,0.761676,3
video2.mp4,0.762363,3
video2.mp4,0.763049,3
video2.mp4,0.763736,3
video2.mp4,0.76511,3
video2.mp4,0.765797,3
video2.mp4,0.766484,3
video2.mp4,0.76717,3
video2.mp4,0.767857,3
video2.mp4,0.769231,3
video2.mp4,0.769918,3
video2.mp4,0.770604,3
video2.mp4,0.771291,3
video2.mp4,0.771978,3
video2.mp4,0.773352,3
video2.mp4,0.774038,3
video2.mp4,0.774725,3
video2.mp4,0.775412,3
video2.mp4,0.776786,3
video2.mp4,0.777473,3
video2.mp4,0.778159,3
video2.mp4,0.778846,3
video2.mp4,0.779533,3
video2.mp4,0.780907,3
video2.mp4,0.781593,3
video2.mp4,0.78228,3
video2.mp4,0.782967,3
video2.mp4,0.783654,3
video2.mp4,0.785027,3
video2.mp4,0.785714,3
video2.mp4,0.786401,3
video2.mp4,0.787088,3
video2.mp4,0.788462,3
video2.mp4,0.789148,3
video2.mp4,0.789835,3
video2.mp4,0.790522,3
video2.mp4,0.791209,3
video2.mp4,0.792582,3
video2.mp4,0.793269,3
video2.mp4,0.793956,3
video2.mp4,0.794643,3
video2.mp4,0.79533,3
video2.mp4,0.796703,3
video2.mp4,0.79739,3
video2.mp4,0.798077,3
video2.mp4,0.798764,3
video2.mp4,0.800137,3
video2.mp4,0.800824,3
video2.mp4,0.801511,3
video2.mp4,0.802198,3
video2.mp4,0.802885,3
video2.mp4,0.804258,3
video2.mp4,0.804945,3
video2.mp4,0.805632,3
video2.mp4,0.806319,3
video2.mp4,0.807005,3
video2.mp4,0.808379,3
video2.mp4,0.809066,3
video2.mp4,0.809753,3
video2.mp4,0.81044,3
video2.mp4,0.811813,3
video2.mp4,0.8125,3
video2.mp4,0.813187,3
video2.mp4,0.813874,3
video2.mp4,0.81456,3
video2.mp4,0.815934,3
video2.mp4,0.816621,3
video2.mp4,0.817308,3
video2.mp4,0.817995,3
video2.mp4,0.818681,3
video2.mp4,0.820055,3
video2.mp4,0.820742,3
video2.mp4,0.821429,3
video2.mp4,0.822115,3
video2.mp4,0.823489,3
video2.mp4,0.824176,3
video2.mp4,0.824863,3
video2.mp4,0.825549,3
video2.mp4,0.826236,3
video2.mp4,0.82761,3
video2.mp4,0.828297,3
video2.mp4,0.828984,3
video2.mp4,0.82967,3
video2.mp4,0.830357,3
video2.mp4,0.831731,3
video2.mp4,0.832418,3
video2.mp4,0.833104,3
video2.mp4,0.833791,3
video2.mp4,0.835165,3
video2.mp4,0.835852,3
video2.mp4,0.836538,3
video2.mp4,0.837225,3
video2.mp4,0.837912,3
video2.mp4,0.839286,3
video2.mp4,0.839973,3
video2.mp4,0.840659,3
video2.mp4,0.841346,3
video2.mp4,0.842033,3
video2.mp4,0.843407,3
video2.mp4,0.844093,3
video2.mp4,0.84478,3
video2.mp4,0.845467,3
video2.mp4,0.846841,3
video2.mp4,0.847527,3
video2.mp4,0.848214,3
video2.mp4,0.848901,3
video2.mp4,0.849588,3
video2.mp4,0.850962,4
video2.mp4,0.851648,4
video2.mp4,0.852335,4
video2.mp4,0.853022,4
video2.mp4,0.853709,4
video2.mp4,0.855082,4
video2.mp4,0.855769,4
video2.mp4,0.856456,4
video2.mp4,0.857143,4
video2.mp4,0.858516,4
video2.mp4,0.859203,4
video2.mp4,0.85989,4
video2.mp4,0.860577,4
video2.mp4,0.861264,4
video2.mp4,0.862637,4
video2.mp4,0.863324,4
video2.mp4,0.864011,4
video2.mp4,0.864698,4
video2.mp4,0.865385,4
video2.mp4,0.866758,4
video2.mp4,0.867445,4
video2.mp4,0.868132,4
video2.mp4,0.868819,4
video2.mp4,0.870192,4
video2.mp4,0.870879,4
video2.mp4,0.871566,4
video2.mp4,0.872253,4
video2.mp4,0.87294,4
video2.mp4,0.874313,4
video2.mp4,0.875,4
video2.mp4,0.875687,4
video2.mp4,0.876374,4
video2.mp4,0.87706,4
video2.mp4,0.878434,4
video2.mp4,0.879121,4
video2.mp4,0.879808,4
video2.mp4,0.880495,4
video2.mp4,0.881868,4
video2.mp4,0.882555,4
video2.mp4,0.883242,4
video2.mp4,0.883929,4
video2.mp4,0.884615,4
video2.mp4,0.885989,4
video2.mp4,0.886676,4
video2.mp4,0.887363,4
video2.mp4,0.888049,4
video2.mp4,0.888736,4
video2.mp4,0.89011,4
video2.mp4,0.890797,4
video2.mp4,0.891484,4
video2.mp4,0.89217,4
video2.mp4,0.893544,4
video2.mp4,0.894231,4
video2.mp4,0.894918,4
video2.mp4,0.895604,4
video2.mp4,0.896291,4
video2.mp4,0.897665,4
video2.mp4,0.898352,4
video2.mp4,0.899038,4
video2.mp4,0.899725,4
video2.mp4,0.900412,4
video2.mp4,0.901786,4
video2.mp4,0.902473,4
video2.mp4,0.903159,4
video2.mp4,0.903846,4
video2.mp4,0.90522,4
video2.mp4,0.905907,4
video2.mp4,0.906593,4
video2.mp4,0.90728,4
video2.mp4,0.907967,4
video2.mp4,0.909341,4
video2.mp4,0.910027,4
video2.mp4,0.910714,4
video2.mp4,0.911401,4
video2.mp4,0.912088,4
video2.mp4,0.913462,4
video2.mp4,0.914148,4
video2.mp4,0.914835,4
video2.mp4,0.915522,4
video2.mp4,0.916896,4
video2.mp4,0.917582,4
video2.mp4,0.918269,4
video2.mp4,0.918956,4
video2.mp4,0.919643,4
video2.mp4,0.921016,4
video2.mp4,0.921703,4
video2.mp4,0.92239,4
video2.mp4,0.923077,4
video2.mp4,0.923764,4
video2.mp4,0.925137,4
video2.mp4,0.925824,4
video2.mp4,0.926511,4
video2.mp4,0.927198,4
video2.mp4,0.928571,4
video2.mp4,0.929258,4
video2.mp4,0.929945,4
video2.mp4,0.930632,4
video2.mp4,0.931319,4
video2.mp4,0.932692,4
video2.mp4,0.933379,4
video2.mp4,0.934066,4
video2.mp4,0.934753,4
video2.mp4,0.93544,4
video2.mp4,0.936813,4
video2.mp4,0.9375,4
video2.mp4,0.938187,4
video2.mp4,0.938874,4
video2.mp4,0.940247,4
video2.mp4,0.940934,4
video2.mp4,0.941621,4
video2.mp4,0.942308,4
video2.mp4,0.942995,4
video2.mp4,0.944368,4
video2.mp4,0.945055,4
video2.mp4,0.945742,4
video2.mp4,0.946429,4
video2.mp4,0.947115,4
video2.mp4,0.948489,4
video2.mp4,0.949176,4
video2.mp4,0.949863,4
video2.mp4,0.950549,4
video2.mp4,0.951923,4
video2.mp4,0.95261,4
video2.mp4,0.953297,4
video2.mp4,0.953984,4
video2.mp4,0.95467,4
video2.mp4,0.956044,4
video2.mp4,0.956731,4
video2.mp4,0.957418,4
video2.mp4,0.958104,4
video2.mp4,0.958791,4
video2.mp4,0.960165,4
video2.mp4,0.960852,4
video2.mp4,0.961538,4
video2.mp4,0.962225,4
video2.mp4,0.963599,4
video2.mp4,0.964286,4
video2.mp4,0.964973,4
video2.mp4,0.965659,4
video2.mp4,0.966346,4
video2.mp4,0.96772,4
video2.mp4,0.968407,4
video2.mp4,0.969093,4
video2.mp4,0.96978,4
video2.mp4,0.970467,4
video2.mp4,0.971841,4
video2.mp4,0.972527,4
video2.mp4,0.973214,4
video2.mp4,0.973901,4
video2.mp4,0.975275,4
video2.mp4,0.975962,4
video2.mp4,0.976648,4
video2.mp4,0.977335,4
video2.mp4,0.978022,4
video2.mp4,0.979396,4
video2.mp4,0.980082,4
video2.mp4,0.980769,4
video2.mp4,0.981456,4
video2.mp4,0.982143,4
video2.mp4,0.983516,4
video2.mp4,0.984203,4
video2.mp4,0.98489,4
video2.mp4,0.985577,4
video2.mp4,0.986951,4
video2.mp4,0.987637,4
video2.mp4,0.988324,4
video2.mp4,0.989011,4
video2.mp4,0.989698,4
video2.mp4,0.991071,4
video2.mp4,0.991758,4
video2.mp4,0.992445,4
video2.mp4,0.993132,4
video2.mp4,0.993819,4
video2.mp4,0.995192,4
video2.mp4,0.995879,4
video2.mp4,0.996566,4
video2.mp4,0.997253,4
video2.mp4,0.998626,4
video2.mp4,0.999313,4
video2.mp4,1.0,4
video3.mp4,0.0,0
video3.mp4,0.001017,0
video3.mp4,0.001526,0
video3.mp4,0.002543,0
video3.mp4,0.003561,0
video3.mp4,0.004069,0
video3.mp4,0.005086,0
video3.mp4,0.005595,0
video3.mp4,0.006612,0
video3.mp4,0.00763,0
video3.mp4,0.008138,0
video3.mp4,0.009156,0
video3.mp4,0.010173,0
video3.mp4,0.010682,0
video3.mp4,0.011699,0
video3.mp4,0.012716,0
video3.mp4,0.013225,0
video3.mp4,0.014242,0
video3.mp4,0.015259,0
video3.mp4,0.015768,0
video3.mp4,0.016785,0
video3.mp4,0.017294,0
video3.mp4,0.018311,0
video3.mp4,0.019329,0
video3.mp4,0.019837,0
video3.mp4,0.020855,0
video3.mp4,0.021872,0
video3.mp4,0.02238,0
video3.mp4,0.023398,0
video3.mp4,0.024415,0
video3.mp4,0.024924,0
video3.mp4,0.025941,0
video3.mp4,0.02645,0
video3.mp4,0.027467,0
video3.mp4,0.028484,0
video3.mp4,0.028993,0
video3.mp4,0.03001,0
video3.mp4,0.031027,0
video3.mp4,0.031536,0
video3.mp4,0.032553,0
video3.mp4,0.033571,0
video3.mp4,0.034079,0
video3.mp4,0.035097,0
video3.mp4,0.036114,0
video3.mp4,0.036623,0
video3.mp4,0.03764,0
video3.mp4,0.038149,0
video3.mp4,0.039166,0
video3.mp4,0.040183,0
video3.mp4,0.040692,0
video3.mp4,0.041709,0
video3.mp4,0.042726,0
video3.mp4,0.043235,0
video3.mp4,0.044252,0
video3.mp4,0.04527,0
video3.mp4,0.045778,0
video3.mp4,0.046796,0
video3.mp4,0.047304,0
video3.mp4,0.048321,0
video3.mp4,0.049339,0
video3.mp4,0.049847,0
video3.mp4,0.050865,0
video3.mp4,0.051882,0
video3.mp4,0.052391,0
video3.mp4,0.053408,0
video3.mp4,0.054425,0
video3.mp4,0.054934,0
video3.mp4,0.055951,0
video3.mp4,0.05646,0
video3.mp4,0.057477,0
video3.mp4,0.058494,0
video3.mp4,0.059003,0
video3.mp4,0.06002,0
video3.mp4,0.061038,0
video3.mp4,0.061546,0
video3.mp4,0.062564,0
video3.mp4,0.063581,0
video3.mp4,0.06409,0
video3.mp4,0.065107,0
video3.mp4,0.066124,0
video3.mp4,0.066633,0
video3.mp4,0.06765,0
video3.mp4,0.068159,0
video3.mp4,0.069176,0
video3.mp4,0.070193,0
video3.mp4,0.070702,0
video3.mp4,0.071719,0
video3.mp4,0.072737,0
video3.mp4,0.073245,0
video3.mp4,0.074262,0
video3.mp4,0.07528,0
video3.mp4,0.075788,0
video3.mp4,0.076806,0
video3.mp4,0.077314,0
video3.mp4,0.078332,0
video3.mp4,0.079349,0
video3.mp4,0.079858,0
video3.mp4,0.080875,0
video3.mp4,0.081892,0
video3.mp4,0.082401,0
video3.mp4,0.083418,0
video3.mp4,0.084435,0
video3.mp4,0.084944,0
video3.mp4,0.085961,0
video3.mp4,0.086979,0
video3.mp4,0.087487,0
video3.mp4,0.088505,0
video3.mp4,0.089013,0
video3.mp4,0.090031,0
video3.mp4,0.091048,0
video3.mp4,0.091556,0
video3.mp4,0.092574,0
video3.mp4,0.093591,0
video3.mp4,0.0941,0
video3.mp4,0.095117,0
video3.mp4,0.096134,0
video3.mp4,0.096643,0
video3.mp4,0.09766,0
video3.mp4,0.098169,0
video3.mp4,0.099186,0
video3.mp4,0.100203,0
video3.mp4,0.100712,0
video3.mp4,0.101729,0
video3.mp4,0.102747,0
video3.mp4,0.103255,0
video3.mp4,0.104273,0
video3.mp4,0.10529,0
video3.mp4,0.105799,0
video3.mp4,0.106816,0
video3.mp4,0.107833,0
video3.mp4,0.108342,0
video3.mp4,0.109359,0
video3.mp4,0.109868,0
video3.mp4,0.110885,0
video3.mp4,0.111902,0
video3.mp4,0.112411,0
video3.mp4,0.113428,0
video3.mp4,0.114446,0
video3.mp4,0.114954,0
video3.mp4,0.115972,0
video3.mp4,0.116989,0
video3.mp4,0.117497,0
video3.mp4,0.118515,0
video3.mp4,0.119023,0
video3.mp4,0.120041,0
video3.mp4,0.121058,0
video3.mp4,0.121567,0
video3.mp4,0.122584,0
video3.mp4,0.123601,0
video3.mp4,0.12411,0
video3.mp4,0.125127,0
video3.mp4,0.126144,0
video3.mp4,0.126653,0
video3.mp4,0.12767,0
video3.mp4,0.128688,0
video3.mp4,0.129196,0
video3.mp4,0.130214,0
video3.mp4,0.130722,0
video3.mp4,0.13174,0
video3.mp4,0.132757,0
video3.mp4,0.133266,0
video3.mp4,0.134283,0
video3.mp4,0.1353,0
video3.mp4,0.135809,0
video3.mp4,0.136826,0
video3.mp4,0.137843,0
video3.mp4,0.138352,0
video3.mp4,0.139369,0
video3.mp4,0.139878,0
video3.mp4,0.140895,0
video3.mp4,0.141913,0
video3.mp4,0.142421,0
video3.mp4,0.143438,0
video3.mp4,0.144456,0
video3.mp4,0.144964,0
video3.mp4,0.145982,0
video3.mp4,0.146999,0
video3.mp4,0.147508,0
video3.mp4,0.148525,0
video3.mp4,0.149542,0
video3.mp4,0.150051,1
video3.mp4,0.151068,1
video3.mp4,0.151577,1
video3.mp4,0.152594,1
video3.mp4,0.153611,1
video3.mp4,0.15412,1
video3.mp4,0.155137,1
video3.mp4,0.156155,1
video3.mp4,0.156663,1
video3.mp4,0.157681,1
video3.mp4,0.158698,1
video3.mp4,0.159207,1
video3.mp4,0.160224,1
video3.mp4,0.160732,1
video3.mp4,0.16175,1
video3.mp4,0.162767,1
video3.mp4,0.163276,1
video3.mp4,0.164293,1
video3.mp4,0.16531,1
video3.mp4,0.165819,1
video3.mp4,0.166836,1
video3.mp4,0.167854,1
video3.mp4,0.168362,1
video3.mp4,0.169379,1
video3.mp4,0.169888,1
video3.mp4,0.170905,1
video3.mp4,0.171923,1
video3.mp4,0.172431,1
video3.mp4,0.173449,1
video3.mp4,0.174466,1
video3.mp4,0.174975,1
video3.mp4,0.175992,1
video3.mp4,0.177009,1
video3.mp4,0.177518,1
video3.mp4,0.178535,1
video3.mp4,0.179552,1
video3.mp4,0.180061,1
video3.mp4,0.181078,1
video3.mp4,0.181587,1
video3.mp4,0.182604,1
video3.mp4,0.183622,1
video3.mp4,0.18413,1
video3.mp4,0.185148,1
video3.mp4,0.186165,1
video3.mp4,0.186673,1
video3.mp4,0.187691,1
video3.mp4,0.188708,1
video3.mp4,0.189217,1
video3.mp4,0.190234,1
video3.mp4,0.190743,1
video3.mp4,0.19176,1
video3.mp4,0.192777,1
video3.mp4,0.193286,1
video3.mp4,0.194303,1
video3.mp4,0.19532,1
video3.mp4,0.195829,1
video3.mp4,0.196846,1
video3.mp4,0.197864,1
video3.mp4,0.198372,1
video3.mp4,0.19939,1
video3.mp4,0.200407,1
video3.mp4,0.200916,1
video3.mp4,0.201933,1
video3.mp4,0.202442,1
video3.mp4,0.203459,1
video3.mp4,0.204476,1
video3.mp4,0.204985,1
video3.mp4,0.206002,1
video3.mp4,0.207019,1
video3.mp4,0.207528,1
video3.mp4,0.208545,1
video3.mp4,0.209563,1
video3.mp4,0.210071,1
video3.mp4,0.211089,1
video3.mp4,0.211597,1
video3.mp4,0.212614,1
video3.mp4,0.213632,1
video3.mp4,0.21414,1
video3.mp4,0.215158,1
video3.mp4,0.216175,1
video3.mp4,0.216684,1
video3.mp4,0.217701,1
video3.mp4,0.218718,1
video3.mp4,0.219227,1
video3.mp4,0.220244,1
video3.mp4,0.221261,1
video3.mp4,0.22177,1
video3.mp4,0.222787,1
video3.mp4,0.223296,1
video3.mp4,0.224313,1
video3.mp4,0.225331,1
video3.mp4,0.225839,1
video3.mp4,0.226857,1
video3.mp4,0.227874,1
video3.mp4,0.228383,1
video3.mp4,0.2294,1
video3.mp4,0.230417,1
video3.mp4,0.230926,1
video3.mp4,0.231943,1
video3.mp4,0.232452,1
video3.mp4,0.233469,1
video3.mp4,0.234486,1
video3.mp4,0.234995,1
video3.mp4,0.236012,1
video3.mp4,0.23703,1
video3.mp4,0.237538,1
video3.mp4,0.238555,1
video3.mp4,0.239573,1
video3.mp4,0.240081,1
video3.mp4,0.241099,1
video3.mp4,0.242116,1
video3.mp4,0.242625,1
video3.mp4,0.243642,1
video3.mp4,0.244151,1
video3.mp4,0.245168,1
video3.mp4,0.246185,1
video3.mp4,0.246694,1
video3.mp4,0.247711,1
video3.mp4,0.248728,1
video3.mp4,0.249237,1
video3.mp4,0.250254,1
video3.mp4,0.251272,1
video3.mp4,0.25178,1
video3.mp4,0.252798,1
video3.mp4,0.253306,1
video3.mp4,0.254323,1
video3.mp4,0.255341,1
video3.mp4,0.255849,1
video3.mp4,0.256867,1
video3.mp4,0.257884,1
video3.mp4,0.258393,1
video3.mp4,0.25941,1
video3.mp4,0.260427,1
video3.mp4,0.260936,1
video3.mp4,0.261953,1
video3.mp4,0.26297,1
video3.mp4,0.263479,1
video3.mp4,0.264496,1
video3.mp4,0.265005,1
video3.mp4,0.266022,1
video3.mp4,0.26704,1
video3.mp4,0.267548,1
video3.mp4,0.268566,1
video3.mp4,0.269583,1
video3.mp4,0.270092,1
video3.mp4,0.271109,1
video3.mp4,0.272126,1
video3.mp4,0.272635,1
video3.mp4,0.273652,1
video3.mp4,0.274161,1
video3.mp4,0.275178,1
video3.mp4,0.276195,1
video3.mp4,0.276704,1
video3.mp4,0.277721,1
video3.mp4,0.278739,1
video3.mp4,0.279247,1
video3.mp4,0.280264,1
video3.mp4,0.281282,1
video3.mp4,0.28179,1
video3.mp4,0.282808,1
video3.mp4,0.283316,1
video3.mp4,0.284334,1
video3.mp4,0.285351,1
video3.mp4,0.28586,1
video3.mp4,0.286877,1
video3.mp4,0.287894,1
video3.mp4,0.288403,1
video3.mp4,0.28942,1
video3.mp4,0.290437,1
video3.mp4,0.290946,1
video3.mp4,0.291963,1
video3.mp4,0.292981,1
video3.mp4,0.293489,1
video3.mp4,0.294507,1
video3.mp4,0.295015,1
video3.mp4,0.296033,1
video3.mp4,0.29705,1
video3.mp4,0.297558,1
video3.mp4,0.298576,1
video3.mp4,0.299593,1
video3.mp4,0.300102,2
video3.mp4,0.301119,2
video3.mp4,0.302136,2
video3.mp4,0.302645,2
video3.mp4,0.303662,2
video3.mp4,0.304171,2
video3.mp4,0.305188,2
video3.mp4,0.306205,2
video3.mp4,0.306714,2
video3.mp4,0.307731,2
video3.mp4,0.308749,2
video3.mp4,0.309257,2
video3.mp4,0.310275,2
video3.mp4,0.311292,2
video3.mp4,0.311801,2
video3.mp4,0.312818,2
video3.mp4,0.313835,2
video3.mp4,0.314344,2
video3.mp4,0.315361,2
video3.mp4,0.31587,2
video3.mp4,0.316887,2
video3.mp4,0.317904,2
video3.mp4,0.318413,2
video3.mp4,0.31943,2
video3.mp4,0.320448,2
video3.mp4,0.320956,2
video3.mp4,0.321974,2
video3.mp4,0.322991,2
video3.mp4,0.323499,2
video3.mp4,0.324517,2
video3.mp4,0.325025,2
video3.mp4,0.326043,2
video3.mp4,0.32706,2
video3.mp4,0.327569,2
video3.mp4,0.328586,2
video3.mp4,0.329603,2
video3.mp4,0.330112,2
video3.mp4,0.331129,2
video3.mp4,0.332146,2
video3.mp4,0.332655,2
video3.mp4,0.333672,2
video3.mp4,0.33469,2
video3.mp4,0.335198,2
video3.mp4,0.336216,2
video3.mp4,0.336724,2
video3.mp4,0.337742,2
video3.mp4,0.338759,2
video3.mp4,0.339268,2
video3.mp4,0.340285,2
video3.mp4,0.341302,2
video3.mp4,0.341811,2
video3.mp4,0.342828,2
video3.mp4,0.343845,2
video3.mp4,0.344354,2
video3.mp4,0.345371,2
video3.mp4,0.34588,2
video3.mp4,0.346897,2
video3.mp4,0.347915,2
video3.mp4,0.348423,2
video3.mp4,0.34944,2
video3.mp4,0.350458,2
video3.mp4,0.350966,2
video3.mp4,0.351984,2
video3.mp4,0.353001,2
video3.mp4,0.35351,2
video3.mp4,0.354527,2
video3.mp4,0.355544,2
video3.mp4,0.356053,2
video3.mp4,0.35707,2
video3.mp4,0.357579,2
video3.mp4,0.358596,2
video3.mp4,0.359613,2
video3.mp4,0.360122,2
video3.mp4,0.361139,2
video3.mp4,0.362157,2
video3.mp4,0.362665,2
video3.mp4,0.363683,2
video3.mp4,0.3647,2
video3.mp4,0.365209,2
video3.mp4,0.366226,2
video3.mp4,0.366734,2
video3.mp4,0.367752,2
video3.mp4,0.368769,2
video3.mp4,0.369278,2
video3.mp4,0.370295,2
video3.mp4,0.371312,2
video3.mp4,0.371821,2
video3.mp4,0.372838,2
video3.mp4,0.373856,2
video3.mp4,0.374364,2
video3.mp4,0.375381,2
video3.mp4,0.376399,2
video3.mp4,0.376907,2
video3.mp4,0.377925,2
video3.mp4,0.378433,2
video3.mp4,0.379451,2
video3.mp4,0.380468,2
video3.mp4,0.380977,2
video3.mp4,0.381994,2
video3.mp4,0.383011,2
video3.mp4,0.38352,2
video3.mp4,0.384537,2
video3.mp4,0.385554,2
video3.mp4,0.386063,2
video3.mp4,0.38708,2
video3.mp4,0.387589,2
video3.mp4,0.388606,2
video3.mp4,0.389624,2
video3.mp4,0.390132,2
video3.mp4,0.39115,2
video3.mp4,0.392167,2
video3.mp4,0.392675,2
video3.mp4,0.393693,2
video3.mp4,0.39471,2
video3.mp4,0.395219,2
video3.mp4,0.396236,2
video3.mp4,0.396745,2
video3.mp4,0.397762,2
video3.mp4,0.398779,2
video3.mp4,0.399288,2
video3.mp4,0.400305,2
video3.mp4,0.401322,2
video3.mp4,0.401831,2
video3.mp4,0.402848,2
video3.mp4,0.403866,2
video3.mp4,0.404374,2
video3.mp4,0.405392,2
video3.mp4,0.406409,2
video3.mp4,0.406918,2
video3.mp4,0.407935,2
video3.mp4,0.408444,2
video3.mp4,0.409461,2
video3.mp4,0.410478,2
video3.mp4,0.410987,2
video3.mp4,0.412004,2
video3.mp4,0.413021,2
video3.mp4,0.41353,2
video3.mp4,0.414547,2
video3.mp4,0.415565,2
video3.mp4,0.416073,2
video3.mp4,0.417091,2
video3.mp4,0.417599,2
video3.mp4,0.418616,2
video3.mp4,0.419634,2
video3.mp4,0.420142,2
video3.mp4,0.42116,2
video3.mp4,0.422177,2
video3.mp4,0.422686,2
video3.mp4,0.423703,2
video3.mp4,0.42472,2
video3.mp4,0.425229,2
video3.mp4,0.426246,2
video3.mp4,0.427263,2
video3.mp4,0.427772,2
video3.mp4,0.428789,2
video3.mp4,0.429298,2
video3.mp4,0.430315,2
video3.mp4,0.431333,2
video3.mp4,0.431841,2
video3.mp4,0.432859,2
video3.mp4,0.433876,2
video3.mp4,0.434385,2
video3.mp4,0.435402,2
video3.mp4,0.436419,2
video3.mp4,0.436928,2
video3.mp4,0.437945,2
video3.mp4,0.438454,2
video3.mp4,0.439471,2
video3.mp4,0.440488,2
video3.mp4,0.440997,2
video3.mp4,0.442014,2
video3.mp4,0.443032,2
video3.mp4,0.44354,2
video3.mp4,0.444557,2
video3.mp4,0.445575,2
video3.mp4,0.446083,2
video3.mp4,0.447101,2
video3.mp4,0.448118,2
video3.mp4,0.448627,2
video3.mp4,0.449644,2
video3.mp4,0.450153,2
video3.mp4,0.45117,2
video3.mp4,0.452187,2
video3.mp4,0.452696,2
video3.mp4,0.453713,2
video3.mp4,0.45473,2
video3.mp4,0.455239,2
video3.mp4,0.456256,2
video3.mp4,0.457274,2
video3.mp4,0.457782,2
video3.mp4,0.4588,2
video3.mp4,0.459308,2
video3.mp4,0.460326,2
video3.mp4,0.461343,2
video3.mp4,0.461851,2
video3.mp4,0.462869,2
video3.mp4,0.463886,2
video3.mp4,0.464395,2
video3.mp4,0.465412,2
video3.mp4,0.466429,2
video3.mp4,0.466938,2
video3.mp4,0.467955,2
video3.mp4,0.468973,2
video3.mp4,0.469481,2
video3.mp4,0.470498,2
video3.mp4,0.471007,2
video3.mp4,0.472024,2
video3.mp4,0.473042,2
video3.mp4,0.47355,2
video3.mp4,0.474568,2
video3.mp4,0.475585,2
video3.mp4,0.476094,2
video3.mp4,0.477111,2
video3.mp4,0.478128,2
video3.mp4,0.478637,2
video3.mp4,0.479654,2
video3.mp4,0.480163,2
video3.mp4,0.48118,2
video3.mp4,0.482197,2
video3.mp4,0.482706,2
video3.mp4,0.483723,2
video3.mp4,0.484741,2
video3.mp4,0.485249,2
video3.mp4,0.486267,2
video3.mp4,0.487284,2
video3.mp4,0.487792,2
video3.mp4,0.48881,2
video3.mp4,0.489827,2
video3.mp4,0.490336,2
video3.mp4,0.491353,2
video3.mp4,0.491862,2
video3.mp4,0.492879,2
video3.mp4,0.493896,2
video3.mp4,0.494405,2
video3.mp4,0.495422,2
video3.mp4,0.496439,2
video3.mp4,0.496948,2
video3.mp4,0.497965,2
video3.mp4,0.498983,2
video3.mp4,0.499491,2
video3.mp4,0.500509,2
video3.mp4,0.501017,2
video3.mp4,0.502035,2
video3.mp4,0.503052,2
video3.mp4,0.503561,2
video3.mp4,0.504578,2
video3.mp4,0.505595,2
video3.mp4,0.506104,2
video3.mp4,0.507121,2
video3.mp4,0.508138,2
video3.mp4,0.508647,2
video3.mp4,0.509664,2
video3.mp4,0.510173,2
video3.mp4,0.51119,2
video3.mp4,0.512208,2
video3.mp4,0.512716,2
video3.mp4,0.513733,2
video3.mp4,0.514751,2
video3.mp4,0.515259,2
video3.mp4,0.516277,2
video3.mp4,0.517294,2
video3.mp4,0.517803,2
video3.mp4,0.51882,2
video3.mp4,0.519837,2
video3.mp4,0.520346,2
video3.mp4,0.521363,2
video3.mp4,0.521872,2
video3.mp4,0.522889,2
video3.mp4,0.523906,2
video3.mp4,0.524415,2
video3.mp4,0.525432,2
video3.mp4,0.52645,2
video3.mp4,0.526958,2
video3.mp4,0.527976,2
video3.mp4,0.528993,2
video3.mp4,0.529502,2
video3.mp4,0.530519,2
video3.mp4,0.531027,2
video3.mp4,0.532045,2
video3.mp4,0.533062,2
video3.mp4,0.533571,2
video3.mp4,0.534588,2
video3.mp4,0.535605,2
video3.mp4,0.536114,2
video3.mp4,0.537131,2
video3.mp4,0.538149,2
video3.mp4,0.538657,2
video3.mp4,0.539674,2
video3.mp4,0.540692,2
video3.mp4,0.5412,2
video3.mp4,0.542218,2
video3.mp4,0.542726,2
video3.mp4,0.543744,2
video3.mp4,0.544761,2
video3.mp4,0.54527,2
video3.mp4,0.546287,2
video3.mp4,0.547304,2
video3.mp4,0.547813,2
video3.mp4,0.54883,2
video3.mp4,0.549847,2
video3.mp4,0.550356,2
video3.mp4,0.551373,2
video3.mp4,0.551882,2
video3.mp4,0.552899,2
video3.mp4,0.553917,2
video3.mp4,0.554425,2
video3.mp4,0.555443,2
video3.mp4,0.55646,2
video3.mp4,0.556968,2
video3.mp4,0.557986,2
video3.mp4,0.559003,2
video3.mp4,0.559512,2
video3.mp4,0.560529,2
video3.mp4,0.561546,2
video3.mp4,0.562055,2
video3.mp4,0.563072,2
video3.mp4,0.563581,2
video3.mp4,0.564598,2
video3.mp4,0.565615,2
video3.mp4,0.566124,2
video3.mp4,0.567141,2
video3.mp4,0.568159,2
video3.mp4,0.568667,2
video3.mp4,0.569685,2
video3.mp4,0.570702,2
video3.mp4,0.571211,2
video3.mp4,0.572228,2
video3.mp4,0.572737,2
video3.mp4,0.573754,2
video3.mp4,0.574771,2
video3.mp4,0.57528,2
video3.mp4,0.576297,2
video3.mp4,0.577314,2
video3.mp4,0.577823,2
video3.mp4,0.57884,2
video3.mp4,0.579858,2
video3.mp4,0.580366,2
video3.mp4,0.581384,2
video3.mp4,0.582401,2
video3.mp4,0.582909,2
video3.mp4,0.583927,2
video3.mp4,0.584435,2
video3.mp4,0.585453,2
video3.mp4,0.58647,2
video3.mp4,0.586979,2
video3.mp4,0.587996,2
video3.mp4,0.589013,2
video3.mp4,0.589522,2
video3.mp4,0.590539,2
video3.mp4,0.591556,2
video3.mp4,0.592065,2
video3.mp4,0.593082,2
video3.mp4,0.593591,2
video3.mp4,0.594608,2
video3.mp4,0.595626,2
video3.mp4,0.596134,2
video3.mp4,0.597152,2
video3.mp4,0.598169,2
video3.mp4,0.598678,2
video3.mp4,0.599695,2
video3.mp4,0.600712,2
video3.mp4,0.601221,2
video3.mp4,0.602238,2
video3.mp4,0.603255,2
video3.mp4,0.603764,2
video3.mp4,0.604781,2
video3.mp4,0.60529,2
video3.mp4,0.606307,2
video3.mp4,0.607325,2
video3.mp4,0.607833,2
video3.mp4,0.60885,2
video3.mp4,0.609868,2
video3.mp4,0.610376,2
video3.mp4,0.611394,2
video3.mp4,0.612411,2
video3.mp4,0.61292,2
video3.mp4,0.613937,2
video3.mp4,0.614446,2
video3.mp4,0.615463,2
video3.mp4,0.61648,2
video3.mp4,0.616989,2
video3.mp4,0.618006,2
video3.mp4,0.619023,2
video3.mp4,0.619532,2
video3.mp4,0.620549,2
video3.mp4,0.621567,2
video3.mp4,0.622075,2
video3.mp4,0.623093,2
video3.mp4,0.623601,2
video3.mp4,0.624619,2
video3.mp4,0.625636,2
video3.mp4,0.626144,2
video3.mp4,0.627162,2
video3.mp4,0.628179,2
video3.mp4,0.628688,2
video3.mp4,0.629705,2
video3.mp4,0.630722,2
video3.mp4,0.631231,2
video3.mp4,0.632248,2
video3.mp4,0.633266,2
video3.mp4,0.633774,2
video3.mp4,0.634791,2
video3.mp4,0.6353,2
video3.mp4,0.636317,2
video3.mp4,0.637335,2
video3.mp4,0.637843,2
video3.mp4,0.638861,2
video3.mp4,0.639878,2
video3.mp4,0.640387,2
video3.mp4,0.641404,2
video3.mp4,0.642421,2
video3.mp4,0.64293,2
video3.mp4,0.643947,2
video3.mp4,0.644456,2
video3.mp4,0.645473,2
video3.mp4,0.64649,2
video3.mp4,0.646999,2
video3.mp4,0.648016,2
video3.mp4,0.649034,2
video3.mp4,0.649542,2
video3.mp4,0.65056,3
video3.mp4,0.651577,3
video3.mp4,0.652085,3
video3.mp4,0.653103,3
video3.mp4,0.65412,3
video3.mp4,0.654629,3
video3.mp4,0.655646,3
video3.mp4,0.656155,3
video3.mp4,0.657172,3
video3.mp4,0.658189,3
video3.mp4,0.658698,3
video3.mp4,0.659715,3
video3.mp4,0.660732,3
video3.mp4,0.661241,3
video3.mp4,0.662258,3
video3.mp4,0.663276,3
video3.mp4,0.663784,3
video3.mp4,0.664802,3
video3.mp4,0.66531,3
video3.mp4,0.666328,3
video3.mp4,0.667345,3
video3.mp4,0.667854,3
video3.mp4,0.668871,3
video3.mp4,0.669888,3
video3.mp4,0.670397,3
video3.mp4,0.671414,3
video3.mp4,0.672431,3
video3.mp4,0.67294,3
video3.mp4,0.673957,3
video3.mp4,0.674975,3
video3.mp4,0.675483,3
video3.mp4,0.676501,3
video3.mp4,0.677009,3
video3.mp4,0.678026,3
video3.mp4,0.679044,3
video3.mp4,0.679552,3
video3.mp4,0.68057,3
video3.mp4,0.681587,3
video3.mp4,0.682096,3
video3.mp4,0.683113,3
video3.mp4,0.68413,3
video3.mp4,0.684639,3
video3.mp4,0.685656,3
video3.mp4,0.686165,3
video3.mp4,0.687182,3
video3.mp4,0.688199,3
video3.mp4,0.688708,3
video3.mp4,0.689725,3
video3.mp4,0.690743,3
video3.mp4,0.691251,3
video3.mp4,0.692269,3
video3.mp4,0.693286,3
video3.mp4,0.693795,3
video3.mp4,0.694812,3
video3.mp4,0.695829,3
video3.mp4,0.696338,3
video3.mp4,0.697355,3
video3.mp4,0.697864,3
video3.mp4,0.698881,3
video3.mp4,0.699898,3
video3.mp4,0.700407,3
video3.mp4,0.701424,3
video3.mp4,0.702442,3
video3.mp4,0.70295,3
video3.mp4,0.703967,3
video3.mp4,0.704985,3
video3.mp4,0.705493,3
video3.mp4,0.706511,3
video3.mp4,0.707019,3
video3.mp4,0.708037,3
video3.mp4,0.709054,3
video3.mp4,0.709563,3
video3.mp4,0.71058,3
video3.mp4,0.711597,3
video3.mp4,0.712106,3
video3.mp4,0.713123,3
video3.mp4,0.71414,3
video3.mp4,0.714649,3
video3.mp4,0.715666,3
video3.mp4,0.716684,3
video3.mp4,0.717192,3
video3.mp4,0.71821,3
video3.mp4,0.718718,3
video3.mp4,0.719736,3
video3.mp4,0.720753,3
video3.mp4,0.721261,3
video3.mp4,0.722279,3
video3.mp4,0.723296,3
video3.mp4,0.723805,3
video3.mp4,0.724822,3
video3.mp4,0.725839,3
video3.mp4,0.726348,3
video3.mp4,0.727365,3
video3.mp4,0.727874,3
video3.mp4,0.728891,3
video3.mp4,0.729908,3
video3.mp4,0.730417,3
video3.mp4,0.731434,3
video3.mp4,0.732452,3
video3.mp4,0.73296,3
video3.mp4,0.733978,3
video3.mp4,0.734995,3
video3.mp4,0.735504,3
video3.mp4,0.736521,3
video3.mp4,0.73703,3
video3.mp4,0.738047,3
video3.mp4,0.739064,3
video3.mp4,0.739573,3
video3.mp4,0.74059,3
video3.mp4,0.741607,3
video3.mp4,0.742116,3
video3.mp4,0.743133,3
video3.mp4,0.744151,3
video3.mp4,0.744659,3
video3.mp4,0.745677,3
video3.mp4,0.746694,3
video3.mp4,0.747202,3
video3.mp4,0.74822,3
video3.mp4,0.748728,3
video3.mp4,0.749746,3
video3.mp4,0.750763,3
video3.mp4,0.751272,3
video3.mp4,0.752289,3
video3.mp4,0.753306,3
video3.mp4,0.753815,3
video3.mp4,0.754832,3
video3.mp4,0.755849,3
video3.mp4,0.756358,3
video3.mp4,0.757375,3
video3.mp4,0.757884,3
video3.mp4,0.758901,3
video3.mp4,0.759919,3
video3.mp4,0.760427,3
video3.mp4,0.761445,3
video3.mp4,0.762462,3
video3.mp4,0.76297,3
video3.mp4,0.763988,3
video3.mp4,0.765005,3
video3.mp4,0.765514,3
video3.mp4,0.766531,3
video3.mp4,0.767548,3
video3.mp4,0.768057,3
video3.mp4,0.769074,3
video3.mp4,0.769583,3
video3.mp4,0.7706,3
video3.mp4,0.771617,3
video3.mp4,0.772126,3
video3.mp4,0.773143,3
video3.mp4,0.774161,3
video3.mp4,0.774669,3
video3.mp4,0.775687,3
video3.mp4,0.776704,3
video3.mp4,0.777213,3
video3.mp4,0.77823,3
video3.mp4,0.778739,3
video3.mp4,0.779756,3
video3.mp4,0.780773,3
video3.mp4,0.781282,3
video3.mp4,0.782299,3
video3.mp4,0.783316,3
video3.mp4,0.783825,3
video3.mp4,0.784842,3
video3.mp4,0.78586,3
video3.mp4,0.786368,3
video3.mp4,0.787386,3
video3.mp4,0.788403,3
video3.mp4,0.788911,3
video3.mp4,0.789929,3
video3.mp4,0.790437,3
video3.mp4,0.791455,3
video3.mp4,0.792472,3
video3.mp4,0.792981,3
video3.mp4,0.793998,3
video3.mp4,0.795015,3
video3.mp4,0.795524,3
video3.mp4,0.796541,3
video3.mp4,0.797558,3
video3.mp4,0.798067,3
video3.mp4,0.799084,3
video3.mp4,0.799593,3
video3.mp4,0.80061,3
video3.mp4,0.801628,3
video3.mp4,0.802136,3
video3.mp4,0.803154,3
video3.mp4,0.804171,3
video3.mp4,0.80468,3
video3.mp4,0.805697,3
video3.mp4,0.806714,3
video3.mp4,0.807223,3
video3.mp4,0.80824,3
video3.mp4,0.809257,3
video3.mp4,0.809766,3
video3.mp4,0.810783,3
video3.mp4,0.811292,3
video3.mp4,0.812309,3
video3.mp4,0.813327,3
video3.mp4,0.813835,3
video3.mp4,0.814852,3
video3.mp4,0.81587,3
video3.mp4,0.816378,3
video3.mp4,0.817396,3
video3.mp4,0.818413,3
video3.mp4,0.818922,3
video3.mp4,0.819939,3
video3.mp4,0.820448,3
video3.mp4,0.821465,3
video3.mp4,0.822482,3
video3.mp4,0.822991,3
video3.mp4,0.824008,3
video3.mp4,0.825025,3
video3.mp4,0.825534,3
video3.mp4,0.826551,3
video3.mp4,0.827569,3
video3.mp4,0.828077,3
video3.mp4,0.829095,3
video3.mp4,0.830112,3
video3.mp4,0.830621,3
video3.mp4,0.831638,3
video3.mp4,0.832146,3
video3.mp4,0.833164,3
video3.mp4,0.834181,3
video3.mp4,0.83469,3
video3.mp4,0.835707,3
video3.mp4,0.836724,3
video3.mp4,0.837233,3
video3.mp4,0.83825,3
video3.mp4,0.839268,3
video3.mp4,0.839776,3
video3.mp4,0.840793,3
video3.mp4,0.841302,3
video3.mp4,0.842319,3
video3.mp4,0.843337,3
video3.mp4,0.843845,3
video3.mp4,0.844863,3
video3.mp4,0.84588,3
video3.mp4,0.846389,3
video3.mp4,0.847406,3
video3.mp4,0.848423,3
video3.mp4,0.848932,3
video3.mp4,0.849949,3
video3.mp4,0.850458,4
video3.mp4,0.851475,4
video3.mp4,0.852492,4
video3.mp4,0.853001,4
video3.mp4,0.854018,4
video3.mp4,0.855036,4
video3.mp4,0.855544,4
video3.mp4,0.856562,4
video3.mp4,0.857579,4
video3.mp4,0.858087,4
video3.mp4,0.859105,4
video3.mp4,0.860122,4
video3.mp4,0.860631,4
video3.mp4,0.861648,4
video3.mp4,0.862157,4
video3.mp4,0.863174,4
video3.mp4,0.864191,4
video3.mp4,0.8647,4
video3.mp4,0.865717,4
video3.mp4,0.866734,4
video3.mp4,0.867243,4
video3.mp4,0.86826,4
video3.mp4,0.869278,4
video3.mp4,0.869786,4
video3.mp4,0.870804,4
video3.mp4,0.871312,4
video3.mp4,0.87233,4
video3.mp4,0.873347,4
video3.mp4,0.873856,4
video3.mp4,0.874873,4
video3.mp4,0.87589,4
video3.mp4,0.876399,4
video3.mp4,0.877416,4
video3.mp4,0.878433,4
video3.mp4,0.878942,4
video3.mp4,0.879959,4
video3.mp4,0.880977,4
video3.mp4,0.881485,4
video3.mp4,0.882503,4
video3.mp4,0.883011,4
video3.mp4,0.884028,4
video3.mp4,0.885046,4
video3.mp4,0.885554,4
video3.mp4,0.886572,4
video3.mp4,0.887589,4
video3.mp4,0.888098,4
video3.mp4,0.889115,4
video3.mp4,0.890132,4
video3.mp4,0.890641,4
video3.mp4,0.891658,4
video3.mp4,0.892167,4
video3.mp4,0.893184,4
video3.mp4,0.894201,4
video3.mp4,0.89471,4
video3.mp4,0.895727,4
video3.mp4,0.896745,4
video3.mp4,0.897253,4
video3.mp4,0.898271,4
video3.mp4,0.899288,4
video3.mp4,0.899797,4
video3.mp4,0.900814,4
video3.mp4,0.901831,4
video3.mp4,0.90234,4
video3.mp4,0.903357,4
video3.mp4,0.903866,4
video3.mp4,0.904883,4
video3.mp4,0.9059,4
video3.mp4,0.906409,4
video3.mp4,0.907426,4
video3.mp4,0.908444,4
video3.mp4,0.908952,4
video3.mp4,0.909969,4
video3.mp4,0.910987,4
video3.mp4,0.911495,4
video3.mp4,0.912513,4
video3.mp4,0.913021,4
video3.mp4,0.914039,4
video3.mp4,0.915056,4
video3.mp4,0.915565,4
video3.mp4,0.916582,4
video3.mp4,0.917599,4
video3.mp4,0.918108,4
video3.mp4,0.919125,4
video3.mp4,0.920142,4
video3.mp4,0.920651,4
video3.mp4,0.921668,4
video3.mp4,0.922686,4
video3.mp4,0.923194,4
video3.mp4,0.924212,4
video3.mp4,0.92472,4
video3.mp4,0.925738,4
video3.mp4,0.926755,4
video3.mp4,0.927263,4
video3.mp4,0.928281,4
video3.mp4,0.929298,4
video3.mp4,0.929807,4
video3.mp4,0.930824,4
video3.mp4,0.931841,4
video3.mp4,0.93235,4
video3.mp4,0.933367,4
video3.mp4,0.933876,4
video3.mp4,0.934893,4
video3.mp4,0.93591,4
video3.mp4,0.936419,4
video3.mp4,0.937436,4
video3.mp4,0.938454,4
video3.mp4,0.938962,4
video3.mp4,0.93998,4
video3.mp4,0.940997,4
video3.mp4,0.941506,4
video3.mp4,0.942523,4
video3.mp4,0.94354,4
video3.mp4,0.944049,4
video3.mp4,0.945066,4
video3.mp4,0.945575,4
video3.mp4,0.946592,4
video3.mp4,0.947609,4
video3.mp4,0.948118,4
video3.mp4,0.949135,4
video3.mp4,0.950153,4
video3.mp4,0.950661,4
video3.mp4,0.951679,4
video3.mp4,0.952696,4
video3.mp4,0.953204,4
video3.mp4,0.954222,4
video3.mp4,0.95473,4
video3.mp4,0.955748,4
video3.mp4,0.956765,4
video3.mp4,0.957274,4
video3.mp4,0.958291,4
video3.mp4,0.959308,4
video3.mp4,0.959817,4
video3.mp4,0.960834,4
video3.mp4,0.961851,4
video3.mp4,0.96236,4
video3.mp4,0.963377,4
video3.mp4,0.963886,4
video3.mp4,0.964903,4
video3.mp4,0.965921,4
video3.mp4,0.966429,4
video3.mp4,0.967447,4
video3.mp4,0.968464,4
video3.mp4,0.968973,4
video3.mp4,0.96999,4
video3.mp4,0.971007,4
video3.mp4,0.971516,4
video3.mp4,0.972533,4
video3.mp4,0.97355,4
video3.mp4,0.974059,4
video3.mp4,0.975076,4
video3.mp4,0.975585,4
video3.mp4,0.976602,4
video3.mp4,0.97762,4
video3.mp4,0.978128,4
video3.mp4,0.979145,4
video3.mp4,0.980163,4
video3.mp4,0.980671,4
video3.mp4,0.981689,4
video3.mp4,0.982706,4
video3.mp4,0.983215,4
video3.mp4,0.984232,4
video3.mp4,0.984741,4
video3.mp4,0.985758,4
video3.mp4,0.986775,4
video3.mp4,0.987284,4
video3.mp4,0.988301,4
video3.mp4,0.989318,4
video3.mp4,0.989827,4
video3.mp4,0.990844,4
video3.mp4,0.991862,4
video3.mp4,0.99237,4
video3.mp4,0.993388,4
video3.mp4,0.994405,4
video3.mp4,0.994914,4
video3.mp4,0.995931,4
video3.mp4,0.996439,4
video3.mp4,0.997457,4
video3.mp4,0.998474,4
video3.mp4,0.998983,4
video3.mp4,1.0,4
video4.mp4,0.0,0
video4.mp4,0.000917,0
video4.mp4,0.001833,0
video4.mp4,0.00275,0
video4.mp4,0.003666,0
video4.mp4,0.004583,0
video4.mp4,0.0055,0
video4.mp4,0.006416,0
video4.mp4,0.007333,0
video4.mp4,0.008249,0
video4.mp4,0.009166,0
video4.mp4,0.010082,0
video4.mp4,0.010999,0
video4.mp4,0.011916,0
video4.mp4,0.012832,0
video4.mp4,0.013749,0
video4.mp4,0.014665,0
video4.mp4,0.015582,0
video4.mp4,0.016499,0
video4.mp4,0.017415,0
video4.mp4,0.018332,0
video4.mp4,0.019248,0
video4.mp4,0.020165,0
video4.mp4,0.021082,0
video4.mp4,0.021998,0
video4.mp4,0.022915,0
video4.mp4,0.023831,0
video4.mp4,0.024748,0
video4.mp4,0.025665,0
video4.mp4,0.026581,0
video4.mp4,0.027498,0
video4.mp4,0.028414,0
video4.mp4,0.029331,0
video4.mp4,0.030247,0
video4.mp4,0.031164,0
video4.mp4,0.032081,0
video4.mp4,0.032997,0
video4.mp4,0.033914,0
video4.mp4,0.03483,0
video4.mp4,0.035747,0
video4.mp4,0.036664,0
video4.mp4,0.03758,0
video4.mp4,0.038497,0
video4.mp4,0.039413,0
video4.mp4,0.04033,0
video4.mp4,0.041247,0
video4.mp4,0.042163,0
video4.mp4,0.04308,0
video4.mp4,0.043996,0
video4.mp4,0.044913,0
video4.mp4,0.04583,0
video4.mp4,0.046746,0
video4.mp4,0.047663,0
video4.mp4,0.048579,0
video4.mp4,0.049496,0
video4.mp4,0.050412,0
video4.mp4,0.051329,0
video4.mp4,0.052246,0
video4.mp4,0.053162,0
video4.mp4,0.054079,0
video4.mp4,0.054995,0
video4.mp4,0.055912,0
video4.mp4,0.056829,0
video4.mp4,0.057745,0
video4.mp4,0.058662,0
video4.mp4,0.059578,0
video4.mp4,0.060495,0
video4.mp4,0.061412,0
video4.mp4,0.062328,0
video4.mp4,0.063245,0
video4.mp4,0.064161,0
video4.mp4,0.065078,0
video4.mp4,0.065995,0
video4.mp4,0.066911,0
video4.mp4,0.067828,0
video4.mp4,0.068744,0
video4.mp4,0.069661,0
video4.mp4,0.070577,0
video4.mp4,0.071494,0
video4.mp4,0.072411,0
video4.mp4,0.073327,0
video4.mp4,0.074244,0
video4.mp4,0.07516,0
video4.mp4,0.076077,0
video4.mp4,0.076994,0
video4.mp4,0.07791,0
video4.mp4,0.078827,0
video4.mp4,0.079743,0
video4.mp4,0.08066,0
video4.mp4,0.081577,0
video4.mp4,0.082493,0
video4.mp4,0.08341,0
video4.mp4,0.084326,0
video4.mp4,0.085243,0
video4.mp4,0.086159,0
video4.mp4,0.087076,0
video4.mp4,0.087993,0
video4.mp4,0.088909,0
video4.mp4,0.089826,0
video4.mp4,0.090742,0
video4.mp4,0.091659,0
video4.mp4,0.092576,0
video4.mp4,0.093492,0
video4.mp4,0.094409,0
video4.mp4,0.095325,0
video4.mp4,0.096242,0
video4.mp4,0.097159,0
video4.mp4,0.098075,0
video4.mp4,0.098992,0
video4.mp4,0.099908,0
video4.mp4,0.100825,0
video4.mp4,0.101742,0
video4.mp4,0.102658,0
video4.mp4,0.103575,0
video4.mp4,0.104491,0
video4.mp4,0.105408,0
video4.mp4,0.106324,0
video4.mp4,0.107241,0
video4.mp4,0.108158,0
video4.mp4,0.109074,0
video4.mp4,0.109991,0
video4.mp4,0.110907,0
video4.mp4,0.111824,0
video4.mp4,0.112741,0
video4.mp4,0.113657,0
video4.mp4,0.114574,0
video4.mp4,0.11549,0
video4.mp4,0.116407,0
video4.mp4,0.117324,0
video4.mp4,0.11824,0
video4.mp4,0.119157,0
video4.mp4,0.120073,0
video4.mp4,0.12099,0
video4.mp4,0.121907,0
video4.mp4,0.122823,0
video4.mp4,0.12374,0
video4.mp4,0.124656,0
video4.mp4,0.125573,0
video4.mp4,0.126489,0
video4.mp4,0.127406,0
video4.mp4,0.128323,0
video4.mp4,0.129239,0
video4.mp4,0.130156,0
video4.mp4,0.131072,0
video4.mp4,0.131989,0
video4.mp4,0.132906,0
video4.mp4,0.133822,0
video4.mp4,0.134739,0
video4.mp4,0.135655,0
video4.mp4,0.136572,0
video4.mp4,0.137489,0
video4.mp4,0.138405,0
video4.mp4,0.139322,0
video4.mp4,0.140238,0
video4.mp4,0.141155,0
video4.mp4,0.142071,0
video4.mp4,0.142988,0
video4.mp4,0.143905,0
video4.mp4,0.144821,0
video4.mp4,0.145738,0
video4.mp4,0.146654,0
video4.mp4,0.147571,0
video4.mp4,0.148488,0
video4.mp4,0.149404,0
video4.mp4,0.150321,1
video4.mp4,0.151237,1
video4.mp4,0.152154,1
video4.mp4,0.153071,1
video4.mp4,0.153987,1
video4.mp4,0.154904,1
video4.mp4,0.15582,1
video4.mp4,0.156737,1
video4.mp4,0.157654,1
video4.mp4,0.15857,1
video4.mp4,0.159487,1
video4.mp4,0.160403,1
video4.mp4,0.16132,1
video4.mp4,0.162236,1
video4.mp4,0.163153,1
video4.mp4,0.16407,1
video4.mp4,0.164986,1
video4.mp4,0.165903,1
video4.mp4,0.166819,1
video4.mp4,0.167736,1
video4.mp4,0.168653,1
video4.mp4,0.169569,1
video4.mp4,0.170486,1
video4.mp4,0.171402,1
video4.mp4,0.172319,1
video4.mp4,0.173236,1
video4.mp4,0.174152,1
video4.mp4,0.175069,1
video4.mp4,0.175985,1
video4.mp4,0.176902,1
video4.mp4,0.177819,1
video4.mp4,0.178735,1
video4.mp4,0.179652,1
video4.mp4,0.180568,1
video4.mp4,0.181485,1
video4.mp4,0.182401,1
video4.mp4,0.183318,1
video4.mp4,0.184235,1
video4.mp4,0.185151,1
video4.mp4,0.186068,1
video4.mp4,0.186984,1
video4.mp4,0.187901,1
video4.mp4,0.188818,1
video4.mp4,0.189734,1
video4.mp4,0.190651,1
video4.mp4,0.191567,1
video4.mp4,0.192484,1
video4.mp4,0.193401,1
video4.mp4,0.194317,1
video4.mp4,0.195234,1
video4.mp4,0.19615,1
video4.mp4,0.197067,1
video4.mp4,0.197984,1
video4.mp4,0.1989,1
video4.mp4,0.199817,1
video4.mp4,0.200733,1
video4.mp4,0.20165,1
video4.mp4,0.202566,1
video4.mp4,0.203483,1
video4.mp4,0.2044,1
video4.mp4,0.205316,1
video4.mp4,0.206233,1
video4.mp4,0.207149,1
video4.mp4,0.208066,1
video4.mp4,0.208983,1
video4.mp4,0.209899,1
video4.mp4,0.210816,1
video4.mp4,0.211732,1
video4.mp4,0.212649,1
video4.mp4,0.213566,1
video4.mp4,0.214482,1
video4.mp4,0.215399,1
video4.mp4,0.216315,1
video4.mp4,0.217232,1
video4.mp4,0.218148,1
video4.mp4,0.219065,1
video4.mp4,0.219982,1
video4.mp4,0.220898,1
video4.mp4,0.221815,1
video4.mp4,0.222731,1
video4.mp4,0.223648,1
video4.mp4,0.224565,1
video4.mp4,0.225481,1
video4.mp4,0.226398,1
video4.mp4,0.227314,1
video4.mp4,0.228231,1
video4.mp4,0.229148,1
video4.mp4,0.230064,1
video4.mp4,0.230981,1
video4.mp4,0.231897,1
video4.mp4,0.232814,1
video4.mp4,0.233731,1
video4.mp4,0.234647,1
video4.mp4,0.235564,1
video4.mp4,0.23648,1
video4.mp4,0.237397,1
video4.mp4,0.238313,1
video4.mp4,0.23923,1
video4.mp4,0.240147,1
video4.mp4,0.241063,1
video4.mp4,0.24198,1
video4.mp4,0.242896,1
video4.mp4,0.243813,1
video4.mp4,0.24473,1
video4.mp4,0.245646,1
video4.mp4,0.246563,1
video4.mp4,0.247479,1
video4.mp4,0.248396,1
video4.mp4,0.249313,1
video4.mp4,0.250229,1
video4.mp4,0.251146,1
video4.mp4,0.252062,1
video4.mp4,0.252979,1
video4.mp4,0.253896,1
video4.mp4,0.254812,1
video4.mp4,0.255729,1
video4.mp4,0.256645,1
video4.mp4,0.257562,1
video4.mp4,0.258478,1
video4.mp4,0.259395,1
video4.mp4,0.260312,1
video4.mp4,0.261228,1
video4.mp4,0.262145,1
video4.mp4,0.263061,1
video4.mp4,0.263978,1
video4.mp4,0.264895,1
video4.mp4,0.265811,1
video4.mp4,0.266728,1
video4.mp4,0.267644,1
video4.mp4,0.268561,1
video4.mp4,0.269478,1
video4.mp4,0.270394,1
video4.mp4,0.271311,1
video4.mp4,0.272227,1
video4.mp4,0.273144,1
video4.mp4,0.27406,1
video4.mp4,0.274977,1
video4.mp4,0.275894,1
video4.mp4,0.27681,1
video4.mp4,0.277727,1
video4.mp4,0.278643,1
video4.mp4,0.27956,1
video4.mp4,0.280477,1
video4.mp4,0.281393,1
video4.mp4,0.28231,1
video4.mp4,0.283226,1
video4.mp4,0.284143,1
video4.mp4,0.28506,1
video4.mp4,0.285976,1
video4.mp4,0.286893,1
video4.mp4,0.287809,1
video4.mp4,0.288726,1
video4.mp4,0.289643,1
video4.mp4,0.290559,1
video4.mp4,0.291476,1
video4.mp4,0.292392,1
video4.mp4,0.293309,1
video4.mp4,0.294225,1
video4.mp4,0.295142,1
video4.mp4,0.296059,1
video4.mp4,0.296975,1
video4.mp4,0.297892,1
video4.mp4,0.298808,1
video4.mp4,0.299725,1
video4.mp4,0.300642,2
video4.mp4,0.301558,2
video4.mp4,0.302475,2
video4.mp4,0.303391,2
video4.mp4,0.304308,2
video4.mp4,0.305225,2
video4.mp4,0.306141,2
video4.mp4,0.307058,2
video4.mp4,0.307974,2
video4.mp4,0.308891,2
video4.mp4,0.309808,2
video4.mp4,0.310724,2
video4.mp4,0.311641,2
video4.mp4,0.312557,2
video4.mp4,0.313474,2
video4.mp4,0.31439,2
video4.mp4,0.315307,2
video4.mp4,0.316224,2
video4.mp4,0.31714,2
video4.mp4,0.318057,2
video4.mp4,0.318973,2
video4.mp4,0.31989,2
video4.mp4,0.320807,2
video4.mp4,0.321723,2
video4.mp4,0.32264,2
video4.mp4,0.323556,2
video4.mp4,0.324473,2
video4.mp4,0.32539,2
video4.mp4,0.326306,2
video4.mp4,0.327223,2
video4.mp4,0.328139,2
video4.mp4,0.329056,2
video4.mp4,0.329973,2
video4.mp4,0.330889,2
video4.mp4,0.331806,2
video4.mp4,0.332722,2
video4.mp4,0.333639,2
video4.mp4,0.334555,2
video4.mp4,0.335472,2
video4.mp4,0.336389,2
video4.mp4,0.337305,2
video4.mp4,0.338222,2
video4.mp4,0.339138,2
video4.mp4,0.340055,2
video4.mp4,0.340972,2
video4.mp4,0.341888,2
video4.mp4,0.342805,2
video4.mp4,0.343721,2
video4.mp4,0.344638,2
video4.mp4,0.345555,2
video4.mp4,0.346471,2
video4.mp4,0.347388,2
video4.mp4,0.348304,2
video4.mp4,0.349221,2
video4.mp4,0.350137,2
video4.mp4,0.351054,2
video4.mp4,0.351971,2
video4.mp4,0.352887,2
video4.mp4,0.353804,2
video4.mp4,0.35472,2
video4.mp4,0.355637,2
video4.mp4,0.356554,2
video4.mp4,0.35747,2
video4.mp4,0.358387,2
video4.mp4,0.359303,2
video4.mp4,0.36022,2
video4.mp4,0.361137,2
video4.mp4,0.362053,2
video4.mp4,0.36297,2
video4.mp4,0.363886,2
video4.mp4,0.364803,2
video4.mp4,0.36572,2
video4.mp4,0.366636,2
video4.mp4,0.367553,2
video4.mp4,0.368469,2
video4.mp4,0.369386,2
video4.mp4,0.370302,2
video4.mp4,0.371219,2
video4.mp4,0.372136,2
video4.mp4,0.373052,2
video4.mp4,0.373969,2
video4.mp4,0.374885,2
video4.mp4,0.375802,2
video4.mp4,0.376719,2
video4.mp4,0.377635,2
video4.mp4,0.378552,2
video4.mp4,0.379468,2
video4.mp4,0.380385,2
video4.mp4,0.381302,2
video4.mp4,0.382218,2
video4.mp4,0.383135,2
video4.mp4,0.384051,2
video4.mp4,0.384968,2
video4.mp4,0.385885,2
video4.mp4,0.386801,2
video4.mp4,0.387718,2
video4.mp4,0.388634,2
video4.mp4,0.389551,2
video4.mp4,0.390467,2
video4.mp4,0.391384,2
video4.mp4,0.392301,2
video4.mp4,0.393217,2
video4.mp4,0.394134,2
video4.mp4,0.39505,2
video4.mp4,0.395967,2
video4.mp4,0.396884,2
video4.mp4,0.3978,2
video4.mp4,0.398717,2
video4.mp4,0.399633,2
video4.mp4,0.40055,2
video4.mp4,0.401467,2
video4.mp4,0.402383,2
video4.mp4,0.4033,2
video4.mp4,0.404216,2
video4.mp4,0.405133,2
video4.mp4,0.406049,2
video4.mp4,0.406966,2
video4.mp4,0.407883,2
video4.mp4,0.408799,2
video4.mp4,0.409716,2
video4.mp4,0.410632,2
video4.mp4,0.411549,2
video4.mp4,0.412466,2
video4.mp4,0.413382,2
video4.mp4,0.414299,2
video4.mp4,0.415215,2
video4.mp4,0.416132,2
video4.mp4,0.417049,2
video4.mp4,0.417965,2
video4.mp4,0.418882,2
video4.mp4,0.419798,2
video4.mp4,0.420715,2
video4.mp4,0.421632,2
video4.mp4,0.422548,2
video4.mp4,0.423465,2
video4.mp4,0.424381,2
video4.mp4,0.425298,2
video4.mp4,0.426214,2
video4.mp4,0.427131,2
video4.mp4,0.428048,2
video4.mp4,0.428964,2
video4.mp4,0.429881,2
video4.mp4,0.430797,2
video4.mp4,0.431714,2
video4.mp4,0.432631,2
video4.mp4,0.433547,2
video4.mp4,0.434464,2
video4.mp4,0.43538,2
video4.mp4,0.436297,2
video4.mp4,0.437214,2
video4.mp4,0.43813,2
video4.mp4,0.439047,2
video4.mp4,0.439963,2
video4.mp4,0.44088,2
video4.mp4,0.441797,2
video4.mp4,0.442713,2
video4.mp4,0.44363,2
video4.mp4,0.444546,2
video4.mp4,0.445463,2
video4.mp4,0.446379,2
video4.mp4,0.447296,2
video4.mp4,0.448213,2
video4.mp4,0.449129,2
video4.mp4,0.450046,2
video4.mp4,0.450962,2
video4.mp4,0.451879,2
video4.mp4,0.452796,2
video4.mp4,0.453712,2
video4.mp4,0.454629,2
video4.mp4,0.455545,2
video4.mp4,0.456462,2
video4.mp4,0.457379,2
video4.mp4,0.458295,2
video4.mp4,0.459212,2
video4.mp4,0.460128,2
video4.mp4,0.461045,2
video4.mp4,0.461962,2
video4.mp4,0.462878,2
video4.mp4,0.463795,2
video4.mp4,0.464711,2
video4.mp4,0.465628,2
video4.mp4,0.466544,2
video4.mp4,0.467461,2
video4.mp4,0.468378,2
video4.mp4,0.469294,2
video4.mp4,0.470211,2
video4.mp4,0.471127,2
video4.mp4,0.472044,2
video4.mp4,0.472961,2
video4.mp4,0.473877,2
video4.mp4,0.474794,2
video4.mp4,0.47571,2
video4.mp4,0.476627,2
video4.mp4,0.477544,2
video4.mp4,0.47846,2
video4.mp4,0.479377,2
video4.mp4,0.480293,2
video4.mp4,0.48121,2
video4.mp4,0.482126,2
video4.mp4,0.483043,2
video4.mp4,0.48396,2
video4.mp4,0.484876,2
video4.mp4,0.485793,2
video4.mp4,0.486709,2
video4.mp4,0.487626,2
video4.mp4,0.488543,2
video4.mp4,0.489459,2
video4.mp4,0.490376,2
video4.mp4,0.491292,2
video4.mp4,0.492209,2
video4.mp4,0.493126,2
video4.mp4,0.494042,2
video4.mp4,0.494959,2
video4.mp4,0.495875,2
video4.mp4,0.496792,2
video4.mp4,0.497709,2
video4.mp4,0.498625,2
video4.mp4,0.499542,2
video4.mp4,0.500458,2
video4.mp4,0.501375,2
video4.mp4,0.502291,2
video4.mp4,0.503208,2
video4.mp4,0.504125,2
video4.mp4,0.505041,2
video4.mp4,0.505958,2
video4.mp4,0.506874,2
video4.mp4,0.507791,2
video4.mp4,0.508708,2
video4.mp4,0.509624,2
video4.mp4,0.510541,2
video4.mp4,0.511457,2
video4.mp4,0.512374,2
video4.mp4,0.513291,2
video4.mp4,0.514207,2
video4.mp4,0.515124,2
video4.mp4,0.51604,2
video4.mp4,0.516957,2
video4.mp4,0.517874,2
video4.mp4,0.51879,2
video4.mp4,0.519707,2
video4.mp4,0.520623,2
video4.mp4,0.52154,2
video4.mp4,0.522456,2
video4.mp4,0.523373,2
video4.mp4,0.52429,2
video4.mp4,0.525206,2
video4.mp4,0.526123,2
video4.mp4,0.527039,2
video4.mp4,0.527956,2
video4.mp4,0.528873,2
video4.mp4,0.529789,2
video4.mp4,0.530706,2
video4.mp4,0.531622,2
video4.mp4,0.532539,2
video4.mp4,0.533456,2
video4.mp4,0.534372,2
video4.mp4,0.535289,2
video4.mp4,0.536205,2
video4.mp4,0.537122,2
video4.mp4,0.538038,2
video4.mp4,0.538955,2
video4.mp4,0.539872,2
video4.mp4,0.540788,2
video4.mp4,0.541705,2
video4.mp4,0.542621,2
video4.mp4,0.543538,2
video4.mp4,0.544455,2
video4.mp4,0.545371,2
video4.mp4,0.546288,2
video4.mp4,0.547204,2
video4.mp4,0.548121,2
video4.mp4,0.549038,2
video4.mp4,0.549954,2
video4.mp4,0.550871,2
video4.mp4,0.551787,2
video4.mp4,0.552704,2
video4.mp4,0.553621,2
video4.mp4,0.554537,2
video4.mp4,0.555454,2
video4.mp4,0.55637,2
video4.mp4,0.557287,2
video4.mp4,0.558203,2
video4.mp4,0.55912,2
video4.mp4,0.560037,2
video4.mp4,0.560953,2
video4.mp4,0.56187,2
video4.mp4,0.562786,2
video4.mp4,0.563703,2
video4.mp4,0.56462,2
video4.mp4,0.565536,2
video4.mp4,0.566453,2
video4.mp4,0.567369,2
video4.mp4,0.568286,2
video4.mp4,0.569203,2
video4.mp4,0.570119,2
video4.mp4,0.571036,2
video4.mp4,0.571952,2
video4.mp4,0.572869,2
video4.mp4,0.573786,2
video4.mp4,0.574702,2
video4.mp4,0.575619,2
video4.mp4,0.576535,2
video4.mp4,0.577452,2
video4.mp4,0.578368,2
video4.mp4,0.579285,2
video4.mp4,0.580202,2
video4.mp4,0.581118,2
video4.mp4,0.582035,2
video4.mp4,0.582951,2
video4.mp4,0.583868,2
video4.mp4,0.584785,2
video4.mp4,0.585701,2
video4.mp4,0.586618,2
video4.mp4,0.587534,2
video4.mp4,0.588451,2
video4.mp4,0.589368,2
video4.mp4,0.590284,2
video4.mp4,0.591201,2
video4.mp4,0.592117,2
video4.mp4,0.593034,2
video4.mp4,0.593951,2
video4.mp4,0.594867,2
video4.mp4,0.595784,2
video4.mp4,0.5967,2
video4.mp4,0.597617,2
video4.mp4,0.598533,2
video4.mp4,0.59945,2
video4.mp4,0.600367,2
video4.mp4,0.601283,2
video4.mp4,0.6022,2
video4.mp4,0.603116,2
video4.mp4,0.604033,2
video4.mp4,0.60495,2
video4.mp4,0.605866,2
video4.mp4,0.606783,2
video4.mp4,0.607699,2
video4.mp4,0.608616,2
video4.mp4,0.609533,2
video4.mp4,0.610449,2
video4.mp4,0.611366,2
video4.mp4,0.612282,2
video4.mp4,0.613199,2
video4.mp4,0.614115,2
video4.mp4,0.615032,2
video4.mp4,0.615949,2
video4.mp4,0.616865,2
video4.mp4,0.617782,2
video4.mp4,0.618698,2
video4.mp4,0.619615,2
video4.mp4,0.620532,2
video4.mp4,0.621448,2
video4.mp4,0.622365,2
video4.mp4,0.623281,2
video4.mp4,0.624198,2
video4.mp4,0.625115,2
video4.mp4,0.626031,2
video4.mp4,0.626948,2
video4.mp4,0.627864,2
video4.mp4,0.628781,2
video4.mp4,0.629698,2
video4.mp4,0.630614,2
video4.mp4,0.631531,2
video4.mp4,0.632447,2
video4.mp4,0.633364,2
video4.mp4,0.63428,2
video4.mp4,0.635197,2
video4.mp4,0.636114,2
video4.mp4,0.63703,2
video4.mp4,0.637947,2
video4.mp4,0.638863,2
video4.mp4,0.63978,2
video4.mp4,0.640697,2
video4.mp4,0.641613,2
video4.mp4,0.64253,2
video4.mp4,0.643446,2
video4.mp4,0.644363,2
video4.mp4,0.64528,2
video4.mp4,0.646196,2
video4.mp4,0.647113,2
video4.mp4,0.648029,2
video4.mp4,0.648946,2
video4.mp4,0.649863,2
video4.mp4,0.650779,3
video4.mp4,0.651696,3
video4.mp4,0.652612,3
video4.mp4,0.653529,3
video4.mp4,0.654445,3
video4.mp4,0.655362,3
video4.mp4,0.656279,3
video4.mp4,0.657195,3
video4.mp4,0.658112,3
video4.mp4,0.659028,3
video4.mp4,0.659945,3
video4.mp4,0.660862,3
video4.mp4,0.661778,3
video4.mp4,0.662695,3
video4.mp4,0.663611,3
video4.mp4,0.664528,3
video4.mp4,0.665445,3
video4.mp4,0.666361,3
video4.mp4,0.667278,3
video4.mp4,0.668194,3
video4.mp4,0.669111,3
video4.mp4,0.670027,3
video4.mp4,0.670944,3
video4.mp4,0.671861,3
video4.mp4,0.672777,3
video4.mp4,0.673694,3
video4.mp4,0.67461,3
video4.mp4,0.675527,3
video4.mp4,0.676444,3
video4.mp4,0.67736,3
video4.mp4,0.678277,3
video4.mp4,0.679193,3
video4.mp4,0.68011,3
video4.mp4,0.681027,3
video4.mp4,0.681943,3
video4.mp4,0.68286,3
video4.mp4,0.683776,3
video4.mp4,0.684693,3
video4.mp4,0.68561,3
video4.mp4,0.686526,3
video4.mp4,0.687443,3
video4.mp4,0.688359,3
video4.mp4,0.689276,3
video4.mp4,0.690192,3
video4.mp4,0.691109,3
video4.mp4,0.692026,3
video4.mp4,0.692942,3
video4.mp4,0.693859,3
video4.mp4,0.694775,3
video4.mp4,0.695692,3
video4.mp4,0.696609,3
video4.mp4,0.697525,3
video4.mp4,0.698442,3
video4.mp4,0.699358,3
video4.mp4,0.700275,3
video4.mp4,0.701192,3
video4.mp4,0.702108,3
video4.mp4,0.703025,3
video4.mp4,0.703941,3
video4.mp4,0.704858,3
video4.mp4,0.705775,3
video4.mp4,0.706691,3
video4.mp4,0.707608,3
video4.mp4,0.708524,3
video4.mp4,0.709441,3
video4.mp4,0.710357,3
video4.mp4,0.711274,3
video4.mp4,0.712191,3
video4.mp4,0.713107,3
video4.mp4,0.714024,3
video4.mp4,0.71494,3
video4.mp4,0.715857,3
video4.mp4,0.716774,3
video4.mp4,0.71769,3
video4.mp4,0.718607,3
video4.mp4,0.719523,3
video4.mp4,0.72044,3
video4.mp4,0.721357,3
video4.mp4,0.722273,3
video4.mp4,0.72319,3
video4.mp4,0.724106,3
video4.mp4,0.725023,3
video4.mp4,0.72594,3
video4.mp4,0.726856,3
video4.mp4,0.727773,3
video4.mp4,0.728689,3
video4.mp4,0.729606,3
video4.mp4,0.730522,3
video4.mp4,0.731439,3
video4.mp4,0.732356,3
video4.mp4,0.733272,3
video4.mp4,0.734189,3
video4.mp4,0.735105,3
video4.mp4,0.736022,3
video4.mp4,0.736939,3
video4.mp4,0.737855,3
video4.mp4,0.738772,3
video4.mp4,0.739688,3
video4.mp4,0.740605,3
video4.mp4,0.741522,3
video4.mp4,0.742438,3
video4.mp4,0.743355,3
video4.mp4,0.744271,3
video4.mp4,0.745188,3
video4.mp4,0.746104,3
video4.mp4,0.747021,3
video4.mp4,0.747938,3
video4.mp4,0.748854,3
video4.mp4,0.749771,3
video4.mp4,0.750687,3
video4.mp4,0.751604,3
video4.mp4,0.752521,3
video4.mp4,0.753437,3
video4.mp4,0.754354,3
video4.mp4,0.75527,3
video4.mp4,0.756187,3
video4.mp4,0.757104,3
video4.mp4,0.75802,3
video4.mp4,0.758937,3
video4.mp4,0.759853,3
video4.mp4,0.76077,3
video4.mp4,0.761687,3
video4.mp4,0.762603,3
video4.mp4,0.76352,3
video4.mp4,0.764436,3
video4.mp4,0.765353,3
video4.mp4,0.766269,3
video4.mp4,0.767186,3
video4.mp4,0.768103,3
video4.mp4,0.769019,3
video4.mp4,0.769936,3
video4.mp4,0.770852,3
video4.mp4,0.771769,3
video4.mp4,0.772686,3
video4.mp4,0.773602,3
video4.mp4,0.774519,3
video4.mp4,0.775435,3
video4.mp4,0.776352,3
video4.mp4,0.777269,3
video4.mp4,0.778185,3
video4.mp4,0.779102,3
video4.mp4,0.780018,3
video4.mp4,0.780935,3
video4.mp4,0.781852,3
video4.mp4,0.782768,3
video4.mp4,0.783685,3
video4.mp4,0.784601,3
video4.mp4,0.785518,3
video4.mp4,0.786434,3
video4.mp4,0.787351,3
video4.mp4,0.788268,3
video4.mp4,0.789184,3
video4.mp4,0.790101,3
video4.mp4,0.791017,3
video4.mp4,0.791934,3
video4.mp4,0.792851,3
video4.mp4,0.793767,3
video4.mp4,0.794684,3
video4.mp4,0.7956,3
video4.mp4,0.796517,3
video4.mp4,0.797434,3
video4.mp4,0.79835,3
video4.mp4,0.799267,3
video4.mp4,0.800183,3
video4.mp4,0.8011,3
video4.mp4,0.802016,3
video4.mp4,0.802933,3
video4.mp4,0.80385,3
video4.mp4,0.804766,3
video4.mp4,0.805683,3
video4.mp4,0.806599,3
video4.mp4,0.807516,3
video4.mp4,0.808433,3
video4.mp4,0.809349,3
video4.mp4,0.810266,3
video4.mp4,0.811182,3
video4.mp4,0.812099,3
video4.mp4,0.813016,3
video4.mp4,0.813932,3
video4.mp4,0.814849,3
video4.mp4,0.815765,3
video4.mp4,0.816682,3
video4.mp4,0.817599,3
video4.mp4,0.818515,3
video4.mp4,0.819432,3
video4.mp4,0.820348,3
video4.mp4,0.821265,3
video4.mp4,0.822181,3
video4.mp4,0.823098,3
video4.mp4,0.824015,3
video4.mp4,0.824931,3
video4.mp4,0.825848,3
video4.mp4,0.826764,3
video4.mp4,0.827681,3
video4.mp4,0.828598,3
video4.mp4,0.829514,3
video4.mp4,0.830431,3
video4.mp4,0.831347,3
video4.mp4,0.832264,3
video4.mp4,0.833181,3
video4.mp4,0.834097,3
video4.mp4,0.835014,3
video4.mp4,0.83593,3
video4.mp4,0.836847,3
video4.mp4,0.837764,3
video4.mp4,0.83868,3
video4.mp4,0.839597,3
video4.mp4,0.840513,3
video4.mp4,0.84143,3
video4.mp4,0.842346,3
video4.mp4,0.843263,3
video4.mp4,0.84418,3
video4.mp4,0.845096,3
video4.mp4,0.846013,3
video4.mp4,0.846929,3
video4.mp4,0.847846,3
video4.mp4,0.848763,3
video4.mp4,0.849679,3
video4.mp4,0.850596,4
video4.mp4,0.851512,4
video4.mp4,0.852429,4
video4.mp4,0.853346,4
video4.mp4,0.854262,4
video4.mp4,0.855179,4
video4.mp4,0.856095,4
video4.mp4,0.857012,4
video4.mp4,0.857929,4
video4.mp4,0.858845,4
video4.mp4,0.859762,4
video4.mp4,0.860678,4
video4.mp4,0.861595,4
video4.mp4,0.862511,4
video4.mp4,0.863428,4
video4.mp4,0.864345,4
video4.mp4,0.865261,4
video4.mp4,0.866178,4
video4.mp4,0.867094,4
video4.mp4,0.868011,4
video4.mp4,0.868928,4
video4.mp4,0.869844,4
video4.mp4,0.870761,4
video4.mp4,0.871677,4
video4.mp4,0.872594,4
video4.mp4,0.873511,4
video4.mp4,0.874427,4
video4.mp4,0.875344,4
video4.mp4,0.87626,4
video4.mp4,0.877177,4
video4.mp4,0.878093,4
video4.mp4,0.87901,4
video4.mp4,0.879927,4
video4.mp4,0.880843,4
video4.mp4,0.88176,4
video4.mp4,0.882676,4
video4.mp4,0.883593,4
video4.mp4,0.88451,4
video4.mp4,0.885426,4
video4.mp4,0.886343,4
video4.mp4,0.887259,4
video4.mp4,0.888176,4
video4.mp4,0.889093,4
video4.mp4,0.890009,4
video4.mp4,0.890926,4
video4.mp4,0.891842,4
video4.mp4,0.892759,4
video4.mp4,0.893676,4
video4.mp4,0.894592,4
video4.mp4,0.895509,4
video4.mp4,0.896425,4
video4.mp4,0.897342,4
video4.mp4,0.898258,4
video4.mp4,0.899175,4
video4.mp4,0.900092,4
video4.mp4,0.901008,4
video4.mp4,0.901925,4
video4.mp4,0.902841,4
video4.mp4,0.903758,4
video4.mp4,0.904675,4
video4.mp4,0.905591,4
video4.mp4,0.906508,4
video4.mp4,0.907424,4
video4.mp4,0.908341,4
video4.mp4,0.909258,4
video4.mp4,0.910174,4
video4.mp4,0.911091,4
video4.mp4,0.912007,4
video4.mp4,0.912924,4
video4.mp4,0.913841,4
video4.mp4,0.914757,4
video4.mp4,0.915674,4
video4.mp4,0.91659,4
video4.mp4,0.917507,4
video4.mp4,0.918423,4
video4.mp4,0.91934,4
video4.mp4,0.920257,4
video4.mp4,0.921173,4
video4.mp4,0.92209,4
video4.mp4,0.923006,4
video4.mp4,0.923923,4
video4.mp4,0.92484,4
video4.mp4,0.925756,4
video4.mp4,0.926673,4
video4.mp4,0.927589,4
video4.mp4,0.928506,4
video4.mp4,0.929423,4
video4.mp4,0.930339,4
video4.mp4,0.931256,4
video4.mp4,0.932172,4
video4.mp4,0.933089,4
video4.mp4,0.934005,4
video4.mp4,0.934922,4
video4.mp4,0.935839,4
video4.mp4,0.936755,4
video4.mp4,0.937672,4
video4.mp4,0.938588,4
video4.mp4,0.939505,4
video4.mp4,0.940422,4
video4.mp4,0.941338,4
video4.mp4,0.942255,4
video4.mp4,0.943171,4
video4.mp4,0.944088,4
video4.mp4,0.945005,4
video4.mp4,0.945921,4
video4.mp4,0.946838,4
video4.mp4,0.947754,4
video4.mp4,0.948671,4
video4.mp4,0.949588,4
video4.mp4,0.950504,4
video4.mp4,0.951421,4
video4.mp4,0.952337,4
video4.mp4,0.953254,4
video4.mp4,0.95417,4
video4.mp4,0.955087,4
video4.mp4,0.956004,4
video4.mp4,0.95692,4
video4.mp4,0.957837,4
video4.mp4,0.958753,4
video4.mp4,0.95967,4
video4.mp4,0.960587,4
video4.mp4,0.961503,4
video4.mp4,0.96242,4
video4.mp4,0.963336,4
video4.mp4,0.964253,4
video4.mp4,0.96517,4
video4.mp4,0.966086,4
video4.mp4,0.967003,4
video4.mp4,0.967919,4
video4.mp4,0.968836,4
video4.mp4,0.969753,4
video4.mp4,0.970669,4
video4.mp4,0.971586,4
video4.mp4,0.972502,4
video4.mp4,0.973419,4
video4.mp4,0.974335,4
video4.mp4,0.975252,4
video4.mp4,0.976169,4
video4.mp4,0.977085,4
video4.mp4,0.978002,4
video4.mp4,0.978918,4
video4.mp4,0.979835,4
video4.mp4,0.980752,4
video4.mp4,0.981668,4
video4.mp4,0.982585,4
video4.mp4,0.983501,4
video4.mp4,0.984418,4
video4.mp4,0.985335,4
video4.mp4,0.986251,4
video4.mp4,0.987168,4
video4.mp4,0.988084,4
video4.mp4,0.989001,4
video4.mp4,0.989918,4
video4.mp4,0.990834,4
video4.mp4,0.991751,4
video4.mp4,0.992667,4
video4.mp4,0.993584,4
video4.mp4,0.9945,4
video4.mp4,0.995417,4
video4.mp4,0.996334,4
video4.mp4,0.99725,4
video4.mp4,0.998167,4
video4.mp4,0.999083,4
video4.mp4,1.0,4
video5.mp4,0.0,0
video5.mp4,0.000827,0
video5.mp4,0.001653,0
video5.mp4,0.00248,0
video5.mp4,0.003362,0
video5.mp4,0.004188,0
video5.mp4,0.005015,0
video5.mp4,0.005842,0
video5.mp4,0.006668,0
video5.mp4,0.007495,0
video5.mp4,0.008321,0
video5.mp4,0.009148,0
video5.mp4,0.01003,0
video5.mp4,0.010856,0
video5.mp4,0.011683,0
video5.mp4,0.01251,0
video5.mp4,0.013336,0
video5.mp4,0.014163,0
video5.mp4,0.01499,0
video5.mp4,0.015871,0
video5.mp4,0.016698,0
video5.mp4,0.017525,0
video5.mp4,0.018351,0
video5.mp4,0.019178,0
video5.mp4,0.020004,0
video5.mp4,0.020831,0
video5.mp4,0.021658,0
video5.mp4,0.022539,0
video5.mp4,0.023366,0
video5.mp4,0.024193,0
video5.mp4,0.025019,0
video5.mp4,0.025846,0
video5.mp4,0.026673,0
video5.mp4,0.027499,0
video5.mp4,0.028381,0
video5.mp4,0.029208,0
video5.mp4,0.030034,0
video5.mp4,0.030861,0
video5.mp4,0.031687,0
video5.mp4,0.032514,0
video5.mp4,0.033341,0
video5.mp4,0.034222,0
video5.mp4,0.035049,0
video5.mp4,0.035876,0
video5.mp4,0.036702,0
video5.mp4,0.037529,0
video5.mp4,0.038356,0
video5.mp4,0.039182,0
video5.mp4,0.040009,0
video5.mp4,0.040891,0
video5.mp4,0.041717,0
video5.mp4,0.042544,0
video5.mp4,0.04337,0
video5.mp4,0.044197,0
video5.mp4,0.045024,0
video5.mp4,0.04585,0
video5.mp4,0.046732,0
video5.mp4,0.047559,0
video5.mp4,0.048385,0
video5.mp4,0.049212,0
video5.mp4,0.050039,0
video5.mp4,0.050865,0
video5.mp4,0.051692,0
video5.mp4,0.052518,0
video5.mp4,0.0534,0
video5.mp4,0.054227,0
video5.mp4,0.055053,0
video5.mp4,0.05588,0
video5.mp4,0.056707,0
video5.mp4,0.057533,0
video5.mp4,0.05836,0
video5.mp4,0.059242,0
video5.mp4,0.060068,0
video5.mp4,0.060895,0
video5.mp4,0.061722,0
video5.mp4,0.062548,0
video5.mp4,0.063375,0
video5.mp4,0.064201,0
video5.mp4,0.065028,0
video5.mp4,0.06591,0
video5.mp4,0.066736,0
video5.mp4,0.067563,0
video5.mp4,0.06839,0
video5.mp4,0.069216,0
video5.mp4,0.070043,0
video5.mp4,0.07087,0
video5.mp4,0.071751,0
video5.mp4,0.072578,0
video5.mp4,0.073405,0
video5.mp4,0.074231,0
video5.mp4,0.075058,0
video5.mp4,0.075884,0
video5.mp4,0.076711,0
video5.mp4,0.077538,0
video5.mp4,0.078419,0
video5.mp4,0.079246,0
video5.mp4,0.080073,0
video5.mp4,0.080899,0
video5.mp4,0.081726,0
video5.mp4,0.082553,0
video5.mp4,0.083379,0
video5.mp4,0.084261,0
video5.mp4,0.085088,0
video5.mp4,0.085914,0
video5.mp4,0.086741,0
video5.mp4,0.087568,0
video5.mp4,0.088394,0
video5.mp4,0.089221,0
video5.mp4,0.090103,0
video5.mp4,0.090929,0
video5.mp4,0.091756,0
video5.mp4,0.092582,0
video5.mp4,0.093409,0
video5.mp4,0.094236,0
video5.mp4,0.095062,0
video5.mp4,0.095889,0
video5.mp4,0.096771,0
video5.mp4,0.097597,0
video5.mp4,0.098424,0
video5.mp4,0.099251,0
video5.mp4,0.100077,0
video5.mp4,0.100904,0
video5.mp4,0.10173,0
video5.mp4,0.102612,0
video5.mp4,0.103439,0
video5.mp4,0.104265,0
video5.mp4,0.105092,0
video5.mp4,0.105919,0
video5.mp4,0.106745,0
video5.mp4,0.107572,0
video5.mp4,0.108399,0
video5.mp4,0.10928,0
video5.mp4,0.110107,0
video5.mp4,0.110934,0
video5.mp4,0.11176,0
video5.mp4,0.112587,0
video5.mp4,0.113413,0
video5.mp4,0.11424,0
video5.mp4,0.115122,0
video5.mp4,0.115948,0
video5.mp4,0.116775,0
video5.mp4,0.117602,0
video5.mp4,0.118428,0
video5.mp4,0.119255,0
video5.mp4,0.120082,0
video5.mp4,0.120908,0
video5.mp4,0.12179,0
video5.mp4,0.122617,0
video5.mp4,0.123443,0
video5.mp4,0.12427,0
video5.mp4,0.125096,0
video5.mp4,0.125923,0
video5.mp4,0.12675,0
video5.mp4,0.127631,0
video5.mp4,0.128458,0
video5.mp4,0.129285,0
video5.mp4,0.130111,0
video5.mp4,0.130938,0
video5.mp4,0.131765,0
video5.mp4,0.132591,0
video5.mp4,0.133418,0
video5.mp4,0.1343,0
video5.mp4,0.135126,0
video5.mp4,0.135953,0
video5.mp4,0.136779,0
video5.mp4,0.137606,0
video5.mp4,0.138433,0
video5.mp4,0.139259,0
video5.mp4,0.140141,0
video5.mp4,0.140968,0
video5.mp4,0.141794,0
video5.mp4,0.142621,0
video5.mp4,0.143448,0
video5.mp4,0.144274,0
video5.mp4,0.145101,0
video5.mp4,0.145927,0
video5.mp4,0.146809,0
video5.mp4,0.147636,0
video5.mp4,0.148462,0
video5.mp4,0.149289,0
video5.mp4,0.150116,1
video5.mp4,0.150942,1
video5.mp4,0.151769,1
video5.mp4,0.152651,1
video5.mp4,0.153477,1
video5.mp4,0.154304,1
video5.mp4,0.155131,1
video5.mp4,0.155957,1
video5.mp4,0.156784,1
video5.mp4,0.15761,1
video5.mp4,0.158492,1
video5.mp4,0.159319,1
video5.mp4,0.160145,1
video5.mp4,0.160972,1
video5.mp4,0.161799,1
video5.mp4,0.162625,1
video5.mp4,0.163452,1
video5.mp4,0.164279,1
video5.mp4,0.16516,1
video5.mp4,0.165987,1
video5.mp4,0.166814,1
video5.mp4,0.16764,1
video5.mp4,0.168467,1
video5.mp4,0.169294,1
video5.mp4,0.17012,1
video5.mp4,0.171002,1
video5.mp4,0.171829,1
video5.mp4,0.172655,1
video5.mp4,0.173482,1
video5.mp4,0.174308,1
video5.mp4,0.175135,1
video5.mp4,0.175962,1
video5.mp4,0.176788,1
video5.mp4,0.17767,1
video5.mp4,0.178497,1
video5.mp4,0.179323,1
video5.mp4,0.18015,1
video5.mp4,0.180977,1
video5.mp4,0.181803,1
video5.mp4,0.18263,1
video5.mp4,0.183512,1
video5.mp4,0.184338,1
video5.mp4,0.185165,1
video5.mp4,0.185991,1
video5.mp4,0.186818,1
video5.mp4,0.187645,1
video5.mp4,0.188471,1
video5.mp4,0.189298,1
video5.mp4,0.19018,1
video5.mp4,0.191006,1
video5.mp4,0.191833,1
video5.mp4,0.19266,1
video5.mp4,0.193486,1
video5.mp4,0.194313,1
video5.mp4,0.195139,1
video5.mp4,0.196021,1
video5.mp4,0.196848,1
video5.mp4,0.197674,1
video5.mp4,0.198501,1
video5.mp4,0.199328,1
video5.mp4,0.200154,1
video5.mp4,0.200981,1
video5.mp4,0.201808,1
video5.mp4,0.202689,1
video5.mp4,0.203516,1
video5.mp4,0.204343,1
video5.mp4,0.205169,1
video5.mp4,0.205996,1
video5.mp4,0.206822,1
video5.mp4,0.207649,1
video5.mp4,0.208531,1
video5.mp4,0.209357,1
video5.mp4,0.210184,1
video5.mp4,0.211011,1
video5.mp4,0.211837,1
video5.mp4,0.212664,1
video5.mp4,0.213491,1
video5.mp4,0.214372,1
video5.mp4,0.215199,1
video5.mp4,0.216026,1
video5.mp4,0.216852,1
video5.mp4,0.217679,1
video5.mp4,0.218505,1
video5.mp4,0.219332,1
video5.mp4,0.220159,1
video5.mp4,0.22104,1
video5.mp4,0.221867,1
video5.mp4,0.222694,1
video5.mp4,0.22352,1
video5.mp4,0.224347,1
video5.mp4,0.225174,1
video5.mp4,0.226,1
video5.mp4,0.226882,1
video5.mp4,0.227709,1
video5.mp4,0.228535,1
video5.mp4,0.229362,1
video5.mp4,0.230188,1
video5.mp4,0.231015,1
video5.mp4,0.231842,1
video5.mp4,0.232668,1
video5.mp4,0.23355,1
video5.mp4,0.234377,1
video5.mp4,0.235203,1
video5.mp4,0.23603,1
video5.mp4,0.236857,1
video5.mp4,0.237683,1
video5.mp4,0.23851,1
video5.mp4,0.239392,1
video5.mp4,0.240218,1
video5.mp4,0.241045,1
video5.mp4,0.241871,1
video5.mp4,0.242698,1
video5.mp4,0.243525,1
video5.mp4,0.244351,1
video5.mp4,0.245178,1
video5.mp4,0.24606,1
video5.mp4,0.246886,1
video5.mp4,0.247713,1
video5.mp4,0.24854,1
video5.mp4,0.249366,1
video5.mp4,0.250193,1
video5.mp4,0.25102,1
video5.mp4,0.251901,1
video5.mp4,0.252728,1
video5.mp4,0.253555,1
video5.mp4,0.254381,1
video5.mp4,0.255208,1
video5.mp4,0.256034,1
video5.mp4,0.256861,1
video5.mp4,0.257688,1
video5.mp4,0.258569,1
video5.mp4,0.259396,1
video5.mp4,0.260223,1
video5.mp4,0.261049,1
video5.mp4,0.261876,1
video5.mp4,0.262703,1
video5.mp4,0.263529,1
video5.mp4,0.264411,1
video5.mp4,0.265238,1
video5.mp4,0.266064,1
video5.mp4,0.266891,1
video5.mp4,0.267717,1
video5.mp4,0.268544,1
video5.mp4,0.269371,1
video5.mp4,0.270252,1
video5.mp4,0.271079,1
video5.mp4,0.271906,1
video5.mp4,0.272732,1
video5.mp4,0.273559,1
video5.mp4,0.274386,1
video5.mp4,0.275212,1
video5.mp4,0.276039,1
video5.mp4,0.276921,1
video5.mp4,0.277747,1
video5.mp4,0.278574,1
video5.mp4,0.2794,1
video5.mp4,0.280227,1
video5.mp4,0.281054,1
video5.mp4,0.28188,1
video5.mp4,0.282762,1
video5.mp4,0.283589,1
video5.mp4,0.284415,1
video5.mp4,0.285242,1
video5.mp4,0.286069,1
video5.mp4,0.286895,1
video5.mp4,0.287722,1
video5.mp4,0.288548,1
video5.mp4,0.28943,1
video5.mp4,0.290257,1
video5.mp4,0.291083,1
video5.mp4,0.29191,1
video5.mp4,0.292737,1
video5.mp4,0.293563,1
video5.mp4,0.29439,1
video5.mp4,0.295272,1
video5.mp4,0.296098,1
video5.mp4,0.296925,1
video5.mp4,0.297752,1
video5.mp4,0.298578,1
video5.mp4,0.299405,1
video5.mp4,0.300231,2
video5.mp4,0.301058,2
video5.mp4,0.30194,2
video5.mp4,0.302766,2
video5.mp4,0.303593,2
video5.mp4,0.30442,2
video5.mp4,0.305246,2
video5.mp4,0.306073,2
video5.mp4,0.3069,2
video5.mp4,0.307781,2
video5.mp4,0.308608,2
video5.mp4,0.309435,2
video5.mp4,0.310261,2
video5.mp4,0.311088,2
video5.mp4,0.311914,2
video5.mp4,0.312741,2
video5.mp4,0.313568,2
video5.mp4,0.314449,2
video5.mp4,0.315276,2
video5.mp4,0.316103,2
video5.mp4,0.316929,2
video5.mp4,0.317756,2
video5.mp4,0.318583,2
video5.mp4,0.319409,2
video5.mp4,0.320291,2
video5.mp4,0.321118,2
video5.mp4,0.321944,2
video5.mp4,0.322771,2
video5.mp4,0.323597,2
video5.mp4,0.324424,2
video5.mp4,0.325251,2
video5.mp4,0.326132,2
video5.mp4,0.326959,2
video5.mp4,0.327786,2
video5.mp4,0.328612,2
video5.mp4,0.329439,2
video5.mp4,0.330266,2
video5.mp4,0.331092,2
video5.mp4,0.331919,2
video5.mp4,0.332801,2
video5.mp4,0.333627,2
video5.mp4,0.334454,2
video5.mp4,0.335281,2
video5.mp4,0.336107,2
video5.mp4,0.336934,2
video5.mp4,0.33776,2
video5.mp4,0.338642,2
video5.mp4,0.339469,2
video5.mp4,0.340295,2
video5.mp4,0.341122,2
video5.mp4,0.341949,2
video5.mp4,0.342775,2
video5.mp4,0.343602,2
video5.mp4,0.344429,2
video5.mp4,0.34531,2
video5.mp4,0.346137,2
video5.mp4,0.346964,2
video5.mp4,0.34779,2
video5.mp4,0.348617,2
video5.mp4,0.349443,2
video5.mp4,0.35027,2
video5.mp4,0.351152,2
video5.mp4,0.351978,2
video5.mp4,0.352805,2
video5.mp4,0.353632,2
video5.mp4,0.354458,2
video5.mp4,0.355285,2
video5.mp4,0.356112,2
video5.mp4,0.356938,2
video5.mp4,0.35782,2
video5.mp4,0.358647,2
video5.mp4,0.359473,2
video5.mp4,0.3603,2
video5.mp4,0.361126,2
video5.mp4,0.361953,2
video5.mp4,0.36278,2
video5.mp4,0.363661,2
video5.mp4,0.364488,2
video5.mp4,0.365315,2
video5.mp4,0.366141,2
video5.mp4,0.366968,2
video5.mp4,0.367795,2
video5.mp4,0.368621,2
video5.mp4,0.369448,2
video5.mp4,0.37033,2
video5.mp4,0.371156,2
video5.mp4,0.371983,2
video5.mp4,0.372809,2
video5.mp4,0.373636,2
video5.mp4,0.374463,2
video5.mp4,0.375289,2
video5.mp4,0.376171,2
video5.mp4,0.376998,2
video5.mp4,0.377824,2
video5.mp4,0.378651,2
video5.mp4,0.379478,2
video5.mp4,0.380304,2
video5.mp4,0.381131,2
video5.mp4,0.381957,2
video5.mp4,0.382839,2
video5.mp4,0.383666,2
video5.mp4,0.384492,2
video5.mp4,0.385319,2
video5.mp4,0.386146,2
video5.mp4,0.386972,2
video5.mp4,0.387799,2
video5.mp4,0.388681,2
video5.mp4,0.389507,2
video5.mp4,0.390334,2
video5.mp4,0.391161,2
video5.mp4,0.391987,2
video5.mp4,0.392814,2
video5.mp4,0.39364,2
video5.mp4,0.394522,2
video5.mp4,0.395349,2
video5.mp4,0.396175,2
video5.mp4,0.397002,2
video5.mp4,0.397829,2
video5.mp4,0.398655,2
video5.mp4,0.399482,2
video5.mp4,0.400309,2
video5.mp4,0.40119,2
video5.mp4,0.402017,2
video5.mp4,0.402844,2
video5.mp4,0.40367,2
video5.mp4,0.404497,2
video5.mp4,0.405323,2
video5.mp4,0.40615,2
video5.mp4,0.407032,2
video5.mp4,0.407858,2
video5.mp4,0.408685,2
video5.mp4,0.409512,2
video5.mp4,0.410338,2
video5.mp4,0.411165,2
video5.mp4,0.411992,2
video5.mp4,0.412818,2
video5.mp4,0.4137,2
video5.mp4,0.414527,2
video5.mp4,0.415353,2
video5.mp4,0.41618,2
video5.mp4,0.417007,2
video5.mp4,0.417833,2
video5.mp4,0.41866,2
video5.mp4,0.419541,2
video5.mp4,0.420368,2
video5.mp4,0.421195,2
video5.mp4,0.422021,2
video5.mp4,0.422848,2
video5.mp4,0.423675,2
video5.mp4,0.424501,2
video5.mp4,0.425328,2
video5.mp4,0.42621,2
video5.mp4,0.427036,2
video5.mp4,0.427863,2
video5.mp4,0.42869,2
video5.mp4,0.429516,2
video5.mp4,0.430343,2
video5.mp4,0.431169,2
video5.mp4,0.432051,2
video5.mp4,0.432878,2
video5.mp4,0.433704,2
video5.mp4,0.434531,2
video5.mp4,0.435358,2
video5.mp4,0.436184,2
video5.mp4,0.437011,2
video5.mp4,0.437838,2
video5.mp4,0.438719,2
video5.mp4,0.439546,2
video5.mp4,0.440373,2
video5.mp4,0.441199,2
video5.mp4,0.442026,2
video5.mp4,0.442852,2
video5.mp4,0.443679,2
video5.mp4,0.444561,2
video5.mp4,0.445387,2
video5.mp4,0.446214,2
video5.mp4,0.447041,2
video5.mp4,0.447867,2
video5.mp4,0.448694,2
video5.mp4,0.449521,2
video5.mp4,0.450402,2
video5.mp4,0.451229,2
video5.mp4,0.452056,2
video5.mp4,0.452882,2
video5.mp4,0.453709,2
video5.mp4,0.454535,2
video5.mp4,0.455362,2
video5.mp4,0.456189,2
video5.mp4,0.45707,2
video5.mp4,0.457897,2
video5.mp4,0.458724,2
video5.mp4,0.45955,2
video5.mp4,0.460377,2
video5.mp4,0.461204,2
video5.mp4,0.46203,2
video5.mp4,0.462912,2
video5.mp4,0.463739,2
video5.mp4,0.464565,2
video5.mp4,0.465392,2
video5.mp4,0.466218,2
video5.mp4,0.467045,2
video5.mp4,0.467872,2
video5.mp4,0.468698,2
video5.mp4,0.46958,2
video5.mp4,0.470407,2
video5.mp4,0.471233,2
video5.mp4,0.47206,2
video5.mp4,0.472887,2
video5.mp4,0.473713,2
video5.mp4,0.47454,2
video5.mp4,0.475422,2
video5.mp4,0.476248,2
video5.mp4,0.477075,2
video5.mp4,0.477901,2
video5.mp4,0.478728,2
video5.mp4,0.479555,2
video5.mp4,0.480381,2
video5.mp4,0.481208,2
video5.mp4,0.48209,2
video5.mp4,0.482916,2
video5.mp4,0.483743,2
video5.mp4,0.48457,2
video5.mp4,0.485396,2
video5.mp4,0.486223,2
video5.mp4,0.487049,2
video5.mp4,0.487931,2
video5.mp4,0.488758,2
video5.mp4,0.489584,2
video5.mp4,0.490411,2
video5.mp4,0.491238,2
video5.mp4,0.492064,2
video5.mp4,0.492891,2
video5.mp4,0.493718,2
video5.mp4,0.494599,2
video5.mp4,0.495426,2
video5.mp4,0.496253,2
video5.mp4,0.497079,2
video5.mp4,0.497906,2
video5.mp4,0.498733,2
video5.mp4,0.499559,2
video5.mp4,0.500441,2
video5.mp4,0.501267,2
video5.mp4,0.502094,2
video5.mp4,0.502921,2
video5.mp4,0.503747,2
video5.mp4,0.504574,2
video5.mp4,0.505401,2
video5.mp4,0.506282,2
video5.mp4,0.507109,2
video5.mp4,0.507936,2
video5.mp4,0.508762,2
video5.mp4,0.509589,2
video5.mp4,0.510416,2
video5.mp4,0.511242,2
video5.mp4,0.512069,2
video5.mp4,0.512951,2
video5.mp4,0.513777,2
video5.mp4,0.514604,2
video5.mp4,0.51543,2
video5.mp4,0.516257,2
video5.mp4,0.517084,2
video5.mp4,0.51791,2
video5.mp4,0.518792,2
video5.mp4,0.519619,2
video5.mp4,0.520445,2
video5.mp4,0.521272,2
video5.mp4,0.522099,2
video5.mp4,0.522925,2
video5.mp4,0.523752,2
video5.mp4,0.524578,2
video5.mp4,0.52546,2
video5.mp4,0.526287,2
video5.mp4,0.527113,2
video5.mp4,0.52794,2
video5.mp4,0.528767,2
video5.mp4,0.529593,2
video5.mp4,0.53042,2
video5.mp4,0.531302,2
video5.mp4,0.532128,2
video5.mp4,0.532955,2
video5.mp4,0.533782,2
video5.mp4,0.534608,2
video5.mp4,0.535435,2
video5.mp4,0.536261,2
video5.mp4,0.537088,2
video5.mp4,0.53797,2
video5.mp4,0.538796,2
video5.mp4,0.539623,2
video5.mp4,0.54045,2
video5.mp4,0.541276,2
video5.mp4,0.542103,2
video5.mp4,0.54293,2
video5.mp4,0.543811,2
video5.mp4,0.544638,2
video5.mp4,0.545465,2
video5.mp4,0.546291,2
video5.mp4,0.547118,2
video5.mp4,0.547944,2
video5.mp4,0.548771,2
video5.mp4,0.549598,2
video5.mp4,0.550479,2
video5.mp4,0.551306,2
video5.mp4,0.552133,2
video5.mp4,0.552959,2
video5.mp4,0.553786,2
video5.mp4,0.554613,2
video5.mp4,0.555439,2
video5.mp4,0.556321,2
video5.mp4,0.557148,2
video5.mp4,0.557974,2
video5.mp4,0.558801,2
video5.mp4,0.559627,2
video5.mp4,0.560454,2
video5.mp4,0.561281,2
video5.mp4,0.562162,2
video5.mp4,0.562989,2
video5.mp4,0.563816,2
video5.mp4,0.564642,2
video5.mp4,0.565469,2
video5.mp4,0.566296,2
video5.mp4,0.567122,2
video5.mp4,0.567949,2
video5.mp4,0.568831,2
video5.mp4,0.569657,2
video5.mp4,0.570484,2
video5.mp4,0.57131,2
video5.mp4,0.572137,2
video5.mp4,0.572964,2
video5.mp4,0.57379,2
video5.mp4,0.574672,2
video5.mp4,0.575499,2
video5.mp4,0.576325,2
video5.mp4,0.577152,2
video5.mp4,0.577979,2
video5.mp4,0.578805,2
video5.mp4,0.579632,2
video5.mp4,0.580459,2
video5.mp4,0.58134,2
video5.mp4,0.582167,2
video5.mp4,0.582993,2
video5.mp4,0.58382,2
video5.mp4,0.584647,2
video5.mp4,0.585473,2
video5.mp4,0.5863,2
video5.mp4,0.587182,2
video5.mp4,0.588008,2
video5.mp4,0.588835,2
video5.mp4,0.589662,2
video5.mp4,0.590488,2
video5.mp4,0.591315,2
video5.mp4,0.592142,2
video5.mp4,0.592968,2
video5.mp4,0.59385,2
video5.mp4,0.594677,2
video5.mp4,0.595503,2
video5.mp4,0.59633,2
video5.mp4,0.597156,2
video5.mp4,0.597983,2
video5.mp4,0.59881,2
video5.mp4,0.599691,2
video5.mp4,0.600518,2
video5.mp4,0.601345,2
video5.mp4,0.602171,2
video5.mp4,0.602998,2
video5.mp4,0.603825,2
video5.mp4,0.604651,2
video5.mp4,0.605478,2
video5.mp4,0.60636,2
video5.mp4,0.607186,2
video5.mp4,0.608013,2
video5.mp4,0.608839,2
video5.mp4,0.609666,2
video5.mp4,0.610493,2
video5.mp4,0.611319,2
video5.mp4,0.612201,2
video5.mp4,0.613028,2
video5.mp4,0.613854,2
video5.mp4,0.614681,2
video5.mp4,0.615508,2
video5.mp4,0.616334,2
video5.mp4,0.617161,2
video5.mp4,0.618043,2
video5.mp4,0.618869,2
video5.mp4,0.619696,2
video5.mp4,0.620522,2
video5.mp4,0.621349,2
video5.mp4,0.622176,2
video5.mp4,0.623002,2
video5.mp4,0.623829,2
video5.mp4,0.624711,2
video5.mp4,0.625537,2
video5.mp4,0.626364,2
video5.mp4,0.627191,2
video5.mp4,0.628017,2
video5.mp4,0.628844,2
video5.mp4,0.62967,2
video5.mp4,0.630552,2
video5.mp4,0.631379,2
video5.mp4,0.632205,2
video5.mp4,0.633032,2
video5.mp4,0.633859,2
video5.mp4,0.634685,2
video5.mp4,0.635512,2
video5.mp4,0.636339,2
video5.mp4,0.63722,2
video5.mp4,0.638047,2
video5.mp4,0.638874,2
video5.mp4,0.6397,2
video5.mp4,0.640527,2
video5.mp4,0.641353,2
video5.mp4,0.64218,2
video5.mp4,0.643062,2
video5.mp4,0.643888,2
video5.mp4,0.644715,2
video5.mp4,0.645542,2
video5.mp4,0.646368,2
video5.mp4,0.647195,2
video5.mp4,0.648022,2
video5.mp4,0.648848,2
video5.mp4,0.64973,2
video5.mp4,0.650557,3
video5.mp4,0.651383,3
video5.mp4,0.65221,3
video5.mp4,0.653036,3
video5.mp4,0.653863,3
video5.mp4,0.65469,3
video5.mp4,0.655571,3
video5.mp4,0.656398,3
video5.mp4,0.657225,3
video5.mp4,0.658051,3
video5.mp4,0.658878,3
video5.mp4,0.659705,3
video5.mp4,0.660531,3
video5.mp4,0.661358,3
video5.mp4,0.66224,3
video5.mp4,0.663066,3
video5.mp4,0.663893,3
video5.mp4,0.664719,3
video5.mp4,0.665546,3
video5.mp4,0.666373,3
video5.mp4,0.667199,3
video5.mp4,0.668081,3
video5.mp4,0.668908,3
video5.mp4,0.669734,3
video5.mp4,0.670561,3
video5.mp4,0.671388,3
video5.mp4,0.672214,3
video5.mp4,0.673041,3
video5.mp4,0.673868,3
video5.mp4,0.674749,3
video5.mp4,0.675576,3
video5.mp4,0.676403,3
video5.mp4,0.677229,3
video5.mp4,0.678056,3
video5.mp4,0.678882,3
video5.mp4,0.679709,3
video5.mp4,0.680591,3
video5.mp4,0.681417,3
video5.mp4,0.682244,3
video5.mp4,0.683071,3
video5.mp4,0.683897,3
video5.mp4,0.684724,3
video5.mp4,0.685551,3
video5.mp4,0.686432,3
video5.mp4,0.687259,3
video5.mp4,0.688086,3
video5.mp4,0.688912,3
video5.mp4,0.689739,3
video5.mp4,0.690565,3
video5.mp4,0.691392,3
video5.mp4,0.692219,3
video5.mp4,0.6931,3
video5.mp4,0.693927,3
video5.mp4,0.694754,3
video5.mp4,0.69558,3
video5.mp4,0.696407,3
video5.mp4,0.697234,3
video5.mp4,0.69806,3
video5.mp4,0.698942,3
video5.mp4,0.699769,3
video5.mp4,0.700595,3
video5.mp4,0.701422,3
video5.mp4,0.702248,3
video5.mp4,0.703075,3
video5.mp4,0.703902,3
video5.mp4,0.704728,3
video5.mp4,0.70561,3
video5.mp4,0.706437,3
video5.mp4,0.707263,3
video5.mp4,0.70809,3
video5.mp4,0.708917,3
video5.mp4,0.709743,3
video5.mp4,0.71057,3
video5.mp4,0.711452,3
video5.mp4,0.712278,3
video5.mp4,0.713105,3
video5.mp4,0.713931,3
video5.mp4,0.714758,3
video5.mp4,0.715585,3
video5.mp4,0.716411,3
video5.mp4,0.717238,3
video5.mp4,0.71812,3
video5.mp4,0.718946,3
video5.mp4,0.719773,3
video5.mp4,0.7206,3
video5.mp4,0.721426,3
video5.mp4,0.722253,3
video5.mp4,0.723079,3
video5.mp4,0.723961,3
video5.mp4,0.724788,3
video5.mp4,0.725614,3
video5.mp4,0.726441,3
video5.mp4,0.727268,3
video5.mp4,0.728094,3
video5.mp4,0.728921,3
video5.mp4,0.729748,3
video5.mp4,0.730629,3
video5.mp4,0.731456,3
video5.mp4,0.732283,3
video5.mp4,0.733109,3
video5.mp4,0.733936,3
video5.mp4,0.734762,3
video5.mp4,0.735589,3
video5.mp4,0.736471,3
video5.mp4,0.737297,3
video5.mp4,0.738124,3
video5.mp4,0.738951,3
video5.mp4,0.739777,3
video5.mp4,0.740604,3
video5.mp4,0.741431,3
video5.mp4,0.742312,3
video5.mp4,0.743139,3
video5.mp4,0.743966,3
video5.mp4,0.744792,3
video5.mp4,0.745619,3
video5.mp4,0.746445,3
video5.mp4,0.747272,3
video5.mp4,0.748099,3
video5.mp4,0.74898,3
video5.mp4,0.749807,3
video5.mp4,0.750634,3
video5.mp4,0.75146,3
video5.mp4,0.752287,3
video5.mp4,0.753114,3
video5.mp4,0.75394,3
video5.mp4,0.754822,3
video5.mp4,0.755649,3
video5.mp4,0.756475,3
video5.mp4,0.757302,3
video5.mp4,0.758129,3
video5.mp4,0.758955,3
video5.mp4,0.759782,3
video5.mp4,0.760608,3
video5.mp4,0.76149,3
video5.mp4,0.762317,3
video5.mp4,0.763143,3
video5.mp4,0.76397,3
video5.mp4,0.764797,3
video5.mp4,0.765623,3
video5.mp4,0.76645,3
video5.mp4,0.767332,3
video5.mp4,0.768158,3
video5.mp4,0.768985,3
video5.mp4,0.769812,3
video5.mp4,0.770638,3
video5.mp4,0.771465,3
video5.mp4,0.772291,3
video5.mp4,0.773118,3
video5.mp4,0.774,3
video5.mp4,0.774826,3
video5.mp4,0.775653,3
video5.mp4,0.77648,3
video5.mp4,0.777306,3
video5.mp4,0.778133,3
video5.mp4,0.77896,3
video5.mp4,0.779841,3
video5.mp4,0.780668,3
video5.mp4,0.781495,3
video5.mp4,0.782321,3
video5.mp4,0.783148,3
video5.mp4,0.783974,3
video5.mp4,0.784801,3
video5.mp4,0.785628,3
video5.mp4,0.786509,3
video5.mp4,0.787336,3
video5.mp4,0.788163,3
video5.mp4,0.788989,3
video5.mp4,0.789816,3
video5.mp4,0.790643,3
video5.mp4,0.791469,3
video5.mp4,0.792351,3
video5.mp4,0.793178,3
video5.mp4,0.794004,3
video5.mp4,0.794831,3
video5.mp4,0.795657,3
video5.mp4,0.796484,3
video5.mp4,0.797311,3
video5.mp4,0.798192,3
video5.mp4,0.799019,3
video5.mp4,0.799846,3
video5.mp4,0.800672,3
video5.mp4,0.801499,3
video5.mp4,0.802326,3
video5.mp4,0.803152,3
video5.mp4,0.803979,3
video5.mp4,0.804861,3
video5.mp4,0.805687,3
video5.mp4,0.806514,3
video5.mp4,0.80734,3
video5.mp4,0.808167,3
video5.mp4,0.808994,3
video5.mp4,0.80982,3
video5.mp4,0.810702,3
video5.mp4,0.811529,3
video5.mp4,0.812355,3
video5.mp4,0.813182,3
video5.mp4,0.814009,3
video5.mp4,0.814835,3
video5.mp4,0.815662,3
video5.mp4,0.816488,3
video5.mp4,0.81737,3
video5.mp4,0.818197,3
video5.mp4,0.819023,3
video5.mp4,0.81985,3
video5.mp4,0.820677,3
video5.mp4,0.821503,3
video5.mp4,0.82233,3
video5.mp4,0.823212,3
video5.mp4,0.824038,3
video5.mp4,0.824865,3
video5.mp4,0.825692,3
video5.mp4,0.826518,3
video5.mp4,0.827345,3
video5.mp4,0.828171,3
video5.mp4,0.828998,3
video5.mp4,0.82988,3
video5.mp4,0.830706,3
video5.mp4,0.831533,3
video5.mp4,0.83236,3
video5.mp4,0.833186,3
video5.mp4,0.834013,3
video5.mp4,0.83484,3
video5.mp4,0.835721,3
video5.mp4,0.836548,3
video5.mp4,0.837375,3
video5.mp4,0.838201,3
video5.mp4,0.839028,3
video5.mp4,0.839855,3
video5.mp4,0.840681,3
video5.mp4,0.841508,3
video5.mp4,0.84239,3
video5.mp4,0.843216,3
video5.mp4,0.844043,3
video5.mp4,0.844869,3
video5.mp4,0.845696,3
video5.mp4,0.846523,3
video5.mp4,0.847349,3
video5.mp4,0.848231,3
video5.mp4,0.849058,3
video5.mp4,0.849884,3
video5.mp4,0.850711,4
video5.mp4,0.851538,4
video5.mp4,0.852364,4
video5.mp4,0.853191,4
video5.mp4,0.854073,4
video5.mp4,0.854899,4
video5.mp4,0.855726,4
video5.mp4,0.856552,4
video5.mp4,0.857379,4
video5.mp4,0.858206,4
video5.mp4,0.859032,4
video5.mp4,0.859859,4
video5.mp4,0.860741,4
video5.mp4,0.861567,4
video5.mp4,0.862394,4
video5.mp4,0.863221,4
video5.mp4,0.864047,4
video5.mp4,0.864874,4
video5.mp4,0.8657,4
video5.mp4,0.866582,4
video5.mp4,0.867409,4
video5.mp4,0.868235,4
video5.mp4,0.869062,4
video5.mp4,0.869889,4
video5.mp4,0.870715,4
video5.mp4,0.871542,4
video5.mp4,0.872369,4
video5.mp4,0.87325,4
video5.mp4,0.874077,4
video5.mp4,0.874904,4
video5.mp4,0.87573,4
video5.mp4,0.876557,4
video5.mp4,0.877383,4
video5.mp4,0.87821,4
video5.mp4,0.879092,4
video5.mp4,0.879918,4
video5.mp4,0.880745,4
video5.mp4,0.881572,4
video5.mp4,0.882398,4
video5.mp4,0.883225,4
video5.mp4,0.884052,4
video5.mp4,0.884878,4
video5.mp4,0.88576,4
video5.mp4,0.886587,4
video5.mp4,0.887413,4
video5.mp4,0.88824,4
video5.mp4,0.889066,4
video5.mp4,0.889893,4
video5.mp4,0.89072,4
video5.mp4,0.891601,4
video5.mp4,0.892428,4
video5.mp4,0.893255,4
video5.mp4,0.894081,4
video5.mp4,0.894908,4
video5.mp4,0.895735,4
video5.mp4,0.896561,4
video5.mp4,0.897388,4
video5.mp4,0.89827,4
video5.mp4,0.899096,4
video5.mp4,0.899923,4
video5.mp4,0.900749,4
video5.mp4,0.901576,4
video5.mp4,0.902403,4
video5.mp4,0.903229,4
video5.mp4,0.904111,4
video5.mp4,0.904938,4
video5.mp4,0.905764,4
video5.mp4,0.906591,4
video5.mp4,0.907418,4
video5.mp4,0.908244,4
video5.mp4,0.909071,4
video5.mp4,0.909897,4
video5.mp4,0.910779,4
video5.mp4,0.911606,4
video5.mp4,0.912432,4
video5.mp4,0.913259,4
video5.mp4,0.914086,4
video5.mp4,0.914912,4
video5.mp4,0.915739,4
video5.mp4,0.916621,4
video5.mp4,0.917447,4
video5.mp4,0.918274,4
video5.mp4,0.919101,4
video5.mp4,0.919927,4
video5.mp4,0.920754,4
video5.mp4,0.921581,4
video5.mp4,0.922462,4
video5.mp4,0.923289,4
video5.mp4,0.924116,4
video5.mp4,0.924942,4
video5.mp4,0.925769,4
video5.mp4,0.926595,4
video5.mp4,0.927422,4
video5.mp4,0.928249,4
video5.mp4,0.92913,4
video5.mp4,0.929957,4
video5.mp4,0.930784,4
video5.mp4,0.93161,4
video5.mp4,0.932437,4
video5.mp4,0.933264,4
video5.mp4,0.93409,4
video5.mp4,0.934972,4
video5.mp4,0.935799,4
video5.mp4,0.936625,4
video5.mp4,0.937452,4
video5.mp4,0.938278,4
video5.mp4,0.939105,4
video5.mp4,0.939932,4
video5.mp4,0.940758,4
video5.mp4,0.94164,4
video5.mp4,0.942467,4
video5.mp4,0.943293,4
video5.mp4,0.94412,4
video5.mp4,0.944947,4
video5.mp4,0.945773,4
video5.mp4,0.9466,4
video5.mp4,0.947482,4
video5.mp4,0.948308,4
video5.mp4,0.949135,4
video5.mp4,0.949961,4
video5.mp4,0.950788,4
video5.mp4,0.951615,4
video5.mp4,0.952441,4
video5.mp4,0.953268,4
video5.mp4,0.95415,4
video5.mp4,0.954976,4
video5.mp4,0.955803,4
video5.mp4,0.95663,4
video5.mp4,0.957456,4
video5.mp4,0.958283,4
video5.mp4,0.959109,4
video5.mp4,0.959991,4
video5.mp4,0.960818,4
video5.mp4,0.961644,4
video5.mp4,0.962471,4
video5.mp4,0.963298,4
video5.mp4,0.964124,4
video5.mp4,0.964951,4
video5.mp4,0.965778,4
video5.mp4,0.966659,4
video5.mp4,0.967486,4
video5.mp4,0.968313,4
video5.mp4,0.969139,4
video5.mp4,0.969966,4
video5.mp4,0.970792,4
video5.mp4,0.971619,4
video5.mp4,0.972501,4
video5.mp4,0.973327,4
video5.mp4,0.974154,4
video5.mp4,0.974981,4
video5.mp4,0.975807,4
video5.mp4,0.976634,4
video5.mp4,0.977461,4
video5.mp4,0.978342,4
video5.mp4,0.979169,4
video5.mp4,0.979996,4
video5.mp4,0.980822,4
video5.mp4,0.981649,4
video5.mp4,0.982475,4
video5.mp4,0.983302,4
video5.mp4,0.984129,4
video5.mp4,0.98501,4
video5.mp4,0.985837,4
video5.mp4,0.986664,4
video5.mp4,0.98749,4
video5.mp4,0.988317,4
video5.mp4,0.989144,4
video5.mp4,0.98997,4
video5.mp4,0.990852,4
video5.mp4,0.991679,4
video5.mp4,0.992505,4
video5.mp4,0.993332,4
video5.mp4,0.994158,4
video5.mp4,0.994985,4
video5.mp4,0.995812,4
video5.mp4,0.996638,4
video5.mp4,0.99752,4
video5.mp4,0.998347,4
video5.mp4,0.999173,4
video5.mp4,1.0,4
